customer_key,customer_id,age,gender,state,city,customer_type,customer_segment,loan_type,customer_since_date,age_group,region
1,5f21f3ab-9331-457e-a966-b455e5def9f9,25,F,Maharashtra,Pune,Retail,Premium,Credit Card,2022-10-29,18-25,West
2,cb511a66-756d-43b4-a5bd-280c08f008f5,48,F,Delhi,Delhi,Retail,Mass,Personal Loan,2022-02-25,46-55,North
3,6f5be536-f463-427d-bfb3-f3ed64d3ad2f,23,F,Uttar Pradesh,Noida,Retail,Premium,Personal Loan,2023-12-03,18-25,North
4,5c834755-4b8e-43d7-85e4-c438f08b6a64,34,M,Tamil Nadu,Chennai,Retail,High Value,Credit Card,2023-03-30,26-35,South
5,876d52cf-b94f-431e-912a-2b1259c5af1f,30,M,Maharashtra,Mumbai,Retail,Premium,Credit Card,2022-10-07,26-35,West
6,4c78f232-116a-4bd8-b6ee-32e0bbc42f60,39,F,Kerala,Kochi,Retail,High Value,Home Loan,2025-03-27,36-45,South
7,1fb576a7-aa7a-48b7-b409-38168ac16d35,30,F,Maharashtra,Pune,Retail,Mass,Personal Loan,2024-11-04,26-35,West
8,9461885d-a94d-4339-92f4-6c9a144fb880,34,M,Haryana,Gurugram,Retail,Mass,Personal Loan,2025-07-07,26-35,North
9,58d2cd11-51ca-4979-8ceb-9ff56d34baf1,35,F,Maharashtra,Mumbai,Retail,Mass,Credit Card,2024-12-01,26-35,West
10,11ef5130-6a78-40a7-ad5a-9d4a69d0e368,29,M,Delhi,Delhi,Retail,Premium,Credit Card,2023-08-08,26-35,North
11,2af93a57-5712-4210-b284-3e6b9152da7b,43,F,Delhi,Delhi,SME,High Value,None,2020-11-13,36-45,North
12,53bdb61b-d4f0-4ea2-bc34-13f6ea0fb27f,40,F,West Bengal,Kolkata,Retail,Premium,Auto Loan,2020-12-13,36-45,East
13,139c6aec-bfe1-4f65-b258-11a2ffefb52f,36,F,Tamil Nadu,Chennai,Retail,Mass,Credit Card,2021-10-29,36-45,South
14,d600e801-a8e2-4e8f-9592-a08d0fb98d32,32,M,Haryana,Gurugram,Retail,Mass,Home Loan,2022-12-13,26-35,North
15,b6310514-234a-429f-8a2f-7264b22a3ad3,47,F,Delhi,Delhi,Retail,Premium,Personal Loan,2024-11-22,46-55,North
16,6139558d-4e3c-4f1e-b849-369ea4a6391e,35,M,Karnataka,Bengaluru,Retail,High Value,Credit Card,2024-01-16,26-35,South
17,81b96e6a-4b8e-433d-81fa-6fc5f9ccb2d9,34,F,Telangana,Hyderabad,SME,Mass,Auto Loan,2021-10-22,26-35,South
18,8bd1ef46-c614-4ff1-84f7-15c029b9252d,39,M,Maharashtra,Mumbai,Retail,Mass,Credit Card,2021-01-10,36-45,West
19,97a4b621-2e96-455a-9ed4-1e71091d263b,58,F,Haryana,Gurugram,Retail,Mass,None,2020-09-24,56-65,North
20,b284012d-f2c7-4bb3-a9de-4240ec1c1ff6,21,F,Tamil Nadu,Chennai,Retail,Mass,Personal Loan,2023-11-16,18-25,South
21,4743bb32-6364-4a52-b9a3-4a92aa42c1f8,47,M,Maharashtra,Pune,Retail,Wealth,Personal Loan,2023-05-04,46-55,West
22,3f09bc14-8cf5-4de0-aacb-757489132512,18,M,Delhi,Delhi,SME,Mass,Credit Card,2023-03-20,18-25,North
23,596afbae-9222-4ae7-b266-6ef6aa93a3e6,40,F,Kerala,Kochi,Retail,Mass,Auto Loan,2025-09-11,36-45,South
24,a0855e8f-3e81-47bc-8b0d-61a79ffd112b,56,M,Gujarat,Ahmedabad,Retail,Mass,Personal Loan,2025-05-14,56-65,West
25,54db58d8-0f67-4966-8c34-cfcf84a70d66,43,M,Maharashtra,Pune,Retail,Mass,Home Loan,2025-10-03,36-45,West
26,81d167bf-cde6-4013-a71a-6967aafa8527,40,M,Maharashtra,Mumbai,Retail,Wealth,Personal Loan,2021-12-19,36-45,West
27,7644dbb7-e99c-4c11-9d8b-e84f3d1fc390,31,M,Delhi,Delhi,Retail,Mass,Credit Card,2024-10-10,26-35,North
28,6336bd89-f783-4999-ae2e-d7485644424b,38,F,Maharashtra,Mumbai,Retail,Mass,Credit Card,2022-03-03,36-45,West
29,1a469631-09e8-4e0e-b427-7e3123ab16c4,34,F,Maharashtra,Mumbai,Retail,Mass,Personal Loan,2023-12-13,26-35,West
30,e16e87ab-2bf5-42df-a8aa-49a24602a3a1,28,M,Tamil Nadu,Chennai,Retail,Wealth,Credit Card,2021-08-27,26-35,South
31,0e9e3dbf-5a14-4659-b1db-c33f408a1ff8,34,M,Maharashtra,Pune,SME,Wealth,Credit Card,2025-05-15,26-35,West
32,b6c516d7-29f0-4367-af10-4f5e98a429ad,40,M,Rajasthan,Jaipur,Retail,Mass,Credit Card,2024-03-22,36-45,North
33,b4b49bf4-1f38-472b-8954-3de7344523ff,28,M,Karnataka,Bengaluru,Retail,Premium,Personal Loan,2024-11-18,26-35,South
34,0b55ae82-c829-4cfb-b4f6-330c0ba1f629,28,F,Delhi,Delhi,Retail,Mass,Personal Loan,2023-08-13,26-35,North
35,053fab60-2b01-4b67-8e3c-fe226ad20b02,21,M,Delhi,Delhi,Retail,Mass,None,2022-12-05,18-25,North
36,a2de61b3-9671-4b7c-8e66-7996a1e2c89d,42,M,Maharashtra,Mumbai,Retail,Mass,Credit Card,2025-01-30,36-45,West
37,3649bac1-0f16-4e31-821e-32069135c0fe,44,F,Maharashtra,Mumbai,Retail,Premium,Home Loan,2022-05-09,36-45,West
38,e818f455-9d93-4fe8-8b8a-97e09e198a68,40,M,Delhi,Delhi,Retail,High Value,Credit Card,2020-09-20,36-45,North
39,6c53d7bc-467a-4b31-852a-6dffc47c07f4,49,F,Karnataka,Bengaluru,Retail,Mass,Home Loan,2025-10-07,46-55,South
40,aaa57b9b-c83e-4ee3-81b4-ea9b9e7e72da,39,M,Tamil Nadu,Chennai,Retail,Mass,Personal Loan,2025-07-13,36-45,South
41,b7560db7-98c6-4edf-a1e3-570ae0d7b25e,42,M,Delhi,Delhi,Retail,Mass,Credit Card,2020-10-15,36-45,North
42,600d9698-333b-401a-87f3-0242e83fdb18,41,M,Uttar Pradesh,Noida,Retail,Mass,Credit Card,2022-06-13,36-45,North
43,91e2f132-9a63-45d6-9893-817a464c3b23,36,F,Maharashtra,Pune,Retail,Mass,Personal Loan,2020-12-19,36-45,West
44,4e46ce15-01c9-443c-b403-7670aaa27c18,31,F,Karnataka,Bengaluru,Retail,Mass,Personal Loan,2022-02-21,26-35,South
45,e596350c-3fa9-4b25-81f2-ceb76c0a03fb,64,M,Uttar Pradesh,Noida,Retail,Wealth,Credit Card,2022-01-28,56-65,North
46,b0cfd6cc-d9da-4a0f-bb1e-24e32cd7b8ae,32,M,Haryana,Gurugram,Corporate,Mass,Auto Loan,2025-02-20,26-35,North
47,0a88a0f6-3e86-4f90-999e-40b26a6b4b43,30,M,Delhi,Delhi,Retail,High Value,Credit Card,2023-03-15,26-35,North
48,a0c3372c-3169-47ed-822c-fa0f50c4146e,43,F,Karnataka,Bengaluru,Retail,Mass,Personal Loan,2024-01-02,36-45,South
49,7fc89cad-29fc-4c6f-9302-a16a28cef51f,41,F,Tamil Nadu,Chennai,Retail,Mass,None,2021-06-09,36-45,South
50,a86fbd50-8f2f-48b8-bd5c-4f10b6cb248b,21,F,Maharashtra,Mumbai,Retail,Mass,Personal Loan,2025-10-07,18-25,West
51,f3bb229e-5b5a-45dd-a565-7d5a942f43dc,51,F,Maharashtra,Mumbai,Retail,High Value,Personal Loan,2025-11-26,46-55,West
52,2b0f7fdf-076c-4346-9386-dea3226dfde3,36,M,Maharashtra,Mumbai,Retail,Mass,None,2022-12-15,36-45,West
53,845f9caa-c15a-4b55-83e4-7eb640b8ba40,24,F,Haryana,Gurugram,Retail,Mass,Home Loan,2020-09-09,18-25,North
54,bbbd1dae-3ccb-4789-954c-6c1a397f3e85,52,F,Tamil Nadu,Chennai,Retail,Premium,Auto Loan,2020-07-22,46-55,South
55,cca52780-9468-49db-94e3-f400180a70d7,45,M,Maharashtra,Pune,Retail,Premium,Home Loan,2022-10-02,36-45,West
56,c625d625-ac21-4e8a-8f88-8bb1e3d5b734,22,F,Haryana,Gurugram,Retail,Premium,Credit Card,2023-08-26,18-25,North
57,08737f20-673b-48de-b68c-6282889f98d1,59,M,Delhi,Delhi,Corporate,Mass,Personal Loan,2024-07-05,56-65,North
58,72871fb0-136c-4bc9-943e-fdb3fa969611,45,F,Telangana,Hyderabad,Corporate,Mass,Personal Loan,2020-07-31,36-45,South
59,9315fa84-0422-4c34-91ed-9990dd35c325,37,F,Maharashtra,Mumbai,Retail,Premium,Auto Loan,2024-12-31,36-45,West
60,7a941c61-b91b-47d7-b5ff-c73060fe9fc9,57,F,Maharashtra,Mumbai,Retail,Premium,Auto Loan,2025-04-24,56-65,West
61,437b1c9c-aa2e-4dbe-bc41-06b40e203b94,39,M,Tamil Nadu,Chennai,Retail,Premium,Credit Card,2023-03-22,36-45,South
62,df2741fc-1aa8-477a-a67f-7dc06cec71a3,37,M,Delhi,Delhi,Retail,Mass,Credit Card,2023-11-09,36-45,North
63,1c5a2655-0ffd-4056-bcdb-02167452e1a3,30,F,Telangana,Hyderabad,Retail,Mass,Personal Loan,2023-04-16,26-35,South
64,f9802328-6084-4de9-9cef-8224307acce5,44,F,Maharashtra,Pune,Retail,High Value,Personal Loan,2021-01-24,36-45,West
65,d2824b47-2a07-487b-a792-7ac6703c5ace,43,M,Tamil Nadu,Chennai,Corporate,Premium,Auto Loan,2024-07-11,36-45,South
66,15f2e22c-70e6-44bf-8d51-9c3136b22b5b,38,F,Telangana,Hyderabad,Retail,Mass,Personal Loan,2021-03-15,36-45,South
67,081dc0e7-25c7-4db5-a2a6-ec884bcbb396,28,M,Telangana,Hyderabad,Retail,High Value,Credit Card,2024-11-04,26-35,South
68,3d5abc86-f728-43f4-8050-13267ace1fed,39,F,Karnataka,Bengaluru,Retail,Mass,Auto Loan,2024-03-25,36-45,South
69,a034b610-0fb4-4c5f-bd95-d278605a3a25,37,F,Maharashtra,Mumbai,Retail,Mass,Credit Card,2025-12-24,36-45,West
70,00ef19bb-94b3-4aca-9cd3-7ca7b1a22d26,21,M,Delhi,Delhi,SME,Mass,Credit Card,2022-04-15,18-25,North
71,b09a0bd0-ac15-43a1-8bf2-42b4a7a24b4c,20,M,Karnataka,Bengaluru,Retail,Premium,Personal Loan,2021-04-21,18-25,South
72,53af975f-1c46-4a93-b633-c44bc9a92225,44,F,Delhi,Delhi,Retail,Mass,Personal Loan,2021-02-24,36-45,North
73,6f802b01-0be3-4982-92a8-ac2bac6ebd6b,18,F,Uttar Pradesh,Noida,Retail,Mass,Personal Loan,2025-02-01,18-25,North
74,d3ab3714-de4f-497f-a106-9b4c15ae8007,40,F,Karnataka,Bengaluru,Retail,Premium,Personal Loan,2021-10-21,36-45,South
75,4dd6ba58-f2f9-4293-b4d2-8f67cbf91fd1,32,M,Maharashtra,Mumbai,Retail,Mass,Personal Loan,2025-03-25,26-35,West
76,26bed209-95d9-40fc-833a-d241327721f9,53,O,Karnataka,Bengaluru,Retail,High Value,Personal Loan,2022-07-25,46-55,South
77,c6c92d19-8d4b-4379-be3a-9ff2e9d38923,32,M,Karnataka,Bengaluru,Retail,Mass,Personal Loan,2022-02-27,26-35,South
78,cc26f995-248e-466a-8648-0b5c7a557616,45,M,Tamil Nadu,Chennai,Retail,Mass,Personal Loan,2025-03-02,36-45,South
79,f70ede28-4122-4072-96a8-33ae1938a8f2,33,M,Telangana,Hyderabad,Retail,Premium,None,2025-05-25,26-35,South
80,462cdfd0-72c0-4989-8e6e-7247b1aa839b,39,F,Haryana,Gurugram,Retail,Premium,Personal Loan,2025-08-08,36-45,North
81,fa98f0da-15e5-4fb5-bea3-ed4c8dfda01a,46,F,Tamil Nadu,Chennai,Retail,Mass,Credit Card,2022-02-15,46-55,South
82,d3b012df-a1f6-4005-a54c-380c6083c176,32,F,Delhi,Delhi,Retail,Premium,Auto Loan,2022-08-21,26-35,North
83,74a2c994-25c4-4242-85e0-e4f426234d77,49,F,Haryana,Gurugram,Retail,High Value,Personal Loan,2025-05-08,46-55,North
84,65c09752-0278-4f6a-8ddc-b35625186e97,26,M,Maharashtra,Mumbai,Retail,Premium,Credit Card,2023-04-07,26-35,West
85,7503e2c8-f45e-4751-97c7-3ac0c369fec1,41,M,Maharashtra,Mumbai,Retail,Premium,Home Loan,2021-08-24,36-45,West
86,fa070f74-ae89-4ef9-b665-67b57c7c5192,49,M,Maharashtra,Mumbai,Retail,Mass,Credit Card,2024-09-12,46-55,West
87,24b35797-27c7-4fe9-b6df-acb7de0e8fb6,45,M,Maharashtra,Pune,Retail,Mass,Personal Loan,2022-09-08,36-45,West
88,2501f61e-ff1f-4c5f-b966-c7219397ed03,60,M,Delhi,Delhi,Corporate,Mass,Credit Card,2024-05-26,56-65,North
89,199a98e5-fc61-45e3-905e-60854eb5d13f,28,F,Maharashtra,Mumbai,Retail,Mass,Credit Card,2024-07-28,26-35,West
90,c8f5953a-c569-4659-a172-490c1a1dc263,21,F,Telangana,Hyderabad,Retail,Premium,Credit Card,2023-11-09,18-25,South
91,30b20627-2d25-4cfa-bf8e-856bd605637a,26,F,Maharashtra,Mumbai,Retail,Mass,Personal Loan,2024-01-28,26-35,West
92,fb63c0ff-7448-4210-9992-584e0d606b3e,45,M,Tamil Nadu,Chennai,Retail,Mass,Personal Loan,2023-04-16,36-45,South
93,898bf021-bc75-4d24-a64b-d2eb0f793be0,43,M,Delhi,Delhi,Retail,Mass,Home Loan,2024-11-17,36-45,North
94,35d2e749-4965-4aa4-8d37-42bedf6f2b78,39,M,Delhi,Delhi,Retail,Mass,Personal Loan,2023-11-13,36-45,North
95,3a0c7321-7383-422d-9885-c4afeeab6650,24,M,Karnataka,Bengaluru,Retail,Mass,Personal Loan,2022-08-06,18-25,South
96,1e9a4441-b1c0-4aa4-9205-87e225008ae1,47,M,Tamil Nadu,Chennai,Retail,Premium,Credit Card,2023-11-19,46-55,South
97,2f643e12-4d39-4095-afa7-c22b31efc33e,23,M,Delhi,Delhi,Retail,Mass,Auto Loan,2022-05-30,18-25,North
98,0c2299f9-877e-45d7-8e48-3441d98919c4,51,M,Maharashtra,Mumbai,Retail,Mass,Personal Loan,2025-05-15,46-55,West
99,05282a14-494e-4902-9e00-c9148c7b5a0d,72,F,Maharashtra,Mumbai,Retail,Mass,Personal Loan,2025-04-01,65+,West
100,e721d488-823a-4d6b-9ae8-6b374a6c0154,42,M,Rajasthan,Jaipur,SME,Premium,Credit Card,2021-04-06,36-45,North
101,b2283d4a-a489-41a2-bcba-f3b716e8c33d,44,M,Gujarat,Ahmedabad,Retail,Mass,Credit Card,2023-06-23,36-45,West
102,01fa9ade-2d85-41f7-a4d8-604fc140dfcc,32,M,Tamil Nadu,Chennai,Retail,Mass,Credit Card,2022-09-01,26-35,South
103,290d33a0-1d2e-40cd-bfbc-27214387c76c,18,M,Karnataka,Bengaluru,Retail,Mass,Auto Loan,2021-12-14,18-25,South
104,8d56151b-d7f8-4568-9ea2-b4c9bb28abfa,30,M,Rajasthan,Jaipur,Retail,Mass,Personal Loan,2025-03-15,26-35,North
105,058d0c0c-ba99-4243-8df2-1122dccb1156,24,M,Maharashtra,Pune,Retail,High Value,Personal Loan,2020-09-05,18-25,West
106,e12568c0-9d13-41f3-9743-13cd74a97382,20,F,Maharashtra,Pune,Retail,Premium,Credit Card,2023-09-07,18-25,West
107,d3391f3f-aca3-4458-83e1-e62d23136544,58,M,Delhi,Delhi,Retail,Wealth,Personal Loan,2021-02-17,56-65,North
108,a99ac5be-a877-446a-8ea1-96c423928e70,41,F,Karnataka,Bengaluru,Retail,High Value,Credit Card,2023-09-21,36-45,South
109,62feab57-cc8e-4a4d-a18f-a735c0d03c63,42,M,Maharashtra,Mumbai,Retail,Mass,Home Loan,2023-10-13,36-45,West
110,8d0d99ff-9e51-45a2-9549-7b6ab746efb1,34,M,Gujarat,Ahmedabad,Retail,Mass,Personal Loan,2022-09-18,26-35,West
111,7d12164b-ebd8-4ee5-9cd3-a7a724746a4f,35,M,Delhi,Delhi,SME,Mass,Credit Card,2024-12-16,26-35,North
112,37170b9c-1d19-4313-bb0e-295d45a26115,49,M,Karnataka,Bengaluru,Retail,Mass,Personal Loan,2022-09-02,46-55,South
113,23e8b223-d6c9-4ecc-8886-f7bbcec1b7c5,37,M,Karnataka,Bengaluru,Retail,Mass,Credit Card,2020-08-14,36-45,South
114,208b5146-c95e-403b-a4ac-f714a7bf160e,44,F,Telangana,Hyderabad,Retail,Mass,Credit Card,2022-06-21,36-45,South
115,238d9f37-ce2c-467f-8089-bfd884a0e9c8,35,M,Maharashtra,Mumbai,Retail,Mass,Credit Card,2025-08-14,26-35,West
116,fb1e0996-33c1-4886-a53e-597ce9a23796,33,F,Uttar Pradesh,Noida,SME,Mass,Personal Loan,2022-03-08,26-35,North
117,e244ea86-16f2-49c0-9e07-cf21420aae56,21,M,Maharashtra,Pune,Retail,Premium,None,2025-10-27,18-25,West
118,ede9944a-0629-4632-8593-993064ea955a,18,M,Maharashtra,Pune,Retail,Premium,Auto Loan,2025-06-09,18-25,West
119,54c40bcd-cdf2-4636-b0e6-c3fa800c3b3b,34,M,Delhi,Delhi,Retail,Wealth,Home Loan,2024-06-11,26-35,North
120,641c5b79-08fe-4e34-ad91-5ff18cfad28c,38,M,Tamil Nadu,Chennai,Retail,Mass,Auto Loan,2024-05-02,36-45,South
121,5b50f829-256d-4799-957d-acd37d92e8b8,22,M,Telangana,Hyderabad,Retail,Mass,Personal Loan,2025-12-25,18-25,South
122,0722159b-f37b-46bf-be57-e2d95327e04e,37,F,Tamil Nadu,Chennai,Corporate,Wealth,Credit Card,2025-11-28,36-45,South
123,f4717260-6487-437b-8106-471f26eb0e66,38,F,Maharashtra,Mumbai,Retail,Premium,Personal Loan,2021-09-06,36-45,West
124,5b8c0e3c-e39a-440b-b425-e531665147bf,18,O,Delhi,Delhi,Retail,Mass,Auto Loan,2023-07-07,18-25,North
125,9365ca18-8123-4f25-a109-3e38d8f3c34f,27,M,Maharashtra,Mumbai,Retail,Mass,Personal Loan,2024-11-28,26-35,West
126,318c59c6-20f5-4217-ab8e-3cd633ad7ba0,42,F,Delhi,Delhi,Retail,Mass,Personal Loan,2023-08-27,36-45,North
127,218e6812-b7d7-4cf1-acbe-def5795ec5b1,42,F,Karnataka,Bengaluru,Corporate,High Value,Credit Card,2022-03-18,36-45,South
128,47693ca8-e743-4600-83e4-4904d3f714dd,24,F,Maharashtra,Mumbai,Retail,Premium,Personal Loan,2021-12-25,18-25,West
129,46b94546-2bff-40a4-bab9-0a17e79bd4f7,39,F,Maharashtra,Mumbai,Retail,Mass,Credit Card,2024-06-04,36-45,West
130,516ebcd4-3716-49b0-b520-28525579ff43,50,F,Telangana,Hyderabad,Retail,Mass,Personal Loan,2025-02-01,46-55,South
131,dc7f8164-97ce-43db-a990-83a7a9687a90,47,F,Maharashtra,Mumbai,Retail,Mass,Credit Card,2020-10-01,46-55,West
132,5c9809fe-95c0-40f9-8edf-baeeb0001630,36,F,West Bengal,Kolkata,Retail,Mass,Auto Loan,2022-07-19,36-45,East
133,3551a6c0-8b71-44bd-9007-167be18a25da,32,M,Telangana,Hyderabad,Retail,Premium,Credit Card,2020-08-15,26-35,South
134,703f99d7-b138-45b8-85ae-a66db1feb026,30,F,Karnataka,Bengaluru,Retail,Mass,Personal Loan,2024-04-28,26-35,South
135,c929c24e-0738-4934-9431-6630010caa28,43,M,Telangana,Hyderabad,Retail,Mass,Personal Loan,2025-05-24,36-45,South
136,a13c82cd-cb72-4b11-a36a-69144751f7a7,40,F,Maharashtra,Mumbai,Retail,Mass,Personal Loan,2023-11-30,36-45,West
137,b64b8147-f56f-4075-8bc9-3ac5f4edf6f1,45,F,Rajasthan,Jaipur,Retail,High Value,Personal Loan,2024-03-17,36-45,North
138,1b3b4977-2f99-4124-8c43-2b4f3a0d7cb1,39,M,Delhi,Delhi,Retail,Mass,Credit Card,2022-01-24,36-45,North
139,72bca151-94bb-4e63-9bda-a4b547fd047b,47,M,Haryana,Gurugram,Retail,Mass,Personal Loan,2022-01-30,46-55,North
140,f6d5fdef-9ad0-42b6-b24b-7afb4a029af7,39,M,Maharashtra,Mumbai,Retail,Premium,Personal Loan,2025-08-11,36-45,West
141,555fb17f-706f-45b8-9d97-c98f1a5deeee,47,M,Delhi,Delhi,Retail,Premium,Personal Loan,2022-10-14,46-55,North
142,50dd20ff-5bf1-4ad5-a164-9e679b3eaf91,48,M,Delhi,Delhi,Retail,Premium,Auto Loan,2024-02-16,46-55,North
143,70249dc7-2653-4314-90aa-25c4452893d5,28,F,West Bengal,Kolkata,Retail,High Value,Personal Loan,2022-08-21,26-35,East
144,3cff711e-81cb-4a3c-9ca9-81fc7ef0ce31,18,F,Telangana,Hyderabad,Retail,Mass,Personal Loan,2023-11-11,18-25,South
145,d5800e70-469f-416f-946b-3aec60ad86bc,56,F,Delhi,Delhi,Retail,High Value,Credit Card,2023-01-23,56-65,North
146,35672fc1-384a-4abb-a158-5de4967568a4,41,M,Karnataka,Bengaluru,Retail,High Value,Personal Loan,2022-01-31,36-45,South
147,98966b31-19ae-4c60-b6bd-6a3f88642b6a,18,M,Karnataka,Bengaluru,Retail,Mass,Auto Loan,2024-05-25,18-25,South
148,1904494e-6c06-4e35-b64f-04c12328dff3,29,M,Telangana,Hyderabad,Retail,Premium,Personal Loan,2024-11-29,26-35,South
149,51aaa7be-3321-49cf-b6f6-346b3468fe0a,47,F,Delhi,Delhi,Retail,Mass,Credit Card,2022-02-20,46-55,North
150,e67593f6-3b56-4e81-bb94-5f5b3b9771f7,34,M,Maharashtra,Mumbai,Retail,Mass,Credit Card,2020-10-25,26-35,West
151,8c7dccbc-50cd-4c0d-a681-d1c77f4701cf,31,M,Haryana,Gurugram,Corporate,Mass,Home Loan,2023-07-28,26-35,North
152,80e38e78-1634-45a5-ba44-629ea98a4b2e,54,M,Gujarat,Ahmedabad,Retail,Mass,Credit Card,2020-07-16,46-55,West
153,f2a58ebf-97e6-4f14-b529-1289dcf19212,25,F,Maharashtra,Mumbai,Retail,Wealth,Home Loan,2024-12-28,18-25,West
154,d7cc7363-342c-4527-9598-5e5eb27d2f04,28,M,Telangana,Hyderabad,Retail,Mass,Credit Card,2021-07-09,26-35,South
155,bc404743-7a63-4e36-825c-15b95edfa79c,40,F,Maharashtra,Mumbai,Retail,Mass,Credit Card,2020-08-04,36-45,West
156,549988b1-0597-4347-bc50-7db859ebd84f,42,F,Tamil Nadu,Chennai,Retail,Mass,Credit Card,2024-05-12,36-45,South
157,fcb6ce96-cea8-48b4-8389-52866cc8d676,43,F,Karnataka,Bengaluru,Retail,Mass,Credit Card,2025-03-12,36-45,South
158,1ea6c1a5-fe06-4653-98cb-39d6d9d73ea2,48,M,Tamil Nadu,Chennai,Retail,Mass,Credit Card,2022-05-15,46-55,South
159,dad09f91-c483-4030-b957-68d206178176,40,M,Maharashtra,Pune,Retail,Mass,Personal Loan,2021-03-30,36-45,West
160,bb264b7c-4d7f-4c41-a9ad-f6a8af42f24d,43,M,Maharashtra,Pune,Retail,Premium,Personal Loan,2025-07-19,36-45,West
161,ae08d77d-3af2-4392-b0ed-d8422aefd086,34,M,Maharashtra,Mumbai,Retail,Wealth,Credit Card,2022-06-30,26-35,West
162,2672406a-e53c-42e0-8fa2-032807c1159c,38,F,West Bengal,Kolkata,Retail,Mass,Personal Loan,2021-03-26,36-45,East
163,ff861835-e708-4771-94c9-62de9f2f672d,39,M,Karnataka,Bengaluru,Retail,Wealth,Credit Card,2025-10-29,36-45,South
164,2eb782e5-c23f-438a-9f89-92c461ca9c5f,40,M,Maharashtra,Mumbai,Retail,Premium,Personal Loan,2023-03-07,36-45,West
165,97228cea-3027-40c3-826c-dc3f29b33257,47,M,Telangana,Hyderabad,Retail,Premium,Credit Card,2025-08-01,46-55,South
166,556e30c7-0b1b-4916-849a-ecdbc9eeaf1d,44,F,Delhi,Delhi,Retail,Mass,Credit Card,2025-01-14,36-45,North
167,5eb62436-9162-4d41-8d8f-8753e1b28d2e,38,M,Haryana,Gurugram,Retail,Mass,Credit Card,2023-05-05,36-45,North
168,ffe38473-7134-4131-b4a1-b4884819f2e0,28,F,Haryana,Gurugram,Retail,High Value,Credit Card,2024-03-18,26-35,North
169,e5280483-8b8b-4679-a911-8345b0527167,38,M,Karnataka,Bengaluru,Retail,Mass,Personal Loan,2025-07-15,36-45,South
170,c13c88f2-d549-4240-838c-bd999bca6196,37,F,Rajasthan,Jaipur,Retail,Mass,Personal Loan,2021-08-14,36-45,North
171,d2e3b6ca-985f-4e7e-9bd6-1b8fa7013e0b,40,F,Karnataka,Bengaluru,Retail,Premium,Credit Card,2024-11-22,36-45,South
172,a513b846-61a0-424c-8c90-61ee73da48f7,64,M,Telangana,Hyderabad,Retail,Mass,Home Loan,2021-03-28,56-65,South
173,84fda9b4-c967-4951-acf9-0bd3bda65ff6,31,M,Karnataka,Bengaluru,Retail,Premium,Credit Card,2025-01-13,26-35,South
174,2cbf86d2-ac9e-4c7c-b626-e6f6e94eefb1,43,M,West Bengal,Kolkata,Retail,Mass,Credit Card,2023-02-27,36-45,East
175,5130295c-31fb-468b-b87a-d02fe4ece10c,50,M,Maharashtra,Mumbai,Retail,High Value,Credit Card,2022-01-08,46-55,West
176,bf20aed1-8ce5-49e1-a66d-98153b7ac0fa,39,M,Maharashtra,Mumbai,Retail,Mass,Credit Card,2023-05-17,36-45,West
177,ceb03696-817b-4fbd-bd08-6c32982e5227,66,F,Delhi,Delhi,Retail,Mass,Credit Card,2023-09-20,65+,North
178,04de5d93-c1fd-4799-b118-d22a946ba115,33,F,Andhra Pradesh,Visakhapatnam,Retail,Premium,Credit Card,2021-11-22,26-35,South
179,950e877b-2f7a-4462-b6dd-94916b035689,41,M,Gujarat,Ahmedabad,Retail,Mass,Personal Loan,2025-12-09,36-45,West
180,466f0f33-7149-4ff9-b368-23a0ef11bf38,28,F,Maharashtra,Pune,Retail,High Value,Personal Loan,2021-06-24,26-35,West
181,7919c39d-5908-4d2a-bb69-d33d0e0b8d11,33,M,Gujarat,Ahmedabad,Retail,Premium,Credit Card,2022-03-24,26-35,West
182,e5a3ef7f-adbc-4c83-8468-2d3536b6cdb5,40,F,Gujarat,Ahmedabad,SME,Mass,Credit Card,2021-10-25,36-45,West
183,4ffe4e85-2550-44b6-88ca-6f64c31c634d,48,M,Telangana,Hyderabad,Retail,Mass,Home Loan,2023-09-13,46-55,South
184,d6832bbf-4a53-4200-a5f3-a7c05cfccf45,41,F,Karnataka,Bengaluru,Retail,High Value,Personal Loan,2023-11-25,36-45,South
185,e078ddf3-e988-44c8-8fc6-880044bfe51f,53,F,Maharashtra,Pune,Retail,Premium,Personal Loan,2022-11-15,46-55,West
186,97f7c135-5d9f-4078-91e1-0aa1fa8fb235,36,M,Tamil Nadu,Chennai,Retail,High Value,Home Loan,2022-06-28,36-45,South
187,18d1e27f-25da-46e2-9d24-4f48ad02fd84,34,M,Delhi,Delhi,Retail,Mass,Personal Loan,2020-12-08,26-35,North
188,4fc17089-ec89-4934-b58b-84b540cfb23c,70,M,Maharashtra,Mumbai,Retail,High Value,Home Loan,2021-04-23,65+,West
189,b1ea904a-1534-474b-a7a4-07a2b78b56b2,42,F,Maharashtra,Pune,Retail,Mass,Personal Loan,2025-09-16,36-45,West
190,f1ce184a-c0e7-485c-a9ef-8cc6bc10fe63,29,M,Karnataka,Bengaluru,Retail,Premium,Credit Card,2025-03-04,26-35,South
191,494dd267-1ddd-4499-bcb5-1e75cb9c3e62,29,F,West Bengal,Kolkata,Retail,Mass,Credit Card,2020-10-26,26-35,East
192,96493e51-08cf-42bf-9583-85d114904209,26,F,Karnataka,Bengaluru,Retail,Mass,Personal Loan,2023-11-17,26-35,South
193,f6a4810e-1f0b-4a09-a30c-970cae292b35,49,F,Maharashtra,Mumbai,Retail,Wealth,Personal Loan,2022-10-29,46-55,West
194,d1979c7f-5e01-4cfb-9f94-636649593513,33,M,Uttar Pradesh,Noida,Retail,Wealth,Personal Loan,2025-09-10,26-35,North
195,3b451975-d4ae-494f-9172-17a644bad4d6,39,M,Maharashtra,Mumbai,Retail,Mass,Personal Loan,2025-06-06,36-45,West
196,3f6d61b7-1ab5-4428-8c19-b6b6db6db10b,37,F,Maharashtra,Mumbai,Retail,High Value,Personal Loan,2023-10-07,36-45,West
197,59e3b433-4708-430f-a9a2-a111e462e515,46,M,Telangana,Hyderabad,Retail,Mass,Home Loan,2022-01-28,46-55,South
198,5517d8bb-91ba-4263-96c3-de4d7e7071fe,27,F,Gujarat,Ahmedabad,SME,Mass,Personal Loan,2021-10-10,26-35,West
199,cadf0101-6491-4596-b481-d9e1a04bb096,25,M,Maharashtra,Mumbai,Corporate,Mass,Credit Card,2021-02-07,18-25,West
200,3069e8f9-11dc-4fb2-8185-3f069e2561f3,40,M,Karnataka,Bengaluru,Retail,Mass,Personal Loan,2024-12-03,36-45,South
201,fc6f5a76-d806-4ca3-9a57-eee48b481011,45,F,Maharashtra,Pune,Retail,Mass,Auto Loan,2024-11-24,36-45,West
202,3d685bfa-c9a6-4c21-95db-73b111c2fc28,41,M,Kerala,Kochi,Retail,Mass,Home Loan,2023-01-14,36-45,South
203,3c9a1f36-c112-4111-af34-9dda4ac12d59,28,M,Telangana,Hyderabad,Retail,Mass,None,2023-01-04,26-35,South
204,f1bbca52-df6a-4efe-b4dd-91780c45d2ba,46,M,Maharashtra,Mumbai,Retail,Premium,Auto Loan,2025-10-20,46-55,West
205,c6d65282-0661-4d66-9e70-727f79bc3e62,29,M,Maharashtra,Mumbai,Retail,Premium,Personal Loan,2023-07-22,26-35,West
206,a2075727-06ec-42af-8c83-01da35dfc2a2,31,F,Karnataka,Bengaluru,SME,Premium,Credit Card,2021-02-01,26-35,South
207,df43e53f-3b2e-4b53-9215-49978f0db061,26,M,Maharashtra,Mumbai,SME,Mass,Personal Loan,2025-02-08,26-35,West
208,d41e5058-f6e5-486f-816b-21e7967dcc43,53,M,Tamil Nadu,Chennai,Retail,Premium,Auto Loan,2021-07-06,46-55,South
209,107d52b6-74b1-4e51-b41c-e720d2f7b083,45,M,Maharashtra,Mumbai,Retail,Mass,Credit Card,2023-07-22,36-45,West
210,8f99a127-20f3-4ae7-af44-8b353ce831c8,45,F,Telangana,Hyderabad,Retail,Premium,Credit Card,2023-02-18,36-45,South
211,b9834979-98d6-467a-8671-8a9f5b596e72,52,M,Tamil Nadu,Chennai,Retail,Mass,Auto Loan,2022-06-28,46-55,South
212,76cbf77c-b1e1-4471-9cbe-68a81cf1e5d4,71,F,Telangana,Hyderabad,SME,Mass,Home Loan,2022-02-20,65+,South
213,5330370f-3cfe-4aee-99db-05819b6a7f16,18,F,Maharashtra,Mumbai,Retail,Mass,None,2022-07-07,18-25,West
214,e71221e1-1ba4-4781-9678-d03893743590,29,M,Haryana,Gurugram,Retail,Premium,Personal Loan,2025-06-08,26-35,North
215,310021bb-311c-4a0e-a6f7-7be75983c183,30,F,Maharashtra,Pune,Retail,High Value,Personal Loan,2024-05-21,26-35,West
216,fc54c749-52cc-4f80-8419-0af571dbf32a,27,F,Maharashtra,Pune,Retail,Premium,Personal Loan,2021-05-17,26-35,West
217,e83f86b7-0ddf-4b54-9bfa-6f4e4a717a56,25,M,Maharashtra,Mumbai,Retail,Wealth,Credit Card,2025-10-13,18-25,West
218,cac321a5-4c63-4133-a0af-a5293703d50d,34,M,Maharashtra,Mumbai,Retail,High Value,Credit Card,2022-02-01,26-35,West
219,b818dc89-f890-444a-838d-879e3599bb5c,23,F,West Bengal,Kolkata,Retail,Mass,Personal Loan,2023-02-26,18-25,East
220,1cfc11e0-1e21-4448-9ef0-1f9a498401f3,42,F,Delhi,Delhi,Retail,Premium,Home Loan,2025-05-07,36-45,North
221,a41bd4be-0779-41f8-9f7c-1a4af3221238,38,F,Karnataka,Bengaluru,Retail,Mass,Personal Loan,2025-05-01,36-45,South
222,4ef6ea4f-a77b-41ac-91b6-1684c2b36d9d,43,O,Delhi,Delhi,Retail,Mass,Credit Card,2020-08-19,36-45,North
223,0ae18267-e094-4df7-9569-9aa08f5894a3,44,M,Tamil Nadu,Chennai,Retail,Mass,Auto Loan,2025-10-31,36-45,South
224,601e5e4c-0913-4e3c-9cfa-2286abcf4939,45,F,Rajasthan,Jaipur,Retail,Wealth,Credit Card,2025-11-17,36-45,North
225,0de2c4b3-1748-4f75-a063-7fdd335bf9d1,33,F,Karnataka,Bengaluru,Retail,Premium,Credit Card,2025-11-29,26-35,South
226,41fb246e-ca58-4dcf-856a-c2da75cb0bab,63,M,West Bengal,Kolkata,Retail,Mass,Personal Loan,2022-07-24,56-65,East
227,bf9177d4-4165-4f56-aa36-cf0c77239f27,40,M,Maharashtra,Mumbai,Retail,Mass,Personal Loan,2020-12-06,36-45,West
228,5e4d89f7-7895-4e3a-9453-a87cd33a4850,18,M,Telangana,Hyderabad,Retail,Mass,Credit Card,2025-01-23,18-25,South
229,f9c58944-44c0-43d9-b4d8-395c6da0e316,25,F,Tamil Nadu,Chennai,Retail,Premium,Credit Card,2021-08-24,18-25,South
230,dc141ad6-e305-4add-832c-37b78a6fbda2,18,M,Maharashtra,Mumbai,Retail,High Value,Personal Loan,2022-01-24,18-25,West
231,387c67d2-60a4-4d11-bac3-4909ea92256b,38,F,Maharashtra,Mumbai,Retail,Mass,None,2024-09-29,36-45,West
232,0f06c224-e042-4313-b8ff-3776e4f72e31,36,M,Delhi,Delhi,Retail,Mass,Credit Card,2025-08-14,36-45,North
233,3f392d33-2e33-4cca-8507-9ffe08342739,32,M,Rajasthan,Jaipur,Retail,Mass,Home Loan,2023-05-02,26-35,North
234,4d2eaa3c-08c3-4460-9caf-67175975a95c,62,F,Telangana,Hyderabad,Retail,Mass,Credit Card,2025-07-23,56-65,South
235,a4368729-ede0-4179-979a-b3395daebf08,44,M,West Bengal,Kolkata,Retail,Mass,None,2025-05-19,36-45,East
236,b000c9a1-5a47-4c32-9836-ce2d2d8f0afe,46,F,Haryana,Gurugram,Retail,Mass,Personal Loan,2023-06-14,46-55,North
237,9478f19e-ed04-4cae-977b-aed02e7aceff,26,M,Delhi,Delhi,Retail,Mass,Personal Loan,2021-07-15,26-35,North
238,6d3fced8-fcd1-41b5-9993-534c1973d17f,26,F,Haryana,Gurugram,Retail,Mass,Auto Loan,2020-07-23,26-35,North
239,15bb82a1-e223-4b45-a186-6b2be2840f9f,38,M,Maharashtra,Mumbai,Corporate,High Value,Auto Loan,2022-07-26,36-45,West
240,03e04c1c-632f-4fed-b16a-17efbd8fffa4,40,O,Maharashtra,Mumbai,Retail,Mass,Credit Card,2024-06-27,36-45,West
241,91a4b50b-6788-4ee1-9895-c3a3a01065fe,18,F,Haryana,Gurugram,SME,Mass,Personal Loan,2024-03-16,18-25,North
242,d7c3e5e9-7468-466d-ad3c-e77b2e21b729,35,M,Haryana,Gurugram,Retail,Premium,Personal Loan,2022-08-25,26-35,North
243,bfa7c35c-a5f5-4d9b-99aa-4016f79564d5,38,M,Karnataka,Bengaluru,SME,High Value,Home Loan,2025-01-20,36-45,South
244,63ab50a6-bc11-4b77-a776-1757d59d81e5,35,M,Telangana,Hyderabad,SME,Mass,Home Loan,2023-03-01,26-35,South
245,5449ad69-2afb-4774-9d23-d56a90f8f163,28,F,Tamil Nadu,Chennai,Corporate,Mass,Personal Loan,2021-10-17,26-35,South
246,34dc89d3-a261-4692-a9af-e19cb36475a9,31,F,Uttar Pradesh,Noida,Retail,Premium,Personal Loan,2021-05-23,26-35,North
247,dc52e575-3e81-455a-8b8b-6c7edf1e5abf,35,M,Tamil Nadu,Chennai,Retail,Mass,Credit Card,2025-09-05,26-35,South
248,5c67b114-b717-471b-83e4-5ccf557e3b84,39,M,Delhi,Delhi,Retail,Premium,Credit Card,2024-06-03,36-45,North
249,bdd60606-c1fe-4f43-b3e3-eeedeeaf0797,45,F,Delhi,Delhi,Retail,Mass,Credit Card,2024-08-10,36-45,North
250,b61905b8-acfc-4fb4-ab8d-6dfec81ad953,50,M,Delhi,Delhi,Retail,Mass,Credit Card,2022-12-19,46-55,North
251,bcd8a422-644b-45a3-85ac-d3765805682b,34,F,Tamil Nadu,Chennai,Corporate,Mass,None,2024-12-27,26-35,South
252,b9170c19-0a6b-4b06-8af7-28a4fbff891a,32,M,Uttar Pradesh,Noida,Retail,Premium,Personal Loan,2020-10-18,26-35,North
253,d3511ce2-a16f-41a3-9df3-5b11f960c977,43,F,Delhi,Delhi,Retail,Mass,Credit Card,2020-12-24,36-45,North
254,da542e42-a053-4fc5-a775-87b684acd1ea,45,O,Karnataka,Bengaluru,Retail,Mass,Credit Card,2024-03-07,36-45,South
255,460a834d-c5b8-4493-a287-8d042fb9b21a,32,M,Karnataka,Bengaluru,Retail,Mass,Credit Card,2023-10-10,26-35,South
256,2a2b7628-c437-45b9-832b-ed4c30622d49,47,M,Maharashtra,Pune,Retail,Premium,Auto Loan,2023-08-07,46-55,West
257,7aa5e553-91d5-4bc5-b7f6-81eaeef89dc5,49,M,Haryana,Gurugram,Retail,Mass,Credit Card,2025-10-08,46-55,North
258,2847f9c5-e143-4a16-8d0a-3f5c82694f7a,53,F,Maharashtra,Mumbai,Retail,Premium,Credit Card,2021-02-19,46-55,West
259,456c277e-b788-4545-a848-d7f36b545905,59,M,Maharashtra,Mumbai,Retail,Premium,Personal Loan,2021-09-26,56-65,West
260,ba7cefee-3549-4628-ad93-740febce715a,27,F,Telangana,Hyderabad,Retail,Mass,Credit Card,2024-03-08,26-35,South
261,c11c37f8-3285-4c70-a92e-73bed44069b1,38,F,Maharashtra,Mumbai,Retail,Wealth,Personal Loan,2023-01-03,36-45,West
262,258d4f37-4013-4371-b3f5-5ffe138f0fb3,38,M,Haryana,Gurugram,Retail,High Value,Personal Loan,2023-12-02,36-45,North
263,0ddc3b21-a526-4e8d-ad3f-347d11fb4b49,36,F,Karnataka,Bengaluru,Retail,Mass,Credit Card,2024-10-02,36-45,South
264,69516ef7-821d-4b44-b3d2-77eab0039f7d,30,M,Maharashtra,Mumbai,Corporate,Mass,Credit Card,2024-05-03,26-35,West
265,fcc0374d-1c61-4094-a60d-a4fea1eeba80,20,F,West Bengal,Kolkata,Retail,Mass,None,2025-06-01,18-25,East
266,843c9177-27ca-4197-b2e5-88af638b6dd7,39,M,Maharashtra,Mumbai,Retail,Mass,Credit Card,2021-07-27,36-45,West
267,e16a710f-be7b-49ad-960e-e7457c016915,28,F,Karnataka,Bengaluru,Retail,Mass,Home Loan,2022-06-02,26-35,South
268,ff982917-ec2f-452b-97b0-a970d1fabe21,39,F,Maharashtra,Mumbai,Retail,High Value,Personal Loan,2020-11-28,36-45,West
269,caf2a037-2078-4b67-9d63-16cb61b89e34,28,F,Maharashtra,Mumbai,Retail,High Value,Credit Card,2025-12-19,26-35,West
270,8546f1e1-6973-4da9-8750-e283f757acb1,24,F,Maharashtra,Mumbai,Retail,Mass,None,2022-07-19,18-25,West
271,9727876d-173b-4e1b-98a0-52c2c8a99d91,40,M,Maharashtra,Mumbai,Retail,Mass,Credit Card,2022-12-08,36-45,West
272,945a59e2-fd1d-492f-85fd-87c0969ac313,39,F,Maharashtra,Mumbai,Retail,Mass,Home Loan,2022-08-03,36-45,West
273,3d7f2611-d1bc-4b1c-b46d-4a4f04297b31,44,F,Maharashtra,Mumbai,Retail,Mass,Credit Card,2020-08-01,36-45,West
274,666c2b19-ccc7-4a1a-9a74-c933b9184a28,64,F,Telangana,Hyderabad,SME,Mass,Personal Loan,2023-11-13,56-65,South
275,12cb78a7-2dd3-403e-a286-75fe42af4a38,41,M,Tamil Nadu,Chennai,Retail,High Value,Credit Card,2025-03-25,36-45,South
276,aa29ee86-5871-4efa-a6f1-69e71b10950d,43,M,Delhi,Delhi,Retail,High Value,Personal Loan,2025-12-08,36-45,North
277,576cdcaa-db29-48c2-a9b2-68904d5a74f0,25,F,Karnataka,Bengaluru,Retail,Mass,Personal Loan,2023-04-23,18-25,South
278,0484a071-5604-499b-bf3e-f5de74c8d4d0,22,M,Telangana,Hyderabad,Retail,Premium,Personal Loan,2025-01-19,18-25,South
279,9eef3c28-0a36-4215-980c-61bcac6d05de,56,F,Gujarat,Ahmedabad,Retail,Mass,Personal Loan,2025-03-25,56-65,West
280,ce26196b-635f-4ab9-9342-367196de8793,26,F,Uttar Pradesh,Noida,Retail,Premium,Credit Card,2025-03-13,26-35,North
281,f6e1e37e-a9fd-4487-8cff-ad9b0219598c,25,F,Maharashtra,Mumbai,Retail,Mass,Auto Loan,2024-06-27,18-25,West
282,3b2f713e-7ec8-496b-a76e-9cdf745b509c,37,M,Maharashtra,Mumbai,Retail,Mass,Credit Card,2025-05-15,36-45,West
283,3c0c7f6c-5f7a-4f12-9ace-ff1cc3454627,36,F,Karnataka,Bengaluru,Corporate,Premium,Home Loan,2023-05-06,36-45,South
284,b32c9a9b-cbf7-4258-babd-7467590cf4d8,27,M,Karnataka,Bengaluru,Retail,Mass,Credit Card,2022-06-03,26-35,South
285,907bd2d5-c175-4878-8668-f3a6d6b43dfa,34,M,Telangana,Hyderabad,Retail,Mass,Personal Loan,2024-06-02,26-35,South
286,b187afc5-bdfd-45cf-bb76-dead47c0319d,52,F,Delhi,Delhi,Retail,Mass,Personal Loan,2025-04-04,46-55,North
287,0b51499b-fe9b-44a3-aa8c-501e90ce3dc7,28,M,Maharashtra,Mumbai,Retail,Premium,Auto Loan,2022-11-14,26-35,West
288,94baf382-93ce-47d9-8565-83d93e9485b8,21,M,Delhi,Delhi,Retail,Premium,Credit Card,2025-07-14,18-25,North
289,510b0188-f277-41de-bd1b-166b44b39c1a,49,M,Telangana,Hyderabad,Retail,Mass,Auto Loan,2021-12-18,46-55,South
290,d2a10bc1-7f1c-4616-aa70-bbff1eb0a2fa,43,M,Maharashtra,Mumbai,Retail,Mass,Personal Loan,2023-11-28,36-45,West
291,a9408e52-d6c2-404c-9bbb-3c4019e61ada,30,F,Uttar Pradesh,Noida,Retail,Premium,Credit Card,2023-10-05,26-35,North
292,e1585fea-7bce-41d8-a6d3-17ce96b3961b,19,M,Maharashtra,Mumbai,SME,Mass,Home Loan,2024-08-21,18-25,West
293,710c38ea-5a5d-4fe3-a5d3-001b02d73f12,29,M,West Bengal,Kolkata,SME,Mass,None,2024-06-15,26-35,East
294,2cc4adfc-9f9d-450f-a95d-ecdc9ba54d22,37,F,Maharashtra,Mumbai,SME,Premium,Personal Loan,2025-03-16,36-45,West
295,3da9f71b-0f09-40d3-b665-26b21505156f,51,M,Uttar Pradesh,Noida,Retail,Mass,None,2022-12-12,46-55,North
296,125cb718-ed73-47f3-aeea-d091bd776ca4,25,F,Gujarat,Ahmedabad,Retail,Premium,Credit Card,2025-03-15,18-25,West
297,10c647e2-48d7-4cdd-bbf1-a868190142d0,36,F,Kerala,Kochi,Retail,Mass,Home Loan,2022-04-11,36-45,South
298,16a0cdaf-e8f5-4891-9088-be5664f7d83a,46,F,Haryana,Gurugram,Corporate,Premium,Credit Card,2024-08-07,46-55,North
299,4a556abb-7cca-4a37-a956-8ab5bcdafa31,18,F,Maharashtra,Pune,Retail,Mass,Credit Card,2022-11-28,18-25,West
300,5df326ea-b593-475c-964a-ecab4f79a291,50,M,Tamil Nadu,Chennai,Retail,Mass,Credit Card,2023-01-24,46-55,South
301,2a94c875-4c2b-4e29-ba35-fc59233d3b1f,23,F,Maharashtra,Pune,Retail,Mass,Home Loan,2022-07-15,18-25,West
302,b363f4a8-6999-4e4c-b41c-7bb8a62b1820,41,M,Maharashtra,Mumbai,Retail,High Value,Personal Loan,2021-11-07,36-45,West
303,16eb68ce-9c4c-42f5-bbb8-0a99bbea2fa2,40,M,Telangana,Hyderabad,SME,High Value,Credit Card,2022-12-07,36-45,South
304,cd591226-496d-4529-98f8-576d79986a44,51,F,Telangana,Hyderabad,Retail,Premium,Credit Card,2021-05-02,46-55,South
305,b36aaf95-66f8-479b-a8ee-7a6903935925,44,M,Uttar Pradesh,Noida,Retail,Mass,Credit Card,2024-08-01,36-45,North
306,494bf88a-182c-47f3-b367-f69201572a2a,18,F,Delhi,Delhi,Retail,Mass,Credit Card,2021-11-21,18-25,North
307,ce337ddb-f2a4-42da-ba64-6249688aeba6,28,F,Delhi,Delhi,Retail,Premium,Credit Card,2024-02-16,26-35,North
308,89265d23-7f0f-46cc-b10e-ff5c7fc1a932,39,F,Tamil Nadu,Chennai,Retail,Premium,Credit Card,2022-07-25,36-45,South
309,eee7f299-fcbe-4a6d-9226-0d62327ddf23,35,M,Karnataka,Bengaluru,SME,Mass,Credit Card,2023-04-24,26-35,South
310,36c56f39-68b9-4663-acac-b1eeb0d04c62,43,M,Maharashtra,Mumbai,Retail,High Value,Credit Card,2021-01-12,36-45,West
311,52c0b938-1664-4aab-898c-01584fe25f6e,47,F,Delhi,Delhi,Retail,Mass,Credit Card,2024-07-08,46-55,North
312,0061669a-6756-48e0-853b-9b836a55c30c,45,M,Delhi,Delhi,Retail,Mass,Home Loan,2023-02-27,36-45,North
313,c917ec44-fece-4d54-8b6e-927eee3aa623,35,M,Karnataka,Bengaluru,Retail,High Value,Credit Card,2025-02-07,26-35,South
314,59e0f185-3ff9-4548-b933-1b476714b071,18,F,Delhi,Delhi,Retail,Mass,Personal Loan,2022-07-15,18-25,North
315,b71cb092-1005-491d-b810-b9275a1169a5,32,F,Delhi,Delhi,Retail,Mass,Credit Card,2025-10-20,26-35,North
316,6c1d95ab-3452-4e78-aae5-8547de75a132,42,F,Karnataka,Bengaluru,SME,Mass,Personal Loan,2023-10-01,36-45,South
317,8bbd2911-813a-420e-a5e8-83accbd8f042,24,M,Delhi,Delhi,Retail,Wealth,Personal Loan,2025-12-13,18-25,North
318,24b2025c-5924-4cb3-aa8f-8d3edcad1fa2,45,M,Tamil Nadu,Chennai,Retail,Mass,Home Loan,2024-03-18,36-45,South
319,dafb0170-7a3b-42bb-9680-c642a9933e25,48,F,Karnataka,Bengaluru,Retail,Premium,Credit Card,2023-05-09,46-55,South
320,ae087b04-4d94-47e8-9309-96e484cadb99,39,M,West Bengal,Kolkata,Retail,Mass,Credit Card,2024-03-09,36-45,East
321,b19fbc4a-68e6-462f-a8e9-ef14bd3aae82,18,M,West Bengal,Kolkata,Retail,Mass,None,2023-11-22,18-25,East
322,79c5872f-bcd5-4443-b1ca-581f00fca51f,22,M,Delhi,Delhi,SME,Mass,Personal Loan,2025-03-11,18-25,North
323,1961fb10-f067-4399-8ade-d9ed55a6514e,60,M,Karnataka,Bengaluru,Retail,Mass,Personal Loan,2022-02-02,56-65,South
324,f92c9a8a-1c71-4a31-af7a-87d2356a0c68,31,M,Telangana,Hyderabad,Corporate,Mass,Personal Loan,2021-08-22,26-35,South
325,1ef09670-8816-4931-a72f-017f72ec1e18,18,M,Uttar Pradesh,Noida,Retail,Mass,Personal Loan,2023-07-07,18-25,North
326,869db8a6-1fe3-4328-ab98-a404b49d968e,52,F,Tamil Nadu,Chennai,Retail,Premium,Credit Card,2025-09-13,46-55,South
327,4d0dbdb5-ce3f-4842-9ff5-3131c7882406,38,M,Haryana,Gurugram,Retail,Mass,Home Loan,2025-08-30,36-45,North
328,47c01a18-ddd9-445f-aba7-9d939fa7bb12,51,F,Telangana,Hyderabad,Retail,Premium,Credit Card,2022-04-23,46-55,South
329,78c150fc-02ea-47b9-8963-b8ff48220bb9,41,M,Tamil Nadu,Chennai,SME,Premium,Personal Loan,2020-12-01,36-45,South
330,5380c272-5047-46f6-a32d-01c148d70e2d,43,F,Karnataka,Bengaluru,Retail,Mass,Credit Card,2021-04-09,36-45,South
331,bf27fb0b-b6c1-470d-b8a9-5f32c1e8485f,42,M,Maharashtra,Pune,Retail,Mass,Personal Loan,2023-10-14,36-45,West
332,54dd3932-1f95-4ad8-a0c4-35b47c0949d9,46,M,Karnataka,Bengaluru,Retail,Mass,Credit Card,2023-04-13,46-55,South
333,026f33b8-d032-4478-a67a-83033d806c06,65,M,Tamil Nadu,Chennai,SME,Mass,Credit Card,2025-02-09,56-65,South
334,290b8d0a-c8ef-429f-936e-c32d723a3ff3,49,M,Uttar Pradesh,Noida,Retail,Mass,Personal Loan,2025-08-14,46-55,North
335,58c31f7c-e8e2-481a-b43f-5906286e8ced,19,M,Maharashtra,Mumbai,Retail,Mass,Home Loan,2021-10-23,18-25,West
336,4d8e98c5-7289-4777-adf7-5e9d8fa4b7ba,43,F,Tamil Nadu,Chennai,Retail,Mass,Home Loan,2023-08-29,36-45,South
337,132e8f33-c760-4d62-8959-4a790f1e6095,51,F,Maharashtra,Mumbai,SME,Mass,Personal Loan,2023-04-14,46-55,West
338,87532ec4-efa9-4ce3-9297-a92077e02614,52,M,Maharashtra,Pune,Retail,Wealth,Credit Card,2024-02-15,46-55,West
339,e79a3545-2bc0-41b3-98d7-cf8fd1a547c3,32,M,Maharashtra,Mumbai,Retail,Mass,Credit Card,2024-04-15,26-35,West
340,5fffc2cd-3ce1-466a-89aa-905500816249,51,F,West Bengal,Kolkata,Corporate,Mass,Personal Loan,2020-08-09,46-55,East
341,c2cb8f4b-95d1-4d64-9959-0b90ca69e0f5,49,F,Maharashtra,Mumbai,Retail,Mass,Personal Loan,2021-07-14,46-55,West
342,83b54c73-262f-4a33-a177-97818c1a2ce3,68,M,Rajasthan,Jaipur,Retail,Premium,Credit Card,2022-03-21,65+,North
343,006dd64d-19bb-4c67-b565-bab136003b6f,28,F,Haryana,Gurugram,Retail,Mass,Auto Loan,2023-11-15,26-35,North
344,3caf4c3e-1d78-44f6-b76c-4029d38e0ce6,31,M,Telangana,Hyderabad,Retail,Mass,Credit Card,2022-01-20,26-35,South
345,4e271650-6c2a-445d-a871-ca2ab7bfe93b,34,F,Haryana,Gurugram,Retail,Premium,Credit Card,2024-02-23,26-35,North
346,db0e84b2-b421-412d-bbeb-d6b8ae1e6069,32,M,Haryana,Gurugram,Retail,Mass,Credit Card,2023-03-07,26-35,North
347,7286b002-5857-468e-9974-b6861caf0f2c,27,M,West Bengal,Kolkata,Retail,Mass,Credit Card,2025-03-17,26-35,East
348,b56ddfc6-dae7-4649-8d01-3249ccb908cb,18,M,Karnataka,Bengaluru,Retail,Mass,Personal Loan,2022-02-13,18-25,South
349,f1b8e391-fa80-4148-b384-e390c7158ef8,32,F,Telangana,Hyderabad,Retail,Premium,Credit Card,2025-09-03,26-35,South
350,341ad9b9-90d5-4c24-be88-ae8042f846bd,42,M,Maharashtra,Mumbai,Retail,Wealth,Auto Loan,2022-01-17,36-45,West
351,2c7d04cc-37f7-4c78-b129-f9c8f99a6b40,32,F,Tamil Nadu,Chennai,Retail,Premium,Home Loan,2022-09-12,26-35,South
352,a705bfdc-0596-414e-96c6-28ec7d59683f,61,F,Maharashtra,Mumbai,Retail,Mass,Auto Loan,2025-08-22,56-65,West
353,e8a4ccfc-b3b6-43fc-82ce-c5836e0316e4,38,F,Telangana,Hyderabad,Retail,Mass,Personal Loan,2023-03-26,36-45,South
354,eae944ad-490e-43ec-8aec-0eff18a87a7d,53,M,Telangana,Hyderabad,Retail,Mass,Credit Card,2024-10-13,46-55,South
355,64391ba9-aafb-4ae4-a502-db9e5ac3f33f,41,M,Delhi,Delhi,Retail,Premium,Credit Card,2023-05-25,36-45,North
356,4a84115d-2f04-462f-aee6-afa6930a720e,47,M,Telangana,Hyderabad,Retail,High Value,Personal Loan,2025-12-07,46-55,South
357,16bb6b72-f305-4709-95a4-b6f4f549e6e5,41,F,Maharashtra,Pune,Retail,Premium,Personal Loan,2022-01-19,36-45,West
358,749e5dbb-a40f-4a12-b988-267d886fbde1,54,F,Haryana,Gurugram,Corporate,Mass,Home Loan,2023-03-19,46-55,North
359,d9e2faed-9119-437e-97f5-f4885c54af87,38,M,Delhi,Delhi,Retail,Premium,Credit Card,2024-01-08,36-45,North
360,fa3a197f-b2b7-4c38-b96e-690ab68854e5,43,F,Telangana,Hyderabad,Retail,High Value,Credit Card,2021-03-17,36-45,South
361,5006f9f0-d22c-47b3-ac3b-e155130daa77,42,M,West Bengal,Kolkata,Retail,Premium,Personal Loan,2022-06-22,36-45,East
362,a315a7a7-a8bc-4a2a-a0a0-9c700157028a,34,M,Maharashtra,Mumbai,Retail,Premium,Credit Card,2022-08-31,26-35,West
363,0cad9746-6eb2-4560-83f0-8e26a85591a4,42,M,Maharashtra,Mumbai,Retail,Mass,Personal Loan,2025-03-13,36-45,West
364,d8e918a5-53f1-4e39-8412-160a89827f3f,64,F,Maharashtra,Mumbai,Retail,Premium,Personal Loan,2023-04-07,56-65,West
365,e7bb3b5e-b982-4bee-8b36-0e3491cdbf53,34,M,Tamil Nadu,Chennai,SME,Mass,Credit Card,2022-03-02,26-35,South
366,58070884-933b-46ca-a5f0-1da09196d344,43,M,Delhi,Delhi,Retail,Mass,Personal Loan,2020-12-07,36-45,North
367,57d94e7a-4d47-4824-a3da-cf8ffba6ef89,53,F,Maharashtra,Pune,Retail,Premium,None,2022-09-11,46-55,West
368,a3b2d688-ced5-42a3-91c1-28fd3c507c08,51,M,Tamil Nadu,Chennai,Retail,High Value,Credit Card,2025-01-22,46-55,South
369,30f0655f-325c-4adc-ac79-a6e68d311e8e,38,M,Karnataka,Bengaluru,Retail,High Value,Personal Loan,2022-04-17,36-45,South
370,365b1da7-d089-48d3-9a55-6201fcf43cf3,18,M,Gujarat,Ahmedabad,SME,Mass,Personal Loan,2025-08-05,18-25,West
371,fcc191bb-d1df-4602-849e-2ca53b80fc3b,44,M,Maharashtra,Pune,Retail,Mass,Credit Card,2024-04-16,36-45,West
372,fb7fa484-2ce3-428e-9b8b-276e0c8a693b,18,M,Karnataka,Bengaluru,Retail,Mass,Personal Loan,2020-12-24,18-25,South
373,4434fb15-9b56-4b22-9ada-908239936dbc,55,M,Delhi,Delhi,Retail,Premium,Personal Loan,2021-08-12,46-55,North
374,09fe80e1-1e83-4a2f-bf57-86ec8fbb7fd7,40,F,Karnataka,Bengaluru,Retail,Premium,Credit Card,2021-01-22,36-45,South
375,97d7cc74-9504-4702-a7e2-238c3117b300,49,M,Maharashtra,Mumbai,Retail,Wealth,Personal Loan,2024-01-28,46-55,West
376,0e77d920-64a5-4a3a-8ffd-df23ebc71437,27,F,Maharashtra,Mumbai,Retail,Mass,Credit Card,2022-04-07,26-35,West
377,50215ef2-c12e-45ba-8249-9377170f8e7a,19,M,West Bengal,Kolkata,Retail,Mass,Credit Card,2022-03-03,18-25,East
378,859b0f49-d658-42be-b5f0-77d175ec28f8,41,M,Delhi,Delhi,Retail,Premium,Personal Loan,2024-08-28,36-45,North
379,b658ee33-2a8a-4de5-8d08-34e0f48df2aa,37,M,Delhi,Delhi,Retail,Mass,Home Loan,2020-11-03,36-45,North
380,e4602aaf-cd7a-469a-83f5-92cfe7df4735,32,M,Maharashtra,Pune,Retail,Wealth,Credit Card,2020-09-10,26-35,West
381,be91d3fa-3729-4ad1-b6fc-97f4bf6b7dee,39,M,Telangana,Hyderabad,Retail,Mass,Credit Card,2025-05-26,36-45,South
382,8d5593b0-8d6f-4998-bff0-c890753647e2,71,M,West Bengal,Kolkata,Retail,Mass,Personal Loan,2021-10-24,65+,East
383,0715ac8b-cd8b-4d00-9e40-d653467b2150,48,F,Haryana,Gurugram,Retail,Mass,Credit Card,2023-07-21,46-55,North
384,58335e12-d568-4081-9131-d916b27614e4,50,F,Delhi,Delhi,Retail,High Value,Personal Loan,2022-04-25,46-55,North
385,25b10b40-1de8-43cc-83bd-9937d12e582e,48,M,Delhi,Delhi,SME,Premium,Credit Card,2022-12-20,46-55,North
386,affc0216-67fd-4df9-b570-0d90cea3f079,55,F,Andhra Pradesh,Vijayawada,Retail,Premium,Personal Loan,2024-10-13,46-55,South
387,27c6c57b-9ebb-4c1b-960e-bad11a782e15,35,F,Maharashtra,Pune,Retail,Premium,None,2025-06-24,26-35,West
388,d5c814da-daba-47f3-b4ba-3d1e56a723d9,18,F,Rajasthan,Jaipur,Retail,Mass,Personal Loan,2023-03-12,18-25,North
389,0070aba3-7e8d-4f54-a763-726d6f5d38c2,35,M,Maharashtra,Mumbai,Retail,Premium,Auto Loan,2021-06-02,26-35,West
390,16099618-0da2-4d7d-9b1e-34ea1bc686b6,47,M,Uttar Pradesh,Noida,SME,High Value,Auto Loan,2021-07-01,46-55,North
391,f65904ee-d72d-4298-a294-227ef861fa69,26,M,Tamil Nadu,Chennai,Retail,Mass,Credit Card,2024-07-01,26-35,South
392,e9f1eb9e-13eb-4685-abbb-80480236120c,35,M,Maharashtra,Mumbai,Retail,Premium,Personal Loan,2021-04-17,26-35,West
393,a1860e75-78f6-40a3-a616-02a3aa30c5b2,29,M,Telangana,Hyderabad,SME,Mass,Credit Card,2024-01-21,26-35,South
394,92ded106-d0ee-4931-82ac-1da2a2acb43d,56,F,Tamil Nadu,Chennai,Retail,Mass,None,2022-12-06,56-65,South
395,9babb1bc-e4d9-4e5e-a107-53c8eec033ab,46,F,Maharashtra,Mumbai,Retail,Mass,Credit Card,2024-03-24,46-55,West
396,d16de7d7-2386-48b6-8a88-0a2da2c4c95a,45,M,Delhi,Delhi,Retail,High Value,Credit Card,2023-02-21,36-45,North
397,414f09b3-ddd7-4c54-9d47-b913103821e2,45,M,Haryana,Gurugram,Retail,Mass,Personal Loan,2023-02-08,36-45,North
398,fd1b5f97-4df0-4489-8cb6-81adb92933e5,37,M,Karnataka,Bengaluru,Retail,Mass,Home Loan,2022-03-08,36-45,South
399,e8836144-9dbc-4937-af2b-3fb16ecfdcce,40,M,Delhi,Delhi,Retail,Premium,Personal Loan,2023-06-03,36-45,North
400,185dedd9-a94a-424a-9784-0f4be5dad55b,23,F,Delhi,Delhi,Retail,Mass,Personal Loan,2023-02-10,18-25,North
401,9d345da5-8521-434e-a57e-c32cb9db433c,18,M,Karnataka,Bengaluru,Retail,Premium,Personal Loan,2022-06-09,18-25,South
402,c7ed34ac-b208-40bd-abd4-eaa9533b5b78,39,F,West Bengal,Kolkata,Retail,High Value,Credit Card,2023-09-19,36-45,East
403,c273ab00-f01c-4fbf-a450-1768fe75d3a7,41,F,Haryana,Gurugram,Retail,Mass,Auto Loan,2023-02-18,36-45,North
404,a10797b4-89c1-4d4d-afc9-07dbb8b4e3f2,52,F,Maharashtra,Mumbai,Retail,Mass,Home Loan,2025-07-15,46-55,West
405,b271b3cb-17f6-4757-a2a7-ce37e52b6fbf,56,F,Andhra Pradesh,Visakhapatnam,Retail,Wealth,Personal Loan,2021-03-29,56-65,South
406,9fa9c9eb-48b7-4f7b-ba11-462324c0d9ff,56,M,Gujarat,Ahmedabad,Retail,Mass,Credit Card,2025-04-24,56-65,West
407,df9519a0-3f03-4d1b-ab31-7ba35e1642ca,26,M,Karnataka,Bengaluru,Retail,Mass,Home Loan,2021-03-23,26-35,South
408,bf7639b3-86e6-4c86-a56d-3b36b1c62d9f,33,M,Uttar Pradesh,Noida,Retail,Wealth,Credit Card,2021-11-03,26-35,North
409,afcecc14-ec2e-4b65-aaa3-127b31a30bd8,43,F,Maharashtra,Mumbai,Retail,High Value,Personal Loan,2020-10-24,36-45,West
410,196b78d4-bb4f-4250-accb-3fd12322515f,68,M,Andhra Pradesh,Visakhapatnam,Retail,Premium,Credit Card,2025-11-13,65+,South
411,9d24ae48-1bef-4311-a079-84daa002995f,55,F,Tamil Nadu,Chennai,Retail,Mass,Credit Card,2024-10-24,46-55,South
412,dcdfea38-fb82-433c-b1bc-045c53c4c34a,51,M,Tamil Nadu,Chennai,Retail,High Value,None,2025-09-19,46-55,South
413,d5a50caf-1085-487a-b487-1e5031f49b72,33,M,Maharashtra,Mumbai,Retail,Premium,Credit Card,2023-09-19,26-35,West
414,50d64b45-8ae1-4129-8230-a6b9531ffd00,27,M,Gujarat,Ahmedabad,Retail,Premium,Personal Loan,2021-01-18,26-35,West
415,58a2de40-8c37-47ce-98aa-c3c0e2db1583,47,F,Maharashtra,Mumbai,Retail,Premium,Credit Card,2021-10-22,46-55,West
416,71f7e88d-62c6-47ed-a216-e49f52ad10a2,24,M,Karnataka,Bengaluru,Retail,Premium,Personal Loan,2022-02-24,18-25,South
417,aea80518-4373-4f13-bc9f-5672eb786b75,35,M,Maharashtra,Mumbai,SME,Mass,Auto Loan,2021-05-11,26-35,West
418,7fb92834-180c-4252-ba82-93d200db6288,36,M,Maharashtra,Pune,Retail,Mass,Credit Card,2025-12-24,36-45,West
419,4026077e-fb12-4b93-ad06-ccd9d66eee40,57,F,Maharashtra,Mumbai,Retail,Mass,Personal Loan,2021-09-09,56-65,West
420,fc0bd8d1-01ac-4b36-a381-7fdae3527cba,33,O,West Bengal,Kolkata,Corporate,Mass,Credit Card,2024-04-17,26-35,East
421,8dbcb581-2b8d-4a89-92e7-915c3992d44f,18,M,Tamil Nadu,Chennai,SME,Mass,Personal Loan,2022-03-22,18-25,South
422,bc5a1e01-a432-48e1-89f0-357680e13962,44,F,Maharashtra,Mumbai,Retail,Mass,Personal Loan,2021-10-28,36-45,West
423,248d62f0-bb18-4126-8c8c-7a1ffa27cf93,29,M,Maharashtra,Mumbai,Retail,Premium,Credit Card,2022-04-01,26-35,West
424,71e67b2e-7b3c-4819-a034-d49ac04f55ca,38,F,Maharashtra,Mumbai,Corporate,Mass,Home Loan,2023-09-19,36-45,West
425,99e27d7b-db7f-4fd1-9d40-d464fa00e69c,36,M,Tamil Nadu,Chennai,Retail,Mass,Home Loan,2022-08-27,36-45,South
426,9a3fb51f-d9c9-469d-a1bc-b36bb3fd820c,34,M,Haryana,Gurugram,Retail,Mass,Credit Card,2023-06-09,26-35,North
427,3f6c030a-1953-4f4d-a478-857606395efe,47,F,Karnataka,Bengaluru,Retail,Mass,Personal Loan,2022-07-25,46-55,South
428,a79a5c94-01db-4d1c-ba06-6ab10bccb115,19,M,Uttar Pradesh,Noida,Retail,Premium,Credit Card,2023-06-29,18-25,North
429,1e8e3c70-adf0-45a0-9657-880724a22875,31,M,Maharashtra,Mumbai,Retail,Mass,Credit Card,2023-11-05,26-35,West
430,02cd567d-2e17-483e-9447-ab1cc8a30ced,46,F,Haryana,Gurugram,Retail,Mass,Personal Loan,2024-11-23,46-55,North
431,0a3b0068-e9a3-4400-bc3b-88b97addc6b7,30,F,West Bengal,Kolkata,Retail,Premium,Auto Loan,2023-11-19,26-35,East
432,c50f4d4b-ccf6-453b-9cb1-2e3e0bef8234,18,M,Maharashtra,Pune,Retail,Mass,None,2022-01-20,18-25,West
433,a47d6f50-1ef6-407f-b8b7-b734110e3521,46,F,Tamil Nadu,Chennai,Retail,Mass,Personal Loan,2021-03-28,46-55,South
434,a57ba7bf-fda6-41ac-80fd-f83f049102bc,51,F,Uttar Pradesh,Noida,SME,Premium,Home Loan,2025-06-09,46-55,North
435,d7a927ae-904e-49d3-9cb4-fcc6e6b3d0f0,37,M,Maharashtra,Mumbai,Retail,Mass,Credit Card,2025-01-01,36-45,West
436,cd6df4b2-2b9a-4b79-ab33-fe009f329541,18,F,Karnataka,Bengaluru,Corporate,Premium,Personal Loan,2023-03-24,18-25,South
437,4a135a9d-89f6-4ba7-9f9f-2dbe78f35604,46,M,Maharashtra,Mumbai,SME,Premium,Credit Card,2022-02-26,46-55,West
438,df735ca5-7f50-4260-8835-b75f618de2d3,18,F,Telangana,Hyderabad,Retail,High Value,Personal Loan,2025-01-27,18-25,South
439,9c88ba91-8067-4370-bd59-d61ed88dfde2,41,M,Maharashtra,Pune,Retail,Mass,Personal Loan,2024-03-23,36-45,West
440,fbce419e-2f50-4fc7-b54e-907773428877,27,M,Tamil Nadu,Chennai,Retail,Premium,None,2025-09-30,26-35,South
441,46ef8dcd-f624-4e78-8dc2-4ff32ff7fcce,24,M,Uttar Pradesh,Noida,Corporate,Premium,Credit Card,2025-09-18,18-25,North
442,11c56ba7-4eff-463d-8a8c-be26e4b50a57,32,M,Maharashtra,Mumbai,Retail,Mass,Personal Loan,2025-03-21,26-35,West
443,6136b8b8-b961-4dc6-b80e-212b126fd60a,35,F,Maharashtra,Pune,Retail,High Value,Credit Card,2022-01-04,26-35,West
444,c46b16ac-b70f-49ff-b407-2742c24ec130,30,O,Maharashtra,Mumbai,Retail,Mass,None,2021-03-30,26-35,West
445,51fd3cc0-6f61-4f7e-9cb7-c0ff118fe65f,45,M,Karnataka,Bengaluru,Retail,High Value,Credit Card,2023-04-10,36-45,South
446,36842df7-03a7-410a-bb4e-b0c32311e31b,32,M,Maharashtra,Pune,Retail,Premium,Auto Loan,2025-01-14,26-35,West
447,639712ca-1fec-4cc4-a746-148352e5ed23,49,M,Andhra Pradesh,Vijayawada,Retail,Mass,Auto Loan,2020-12-16,46-55,South
448,0053ed8d-0e25-4c36-b3fc-ef345fae27d4,41,M,Tamil Nadu,Chennai,Retail,Mass,Personal Loan,2024-06-24,36-45,South
449,314acac3-c4b7-432b-9f6f-39c5fceb1db7,29,M,Maharashtra,Mumbai,Retail,High Value,Credit Card,2025-02-26,26-35,West
450,25eafed6-0df7-4abb-b12a-95eae429add4,27,F,Tamil Nadu,Chennai,Retail,Mass,Credit Card,2025-03-31,26-35,South
451,5fa6f4e1-bba0-43f6-aff5-8497e44a7cb4,18,F,Maharashtra,Mumbai,Retail,Mass,Home Loan,2024-01-26,18-25,West
452,05b5d410-254b-4598-b81e-f1adf5c47415,41,M,Gujarat,Ahmedabad,SME,Mass,Credit Card,2021-12-22,36-45,West
453,5319721b-8d3e-4b3f-a256-b2feb04569bb,33,M,Maharashtra,Pune,Retail,Premium,Personal Loan,2023-10-30,26-35,West
454,b931ca9f-955c-449f-8d5a-07b93b2b7ca8,18,F,Maharashtra,Mumbai,Retail,Mass,Personal Loan,2023-07-26,18-25,West
455,280f4a71-8fd0-439f-8168-f8bfaff09658,31,M,Maharashtra,Mumbai,SME,Mass,Credit Card,2024-02-21,26-35,West
456,fa366e7a-9d5f-4070-8f21-b5e99722fda7,27,M,Maharashtra,Mumbai,Retail,Premium,Home Loan,2020-11-01,26-35,West
457,9cf4eeef-0465-4d8d-a51a-2ecb090e4fc4,56,M,Andhra Pradesh,Vijayawada,Retail,Mass,Home Loan,2022-04-05,56-65,South
458,ac86b9cf-1bb1-469c-9898-9e1ec06fd9ed,18,M,Delhi,Delhi,SME,Mass,Credit Card,2022-05-14,18-25,North
459,9c43d19b-3b3b-4a61-ac2a-aa761f8cd89e,20,M,Haryana,Gurugram,Retail,Mass,Personal Loan,2023-08-10,18-25,North
460,ea6e52d3-d8d5-4fbc-a6ca-6713545337e0,51,F,Tamil Nadu,Chennai,Retail,High Value,Personal Loan,2023-02-04,46-55,South
461,2eb59d65-5db8-4949-937a-e743a5661dd0,54,M,Telangana,Hyderabad,Retail,High Value,Home Loan,2021-02-27,46-55,South
462,35e1ae4c-ad23-46a1-94dd-140f70128bf7,29,F,Maharashtra,Mumbai,Retail,Mass,Credit Card,2022-05-29,26-35,West
463,d868abc2-fafe-43fe-be0b-a74791ab2a1c,30,M,West Bengal,Kolkata,Retail,Mass,Home Loan,2021-07-19,26-35,East
464,526a0d80-7f3d-4b5a-8a9a-a5e5c622a706,45,F,Karnataka,Bengaluru,Retail,Mass,Personal Loan,2025-10-13,36-45,South
465,41074905-89fd-46b1-a319-cba700a199fe,18,M,Telangana,Hyderabad,Retail,Wealth,Credit Card,2021-04-18,18-25,South
466,56196a9d-350a-4a72-a292-61a3ee96a62f,18,M,Tamil Nadu,Chennai,Retail,Mass,Auto Loan,2020-10-18,18-25,South
467,b71e53b8-3721-4157-aeb9-b8c124d3538a,34,M,Tamil Nadu,Chennai,Retail,Mass,Personal Loan,2022-05-06,26-35,South
468,b7920a73-1185-4ad5-8b44-c98b42922b24,56,M,West Bengal,Kolkata,Retail,High Value,Personal Loan,2020-10-07,56-65,East
469,fef64ee7-3fa2-4ffd-a182-36a8efe44c36,32,M,Maharashtra,Mumbai,Retail,Mass,Credit Card,2022-11-23,26-35,West
470,f6fc1c0c-0233-4f36-a0a6-2d411fd529a8,39,F,Telangana,Hyderabad,Retail,Mass,Credit Card,2024-06-28,36-45,South
471,d93946f7-80c9-41d9-8759-9cddd79a8f80,51,M,Delhi,Delhi,Retail,Mass,None,2022-09-07,46-55,North
472,49d06382-e92d-4b16-8e48-08a580935c37,63,M,Delhi,Delhi,Corporate,Premium,Auto Loan,2022-07-25,56-65,North
473,ff672063-b2b7-4d30-8abc-cd62b8978a0a,31,M,Maharashtra,Mumbai,Retail,Mass,Credit Card,2025-03-18,26-35,West
474,3ec764b0-9ed0-4499-a8b4-bb173b870404,37,F,Maharashtra,Mumbai,Retail,Wealth,Personal Loan,2024-11-24,36-45,West
475,11235191-da60-4aac-80d5-0b870561a4ed,59,F,Karnataka,Bengaluru,Retail,Mass,Credit Card,2024-05-29,56-65,South
476,dbd86418-6bad-4e19-827c-a775936a9404,19,F,Karnataka,Bengaluru,Retail,Mass,Auto Loan,2023-01-03,18-25,South
477,58840782-2da7-42c1-93d8-adeb1c6868e7,50,F,Delhi,Delhi,Corporate,Premium,Credit Card,2025-03-12,46-55,North
478,cc4c1a8f-8456-4cf6-b8af-0c8405fc08b4,25,F,Tamil Nadu,Chennai,Retail,Premium,None,2021-10-13,18-25,South
479,075d5d10-73e9-4d74-9e56-473789226bb4,39,F,Tamil Nadu,Chennai,Retail,Premium,Credit Card,2025-05-28,36-45,South
480,02f6288d-c6e5-4fc0-b9a7-ad2b972fb33f,35,M,Delhi,Delhi,Retail,Premium,Personal Loan,2020-11-09,26-35,North
481,14af3382-4069-40a9-8c8b-1f7e90dc915d,26,F,Delhi,Delhi,Retail,Mass,Credit Card,2022-04-21,26-35,North
482,5dd4167f-6a27-443e-85b3-c9bc7c26a5c4,26,F,Karnataka,Bengaluru,Retail,Premium,Credit Card,2024-02-23,26-35,South
483,9ff93307-e6c3-43d0-a9c0-3e73a0ad4451,41,M,Telangana,Hyderabad,Corporate,Mass,Personal Loan,2023-12-18,36-45,South
484,33c095fe-7b6a-4bbd-ba19-6bdd0565d669,49,F,Karnataka,Bengaluru,Retail,Mass,Personal Loan,2022-03-16,46-55,South
485,416960e2-4154-4f74-a5cf-d3e98df8c540,36,M,Maharashtra,Mumbai,Retail,High Value,Credit Card,2025-07-08,36-45,West
486,6d72b161-b8ba-4df5-86a4-b26aa516c01c,38,M,Delhi,Delhi,Retail,Premium,Personal Loan,2022-01-30,36-45,North
487,ececf809-8cfc-4f50-bdaa-4e3a98a215b8,44,M,Delhi,Delhi,Retail,Mass,Personal Loan,2022-12-24,36-45,North
488,5474eea4-2f96-4fc0-917b-79074e5c20a7,26,F,Karnataka,Bengaluru,Retail,Mass,Credit Card,2024-10-16,26-35,South
489,e4b9d3c6-4204-4eab-a74f-ead47129a0d0,46,F,Telangana,Hyderabad,Retail,High Value,Home Loan,2021-02-02,46-55,South
490,624326e4-a73b-457b-bd6d-41426df05131,47,M,Telangana,Hyderabad,Retail,Mass,Credit Card,2022-07-23,46-55,South
491,071312e4-71e6-47da-a802-11e69c77e612,69,M,Maharashtra,Pune,Retail,Mass,None,2025-02-08,65+,West
492,83da1ddc-dd10-46b7-9d6b-298de17a73df,33,M,Tamil Nadu,Chennai,SME,Mass,Auto Loan,2022-06-01,26-35,South
493,1d1fbdc2-510e-4b17-af80-6fff0f9c8f10,32,M,Tamil Nadu,Chennai,Retail,Mass,Credit Card,2023-10-02,26-35,South
494,84a510f1-d30c-4d07-a727-62623cd11ab3,47,F,Karnataka,Bengaluru,SME,Mass,Personal Loan,2021-10-26,46-55,South
495,1fea5370-02f6-48d2-afdf-1bab4b440996,47,M,Haryana,Gurugram,Retail,Wealth,Home Loan,2023-04-23,46-55,North
496,c33760b2-00ac-4a26-99dc-c60f364d473a,31,M,Telangana,Hyderabad,Retail,Mass,Personal Loan,2020-07-12,26-35,South
497,43575824-5299-40ab-8713-c2d24aa1a899,33,M,Delhi,Delhi,Retail,Mass,Home Loan,2020-12-04,26-35,North
498,11b38ba9-e410-4446-ab4d-860b85082837,44,F,Tamil Nadu,Chennai,Retail,Premium,Credit Card,2025-10-13,36-45,South
499,c0fe2c21-b92a-4263-8a52-91aee2fc0d63,28,M,Delhi,Delhi,Retail,Mass,Credit Card,2023-10-03,26-35,North
500,0aa70648-ff29-4353-9aaa-4e1854bce0a2,33,F,Telangana,Hyderabad,Retail,Premium,Credit Card,2024-11-23,26-35,South
501,3a36bd8e-511b-4573-906a-ab8c1cda8470,39,M,Maharashtra,Pune,Retail,Premium,Credit Card,2023-07-16,36-45,West
502,0c6c0114-2fcf-42e8-9d00-f1fe7e17ae26,49,M,Gujarat,Ahmedabad,SME,Premium,Auto Loan,2025-03-17,46-55,West
503,f57cdc98-27ce-41d1-a3db-9456306785e9,30,F,West Bengal,Kolkata,Retail,Premium,Personal Loan,2023-01-26,26-35,East
504,14a36cde-3085-4219-b0be-717cc4fdc4f4,18,M,Telangana,Hyderabad,Retail,Premium,Auto Loan,2025-02-27,18-25,South
505,934e8baa-c885-43f8-9d4b-31636a4f0d89,18,F,Telangana,Hyderabad,Retail,Premium,Personal Loan,2022-08-04,18-25,South
506,eaaf1eff-3e2b-4bb8-8649-9824a68413b7,22,M,Haryana,Gurugram,Retail,Premium,Home Loan,2023-07-08,18-25,North
507,fa29c6c2-a023-4b3d-99dd-de46a1410b7b,22,F,Karnataka,Bengaluru,Retail,Mass,Auto Loan,2020-07-25,18-25,South
508,8fc276d5-ab6a-4e78-a6e9-87028f1e6f91,36,F,Uttar Pradesh,Noida,SME,Premium,Credit Card,2021-03-11,36-45,North
509,563a3717-60a8-4574-88c7-8ab962e774a0,23,F,Delhi,Delhi,Retail,Premium,Personal Loan,2022-09-19,18-25,North
510,0f41757a-4bbc-4498-a626-8e550f0b7917,29,M,Maharashtra,Mumbai,SME,Mass,Home Loan,2023-07-19,26-35,West
511,e82d3287-3f9c-4465-964c-748b1c1cb794,28,F,Maharashtra,Mumbai,Retail,High Value,Home Loan,2022-01-31,26-35,West
512,c6779421-a5c6-42c4-94cb-6bc9e0001366,32,O,Uttar Pradesh,Noida,Retail,Mass,Personal Loan,2022-05-06,26-35,North
513,63c5cbdf-2546-4c9d-a666-56b4d223954b,53,M,Maharashtra,Mumbai,Retail,Mass,Credit Card,2025-03-29,46-55,West
514,4da10611-5011-467b-a2e5-762161793451,45,M,Karnataka,Bengaluru,Retail,High Value,Home Loan,2023-12-11,36-45,South
515,deacba03-59a9-4403-a064-d43fab61f9a4,38,F,Karnataka,Bengaluru,SME,Mass,Personal Loan,2020-07-27,36-45,South
516,591f5919-0b9b-484d-a89c-0455c00b1f21,32,M,Maharashtra,Mumbai,Retail,Mass,Credit Card,2024-04-02,26-35,West
517,fca11034-d264-449b-a5e6-296978a54c4e,32,F,Karnataka,Bengaluru,Retail,Mass,Credit Card,2025-12-06,26-35,South
518,79fbacf4-855d-4d39-b9b3-70a3dd41b7b1,41,F,Maharashtra,Pune,Retail,High Value,Personal Loan,2021-06-08,36-45,West
519,8dbc0f0b-e2d7-4b5e-b3c5-2afcda37fdbd,45,M,Maharashtra,Mumbai,Retail,Mass,Home Loan,2020-11-23,36-45,West
520,84b5595e-cb40-4e7e-be27-d9a6540f8e1a,27,F,Haryana,Gurugram,Retail,Premium,Personal Loan,2022-05-31,26-35,North
521,9758a532-f4e6-432a-adc2-61a61c2bee5d,38,F,Uttar Pradesh,Noida,SME,Premium,Auto Loan,2022-07-12,36-45,North
522,5fb0cb6e-64d1-4893-b0de-3d2ddeec3e31,18,M,Delhi,Delhi,Retail,Premium,Credit Card,2024-01-31,18-25,North
523,adf5e859-58e1-4642-8d7a-b3ac80fce214,40,F,Maharashtra,Mumbai,Retail,High Value,Credit Card,2024-01-14,36-45,West
524,b46fbf39-8568-4799-a11b-0cc1bea6fe2b,47,M,Tamil Nadu,Chennai,Retail,Premium,Credit Card,2020-12-30,46-55,South
525,9f683802-d8eb-4ddf-8586-69da76cb9ddb,34,M,Maharashtra,Mumbai,Retail,Mass,Credit Card,2021-04-21,26-35,West
526,1119b35e-9c0c-42a3-bdf7-ec773d837ad9,59,F,Delhi,Delhi,Retail,Wealth,Home Loan,2023-04-10,56-65,North
527,51ecb89d-ed12-408a-8296-50191b5ec9ee,27,M,Rajasthan,Jaipur,Retail,Mass,Credit Card,2024-04-15,26-35,North
528,2e5ce4aa-884c-4e97-938f-d05973542428,40,F,Andhra Pradesh,Visakhapatnam,Retail,Mass,Home Loan,2024-12-21,36-45,South
529,cf46a59f-b89d-4b43-acbb-a5851fb8daca,37,M,Maharashtra,Pune,Retail,Mass,Credit Card,2025-12-11,36-45,West
530,d77d4a44-8f8b-4615-a337-a7c325b9df66,36,M,Karnataka,Bengaluru,Corporate,Premium,Personal Loan,2023-05-11,36-45,South
531,28aae191-63e5-4fa8-b8b2-dc201679a6ee,36,M,Tamil Nadu,Chennai,Corporate,Mass,Personal Loan,2022-12-21,36-45,South
532,910ce9c5-354e-484d-8326-d57ae5e9c181,39,F,Maharashtra,Pune,Retail,Mass,Home Loan,2022-04-23,36-45,West
533,e73a553d-2cf6-49ae-ba74-8a0acac87e8f,48,F,Delhi,Delhi,Retail,Mass,Credit Card,2021-08-05,46-55,North
534,c0d1f8e7-781a-4327-8f6b-4fd97288a923,54,F,Tamil Nadu,Chennai,Retail,Mass,Credit Card,2023-12-29,46-55,South
535,9ece3360-9349-4916-ac8c-d245a49a5266,37,F,Maharashtra,Mumbai,Retail,Mass,Credit Card,2025-02-02,36-45,West
536,aa0a5bdc-91e5-454b-a065-c30aeca3627f,47,F,Karnataka,Bengaluru,Retail,Premium,Credit Card,2021-05-20,46-55,South
537,2f3824f8-2ae6-4230-ae09-9e70607564a5,29,F,Telangana,Hyderabad,Retail,Mass,Credit Card,2021-10-30,26-35,South
538,13df785b-a391-41dc-ab2d-0194d9bf3366,47,M,Maharashtra,Mumbai,Retail,Mass,Credit Card,2023-01-31,46-55,West
539,81efebf6-d75e-4825-a404-91b5fc58ff19,28,F,Maharashtra,Mumbai,Corporate,Mass,None,2025-10-15,26-35,West
540,c03a9e28-52a7-459a-ae7c-f9670b9012bc,51,F,Uttar Pradesh,Noida,SME,Mass,Personal Loan,2023-06-11,46-55,North
541,1c55a1ea-ad2a-4e6c-bb78-55b1929b9a69,64,F,Andhra Pradesh,Vijayawada,Retail,Premium,Credit Card,2022-08-12,56-65,South
542,92b2c7c3-bd56-4e1a-be1c-8e5e26ad6a4a,36,M,Telangana,Hyderabad,Retail,Mass,Personal Loan,2021-04-20,36-45,South
543,4d1bc66a-a473-446a-a2f3-85c8280f2dcf,18,M,Uttar Pradesh,Noida,Retail,Mass,Home Loan,2023-03-22,18-25,North
544,b5330f3a-6135-495b-be9f-e3caf1ce5433,31,F,Andhra Pradesh,Visakhapatnam,Retail,High Value,Credit Card,2023-06-21,26-35,South
545,2e1b7ef5-8b5e-4b4d-9edf-7bd7069aa45e,52,M,Maharashtra,Mumbai,Retail,Mass,Credit Card,2023-12-04,46-55,West
546,a3db44fa-d151-489c-ad26-893423df91dc,44,M,Delhi,Delhi,Corporate,Mass,Home Loan,2023-09-26,36-45,North
547,9d787e12-a4b3-4e33-860d-561becf61544,40,F,Delhi,Delhi,Retail,Premium,Credit Card,2025-11-30,36-45,North
548,24a0fe0c-49a9-41ba-aee4-a99070161a40,50,M,Maharashtra,Mumbai,Retail,Premium,Personal Loan,2025-06-08,46-55,West
549,af562774-561c-48e4-949e-5e7801bf6a9b,43,M,Maharashtra,Pune,Retail,Premium,Credit Card,2021-11-11,36-45,West
550,4d2659ad-04fb-4c6a-a684-476ea17b03f5,52,M,Delhi,Delhi,Retail,Mass,Personal Loan,2024-01-08,46-55,North
551,6fcd3639-6619-4539-9cca-417d3ebd1b06,49,M,Delhi,Delhi,Retail,Mass,Auto Loan,2021-05-06,46-55,North
552,ce134561-6469-4759-8b6e-824e93bfa26a,56,F,Maharashtra,Mumbai,Retail,Mass,Credit Card,2023-10-30,56-65,West
553,77eec494-e298-46ab-a628-dd43939d9332,42,F,Maharashtra,Mumbai,Retail,Mass,Home Loan,2020-07-18,36-45,West
554,aa9294d5-5a83-49f2-b1c6-a83392234535,48,F,Gujarat,Ahmedabad,Retail,Mass,Auto Loan,2025-01-05,46-55,West
555,8b1c417a-896f-41e6-9bef-a229df19a2b7,34,F,Maharashtra,Mumbai,Retail,Wealth,Home Loan,2024-12-21,26-35,West
556,2cf85c99-93a8-48f6-841a-cdf195f897ae,30,F,Karnataka,Bengaluru,Retail,Premium,Credit Card,2022-10-14,26-35,South
557,4aa346fc-5a75-4ac9-8855-5e8111342832,58,M,Karnataka,Bengaluru,Retail,Mass,Personal Loan,2021-08-10,56-65,South
558,b1f513dc-1b81-4e9e-8e00-2b0e55d2f607,40,F,Delhi,Delhi,SME,Mass,Credit Card,2025-03-20,36-45,North
559,97176a61-68da-4216-8ed9-a95db276d3ec,47,M,Telangana,Hyderabad,Retail,Premium,Auto Loan,2023-04-02,46-55,South
560,1f4c2476-26f2-484e-8ec8-c48485cf9a96,39,M,Delhi,Delhi,Retail,Mass,Auto Loan,2024-10-11,36-45,North
561,aa4ec3d4-189c-49b4-96f6-5dcb349d5075,30,F,Maharashtra,Mumbai,Retail,Mass,Home Loan,2021-12-19,26-35,West
562,3b93e0bf-6280-461b-b39c-79f4f6186313,38,F,Karnataka,Bengaluru,Retail,Mass,Personal Loan,2022-12-06,36-45,South
563,a18f8e2c-f0c7-49ba-9c18-63c639041d93,55,M,Uttar Pradesh,Noida,Retail,Premium,Personal Loan,2022-06-03,46-55,North
564,cb938c4d-75b5-46ee-b80c-360ebf04b18e,44,F,Tamil Nadu,Chennai,Retail,Premium,Auto Loan,2024-07-13,36-45,South
565,1efa5926-3db3-41be-8185-98b68357a216,18,M,Tamil Nadu,Chennai,Retail,Mass,Personal Loan,2024-06-03,18-25,South
566,881b11ec-1b00-4800-abc0-55568fc9027c,35,M,Tamil Nadu,Chennai,Corporate,Mass,Credit Card,2022-07-02,26-35,South
567,6bc857a2-8503-49b1-9445-3d608aa38b58,59,M,Maharashtra,Pune,Retail,Premium,Credit Card,2024-01-27,56-65,West
568,68f3a3d0-6d96-4bbd-9009-2ce793283ef2,35,M,Maharashtra,Mumbai,Retail,Mass,Personal Loan,2022-03-22,26-35,West
569,f586fe57-0a4d-4ac5-b842-c876fb4a2c8a,18,M,Delhi,Delhi,SME,Premium,Credit Card,2025-02-28,18-25,North
570,cd3d83f6-cf2f-4275-a8d1-6f293cd7df43,60,M,Telangana,Hyderabad,Retail,Mass,None,2024-05-09,56-65,South
571,dfbdceef-6b28-40e2-8e20-105e9b4ad032,46,M,Karnataka,Bengaluru,Retail,Premium,Home Loan,2025-06-12,46-55,South
572,a6cc0dd9-119f-4e9a-90d1-3f8a9edfbcf8,37,M,Uttar Pradesh,Noida,Retail,High Value,Credit Card,2025-07-11,36-45,North
573,8c882538-230e-4624-bb58-6d1767a387e8,33,F,Delhi,Delhi,Retail,Premium,Credit Card,2024-07-26,26-35,North
574,a0b6cd60-014e-48d9-bc1f-e44bff178083,50,F,Maharashtra,Pune,Retail,Mass,Auto Loan,2023-04-29,46-55,West
575,c90cf5b1-f20a-4994-96c3-afe151980b1f,31,F,Uttar Pradesh,Noida,Retail,Premium,Credit Card,2025-03-19,26-35,North
576,873e8c67-7f32-45e4-a80a-45298f8c76c5,51,M,Telangana,Hyderabad,Retail,Mass,Credit Card,2025-06-30,46-55,South
577,6bd46154-7647-48f5-850b-60c22505e5bc,44,F,Gujarat,Ahmedabad,SME,Mass,Credit Card,2021-03-14,36-45,West
578,0ba9be19-82c7-4445-8caa-dba9cdf6e2b6,40,F,Telangana,Hyderabad,Retail,Mass,Personal Loan,2023-03-08,36-45,South
579,53af593f-67d0-4b07-95d1-5a1a1aababa3,39,M,Uttar Pradesh,Noida,Retail,High Value,Personal Loan,2022-01-31,36-45,North
580,d835d57f-ffcc-4871-94f1-1c3a0fb01062,35,M,Karnataka,Bengaluru,Retail,Mass,Auto Loan,2022-01-10,26-35,South
581,70951b1f-f579-4f74-8ddb-419b3b47b7c2,50,M,Delhi,Delhi,Retail,High Value,Credit Card,2025-06-12,46-55,North
582,3f935a21-4829-4569-add5-c8ff60eb7e1e,27,M,Telangana,Hyderabad,Retail,Mass,Personal Loan,2022-08-10,26-35,South
583,89afddac-b9e5-48d0-a7d0-a4eba5fab603,18,M,Maharashtra,Mumbai,Retail,Mass,Personal Loan,2021-04-16,18-25,West
584,a307de21-6282-4c07-917b-d70406d25e6e,45,M,Delhi,Delhi,SME,Mass,None,2023-07-20,36-45,North
585,a2669840-a9d1-4712-b9ed-b140b56121f7,45,M,West Bengal,Kolkata,Retail,Premium,Credit Card,2021-04-13,36-45,East
586,d1407583-d889-43f0-a4ec-41563a29dda7,43,F,Tamil Nadu,Chennai,Retail,Mass,Credit Card,2020-10-28,36-45,South
587,e3814ddc-5f64-4fda-aca9-0fdf32671aa5,42,M,Maharashtra,Mumbai,Retail,Mass,Personal Loan,2023-01-05,36-45,West
588,5b80a72f-0c5f-4ba3-abca-06bbd7c33374,34,M,Karnataka,Bengaluru,Retail,Mass,None,2025-06-12,26-35,South
589,65435169-52e6-4752-9e36-34156b517690,47,F,Maharashtra,Mumbai,Retail,Mass,Auto Loan,2022-08-16,46-55,West
590,b3f9bc0f-39a0-47cf-8962-26b08494d064,37,M,Maharashtra,Mumbai,Retail,Mass,Credit Card,2021-03-08,36-45,West
591,6b0f103c-8223-45b1-b7eb-3f0c2c39b581,32,M,West Bengal,Kolkata,Retail,Mass,Personal Loan,2022-10-31,26-35,East
592,9a5ab387-e25e-4b38-99f4-9e58c90abc8a,34,M,Delhi,Delhi,Retail,Mass,Credit Card,2021-08-15,26-35,North
593,ec9b2547-90cd-42f5-be17-e9513d06d49b,62,M,Karnataka,Bengaluru,Retail,Wealth,Home Loan,2023-01-27,56-65,South
594,483f4caa-a2df-47bc-a320-38b2c7584eb9,18,M,Telangana,Hyderabad,Retail,Mass,Home Loan,2023-09-15,18-25,South
595,5ddc10f2-8a55-4b10-b00c-132815a0c540,43,M,Maharashtra,Mumbai,Retail,Mass,None,2020-10-28,36-45,West
596,520a7025-2480-4f5a-912e-6d78369e37c3,18,M,Karnataka,Bengaluru,Retail,Mass,Credit Card,2025-03-02,18-25,South
597,1292c8fc-89b9-4a24-820c-e360baf88595,36,O,Maharashtra,Pune,Retail,Mass,Personal Loan,2023-07-21,36-45,West
598,ed70d687-ff22-4f3a-a517-d0675b9f98c2,32,F,Tamil Nadu,Chennai,Retail,Premium,Credit Card,2025-02-24,26-35,South
599,fe896fea-74ec-4fee-ac29-4fa4dd5ed277,18,M,Andhra Pradesh,Vijayawada,Retail,Mass,Home Loan,2022-06-02,18-25,South
600,e302bc4a-26c2-4b10-8f72-7fe8fad4c60e,42,M,Tamil Nadu,Chennai,SME,Mass,Personal Loan,2020-12-15,36-45,South
601,7ce15f82-39e3-4f05-b485-9039f14fd586,33,M,Delhi,Delhi,Retail,Premium,Personal Loan,2020-07-16,26-35,North
602,cb2bf5ce-7457-476b-841e-7e22ec370d03,18,F,Maharashtra,Pune,Retail,Mass,Credit Card,2024-09-21,18-25,West
603,121a2ef8-4a6a-47df-a4d5-d049fd725e45,48,F,Gujarat,Ahmedabad,Corporate,High Value,Credit Card,2022-01-07,46-55,West
604,36728bee-8d4f-473f-9c79-784e7cdf6591,55,M,Maharashtra,Pune,Retail,Wealth,Home Loan,2021-03-20,46-55,West
605,709d1412-275c-437e-9621-d422e67d03d5,55,M,Rajasthan,Jaipur,Retail,Mass,Personal Loan,2021-06-09,46-55,North
606,444e6158-f6d1-4806-9a02-73943f2f9868,42,M,Haryana,Gurugram,Retail,Mass,Personal Loan,2023-04-01,36-45,North
607,3caf1eb6-33fd-445d-b7df-4c6be60fc0fe,38,F,Uttar Pradesh,Noida,Retail,Mass,Personal Loan,2025-01-18,36-45,North
608,6f387a67-3c59-410c-8254-88c633501707,53,F,Maharashtra,Mumbai,Retail,Mass,Credit Card,2023-06-23,46-55,West
609,c0f5260c-901b-477f-97b4-310070adea7a,58,M,Maharashtra,Pune,Corporate,Mass,Home Loan,2021-10-02,56-65,West
610,0d17ffd4-ed24-4d16-b019-a687c85046de,51,F,Delhi,Delhi,Retail,Mass,Credit Card,2022-08-11,46-55,North
611,e39c63e9-a478-44b7-b0c0-eaa635f80c8d,26,M,Telangana,Hyderabad,Retail,Mass,Credit Card,2023-11-17,26-35,South
612,667dd2d9-af6e-470a-95ed-d2e2fcad035e,40,F,Tamil Nadu,Chennai,Retail,Mass,Personal Loan,2024-10-28,36-45,South
613,b4756a84-dc71-4069-ace2-3fc0b60a59a0,43,F,Rajasthan,Jaipur,SME,Mass,Credit Card,2022-06-08,36-45,North
614,96820f5a-43f6-4f88-b21d-b41ae52052d6,18,M,Andhra Pradesh,Vijayawada,Retail,Wealth,None,2023-08-29,18-25,South
615,284b4458-76b2-4a28-89d9-e1bf6d21e0a8,43,M,Karnataka,Bengaluru,Retail,High Value,Home Loan,2023-06-02,36-45,South
616,90a6e411-78c8-4f4b-b3c2-a3b7c6029870,65,F,Maharashtra,Pune,Retail,Mass,Personal Loan,2020-11-12,56-65,West
617,779ce203-28e0-43fa-aff0-aef1bfb7a97d,45,M,Maharashtra,Pune,Retail,Premium,Credit Card,2025-12-14,36-45,West
618,d6e9ea2c-746e-43ae-99de-a7d875934bd9,55,F,Karnataka,Bengaluru,Retail,Mass,Personal Loan,2024-09-12,46-55,South
619,ab3bdd91-02ef-44fd-90a5-a1de484001ba,40,M,Maharashtra,Mumbai,Retail,Premium,Personal Loan,2020-12-19,36-45,West
620,b7db1556-47cd-4581-abc3-44be601a67cf,37,F,Maharashtra,Mumbai,Retail,Mass,Personal Loan,2020-12-15,36-45,West
621,8eaeedb9-00b7-4e95-8fb6-865a107936c8,42,M,Maharashtra,Pune,Retail,High Value,Personal Loan,2024-05-06,36-45,West
622,e40b37fe-0bb3-4245-87b5-b2b15d20e2a1,28,M,Delhi,Delhi,Retail,Mass,Personal Loan,2020-07-23,26-35,North
623,741ad73e-03c8-4564-8589-45efc54c1c22,26,M,Andhra Pradesh,Vijayawada,Retail,Mass,Home Loan,2024-11-04,26-35,South
624,46154f37-e663-421e-9497-c034c336d486,53,M,Delhi,Delhi,Retail,Wealth,Personal Loan,2025-09-20,46-55,North
625,de10b2c6-e87c-42c0-9441-4622e5b1186a,54,M,Kerala,Kochi,Retail,Mass,Home Loan,2024-04-27,46-55,South
626,abfe618c-bcb7-4471-a628-1035f694bf2a,26,F,Delhi,Delhi,Retail,Mass,Auto Loan,2023-02-04,26-35,North
627,7f7ec98b-00c0-4f3e-9efc-c26e228d5750,49,M,Haryana,Gurugram,Retail,Premium,Credit Card,2025-12-20,46-55,North
628,fcdf845a-864f-4142-8563-4bb5fba9c1ca,36,M,Maharashtra,Mumbai,Retail,Premium,Credit Card,2025-01-23,36-45,West
629,9c47a7ce-04d9-427f-be2c-e44179a4990e,42,M,Telangana,Hyderabad,SME,Premium,Home Loan,2021-09-03,36-45,South
630,bef86ab1-f7ce-4953-8d77-8e80ddfbf79e,43,M,Haryana,Gurugram,Retail,Premium,Personal Loan,2022-08-07,36-45,North
631,8075effc-6cec-4240-a719-0932add02e6d,49,F,West Bengal,Kolkata,Retail,Premium,Credit Card,2022-09-09,46-55,East
632,6cba42e9-5a3b-46be-a0f6-74fd30b94f6b,38,F,Haryana,Gurugram,Retail,Mass,Credit Card,2020-08-01,36-45,North
633,589f0b6f-70c2-40be-a40b-e6149f54eccc,54,M,Maharashtra,Mumbai,SME,Premium,Home Loan,2024-10-02,46-55,West
634,990b3773-4204-4c6f-91b3-0830ff10436e,41,F,Delhi,Delhi,Retail,Premium,Home Loan,2021-02-03,36-45,North
635,bc62a5e0-75e4-4d36-895c-804f44dd99f6,45,F,Maharashtra,Mumbai,Retail,High Value,Home Loan,2024-01-22,36-45,West
636,ce2dc763-8faf-485d-b34b-73779f57d3ea,28,O,Maharashtra,Mumbai,Retail,Mass,Credit Card,2020-12-09,26-35,West
637,f1e099e8-b516-4dcf-8357-2040ab1f2f0b,63,M,Tamil Nadu,Chennai,Retail,Mass,Credit Card,2021-09-18,56-65,South
638,e3f5fca5-0cbd-40f3-9498-056c850cece3,43,M,Maharashtra,Pune,SME,Premium,Home Loan,2024-11-01,36-45,West
639,8ea1d6a3-3d37-413d-979c-7b5b81cce56a,46,M,Maharashtra,Pune,SME,Mass,Auto Loan,2024-11-09,46-55,West
640,cba32b3f-3979-435a-9b36-a3c51668382c,18,F,Uttar Pradesh,Noida,Retail,Mass,Credit Card,2023-01-13,18-25,North
641,d9d1aae1-5f5d-4c93-b8ce-33a16f859787,28,F,Maharashtra,Pune,Retail,Premium,None,2023-04-02,26-35,West
642,96101729-5183-4e54-8e03-ccf180952345,52,M,Haryana,Gurugram,Retail,Mass,Auto Loan,2024-09-19,46-55,North
643,e7cc9211-88c5-42be-90cf-174efb3cb140,41,M,Maharashtra,Mumbai,Retail,Mass,Credit Card,2024-07-30,36-45,West
644,a1764766-8ea2-4455-a723-894d98d0b581,18,F,Karnataka,Bengaluru,SME,Mass,Personal Loan,2021-01-29,18-25,South
645,bdcc334d-705e-45d5-9582-0db99487230a,50,F,Tamil Nadu,Chennai,Retail,Mass,Personal Loan,2021-11-16,46-55,South
646,cf72bcf2-986d-443b-8acc-4bcc439eb4d0,31,M,Uttar Pradesh,Noida,Retail,Premium,Home Loan,2024-12-15,26-35,North
647,501628ad-9dbb-4b07-9059-cb20af3ac393,54,F,Maharashtra,Mumbai,Retail,Mass,Personal Loan,2022-01-12,46-55,West
648,6db6b62a-c72e-42be-abff-e4dc63d02359,36,M,Telangana,Hyderabad,Retail,Mass,Credit Card,2025-02-28,36-45,South
649,b84e3ff2-e4f9-4bcd-9c06-f7826d951862,40,M,Tamil Nadu,Chennai,Retail,Mass,Credit Card,2023-07-26,36-45,South
650,6b93a9df-ac29-4528-be3a-bea49e46dea1,52,M,Maharashtra,Mumbai,Retail,Mass,Auto Loan,2025-12-08,46-55,West
651,31cb1d6e-b778-4f41-ab75-96a84f888715,27,F,Delhi,Delhi,Retail,Mass,Home Loan,2022-06-13,26-35,North
652,82243c46-d635-465f-a23c-724c5007065f,26,F,Gujarat,Ahmedabad,Retail,Mass,Home Loan,2025-01-03,26-35,West
653,705a51c0-0762-4615-abbc-c7b18e275bbc,35,M,Tamil Nadu,Chennai,Retail,Mass,Credit Card,2024-09-16,26-35,South
654,8c902a4e-0887-4749-86d0-c1bd9356e823,47,M,Karnataka,Bengaluru,Corporate,Mass,Personal Loan,2024-12-18,46-55,South
655,1eaba425-d5ae-48c6-ae41-c4a12d473f5d,22,M,Uttar Pradesh,Noida,Retail,Mass,Credit Card,2024-12-31,18-25,North
656,44202e15-4dba-4b79-b94e-8b9553f9c38e,18,M,Karnataka,Bengaluru,Retail,Mass,Personal Loan,2025-07-31,18-25,South
657,f39fe807-50e2-4bff-a640-5add2f58096d,47,M,Uttar Pradesh,Noida,Retail,Mass,Credit Card,2022-12-20,46-55,North
658,7a925319-29c9-4940-8c55-7e9567888fe2,30,M,Karnataka,Bengaluru,Retail,Mass,None,2021-04-02,26-35,South
659,06858e45-418e-4d14-b649-ffa4dde9214d,33,M,Telangana,Hyderabad,Retail,Mass,Credit Card,2024-05-08,26-35,South
660,1887a838-1191-4e66-86c9-0cc975236280,18,M,Delhi,Delhi,Retail,Mass,Credit Card,2021-09-25,18-25,North
661,95189960-a8c5-42c6-855a-1b5ca5e73e48,29,M,Karnataka,Bengaluru,Retail,Mass,Credit Card,2023-01-10,26-35,South
662,7b1eabb3-3c39-423c-8e49-0574b8ed62a1,37,F,Gujarat,Ahmedabad,Retail,Premium,Home Loan,2024-08-11,36-45,West
663,5440cfa4-7db2-4b20-9bc0-daf1cc9ea3b0,49,M,Maharashtra,Mumbai,SME,Mass,Credit Card,2025-08-31,46-55,West
664,6da071e1-e944-417f-a94f-e83084525283,28,F,Maharashtra,Mumbai,Retail,Premium,Credit Card,2021-09-18,26-35,West
665,d995c66d-d197-4d88-87cb-f3241fe32e9e,57,F,Karnataka,Bengaluru,Retail,Premium,Personal Loan,2025-11-17,56-65,South
666,d9d0243a-ac3c-4c85-ba62-08dc1d3373fa,29,F,Maharashtra,Pune,Retail,Mass,Credit Card,2023-09-10,26-35,West
667,94d0c490-ef0a-4595-920a-58e3446ffd8b,29,M,Haryana,Gurugram,Retail,Mass,Personal Loan,2025-10-25,26-35,North
668,f00d8622-20dd-4bb3-ab5c-3071b730bf63,56,M,Andhra Pradesh,Visakhapatnam,Retail,Mass,Credit Card,2021-10-03,56-65,South
669,e5ad2be3-6071-431c-94dc-614e62f5fba7,40,F,Karnataka,Bengaluru,Retail,Mass,Home Loan,2020-08-01,36-45,South
670,b98cf1ed-369c-4aad-9a00-27adf746b8c4,31,M,Delhi,Delhi,Retail,Mass,Personal Loan,2024-03-26,26-35,North
671,4665b246-6ffe-45fd-ad75-9cbfb1f7fa44,36,M,Maharashtra,Mumbai,Retail,Mass,Credit Card,2024-04-14,36-45,West
672,5b1215a1-c32b-4c24-b55e-04b231986fbe,54,M,Telangana,Hyderabad,Retail,Premium,Personal Loan,2022-11-29,46-55,South
673,9bb0ec62-e73e-4576-bfe4-3f42031149ef,55,M,Andhra Pradesh,Visakhapatnam,Retail,Mass,Personal Loan,2023-04-04,46-55,South
674,c3824a25-3feb-4508-b86d-464ab26b9c47,28,M,Maharashtra,Pune,Retail,Premium,Personal Loan,2023-11-30,26-35,West
675,83461dd8-3c3a-4758-a5fc-c5daed71375e,37,F,Telangana,Hyderabad,Retail,Premium,Personal Loan,2024-01-01,36-45,South
676,b231c387-96ba-4493-b474-b1325425397b,39,M,Delhi,Delhi,Retail,Mass,None,2024-12-22,36-45,North
677,49a08dfa-bafe-4bb4-9177-71642d6918be,26,M,West Bengal,Kolkata,Retail,High Value,None,2024-08-18,26-35,East
678,0b46f0b8-b43b-416d-b261-8d447731d80d,37,F,Delhi,Delhi,Retail,Wealth,Credit Card,2022-10-18,36-45,North
679,b4b67b5c-2230-40ff-af9e-43f4f856c87f,38,M,Maharashtra,Mumbai,Retail,Mass,Credit Card,2021-12-25,36-45,West
680,e4016c5e-77ad-4518-82e1-674a898b12fc,51,F,Delhi,Delhi,Retail,Mass,Home Loan,2021-11-22,46-55,North
681,3557cf47-e9f6-424a-af9b-450b1a8a4d01,52,M,Maharashtra,Mumbai,Retail,Mass,Auto Loan,2023-03-06,46-55,West
682,39705f2b-2b51-49d2-b25c-0023570cb6d2,34,M,Karnataka,Bengaluru,Retail,Mass,Credit Card,2021-11-17,26-35,South
683,e8c4b9e1-d9fd-4ddd-bdaf-976e069856f4,35,F,Maharashtra,Mumbai,Retail,Mass,Personal Loan,2022-10-05,26-35,West
684,b7e069c3-c53d-4d8c-bb2a-87f4c6e71841,45,M,Delhi,Delhi,SME,Mass,Credit Card,2024-01-20,36-45,North
685,ceca8b62-e3c6-49ff-ab87-ec705b9c2053,30,M,Tamil Nadu,Chennai,Retail,Mass,None,2024-01-26,26-35,South
686,471c3e70-8fb9-473f-9003-2d08093aa31a,45,F,Karnataka,Bengaluru,Retail,Premium,Personal Loan,2023-03-01,36-45,South
687,6961b168-977a-4a17-9748-e66f4cd0fb8e,36,F,Delhi,Delhi,Corporate,Mass,Credit Card,2024-04-26,36-45,North
688,7c509081-1897-4ce4-8902-721c5a4bedb3,26,F,Rajasthan,Jaipur,Retail,Mass,Credit Card,2021-10-27,26-35,North
689,014f9a05-d7d3-4a24-9659-9ecc6f24e3ee,26,M,Maharashtra,Pune,Retail,Mass,Credit Card,2024-12-27,26-35,West
690,7038da10-e197-45f1-b0cf-4b2cf6dfaa72,55,M,Telangana,Hyderabad,Retail,Premium,Credit Card,2025-09-15,46-55,South
691,238a553a-85fa-4659-bce2-3d2caef5eb76,36,F,Karnataka,Bengaluru,Retail,Premium,Credit Card,2023-04-25,36-45,South
692,bfb94757-e644-4f40-a7ff-79ba6fe592ba,57,M,Gujarat,Ahmedabad,Retail,Mass,Auto Loan,2025-08-11,56-65,West
693,bdc3da2c-1cd5-48c6-8edb-0343313c34c0,31,M,Karnataka,Bengaluru,Retail,Premium,Home Loan,2024-12-14,26-35,South
694,f819902c-9b69-4d43-9553-3517bd5563b5,41,F,Karnataka,Bengaluru,Retail,Mass,Personal Loan,2023-12-11,36-45,South
695,b282b27c-2fc7-42c2-aff0-e587703d3499,66,M,Gujarat,Ahmedabad,Retail,Premium,Home Loan,2025-12-24,65+,West
696,c7ddaac3-b690-4808-ac0c-f1e7404536f4,25,M,Telangana,Hyderabad,Retail,Mass,Home Loan,2024-10-12,18-25,South
697,ce3142e3-5166-4906-a319-91b5d9303419,18,M,Maharashtra,Pune,Retail,Mass,Credit Card,2023-01-08,18-25,West
698,9bf79974-f3b9-4a02-9030-76802109448c,53,M,Telangana,Hyderabad,Retail,Premium,Credit Card,2023-12-14,46-55,South
699,b8d96e91-c1fc-47e3-ac17-f7bfd9dd0ebc,28,F,Tamil Nadu,Chennai,Retail,High Value,Home Loan,2021-02-04,26-35,South
700,b44b44db-5868-48f0-9f90-2ee98cbe255a,37,F,Karnataka,Bengaluru,Retail,Premium,Credit Card,2025-06-28,36-45,South
701,8c639773-c99a-4bc5-9f6c-506718e417f3,30,M,Karnataka,Bengaluru,Retail,Mass,Personal Loan,2022-01-23,26-35,South
702,98cd4eaa-a892-461f-817a-088d671517d9,41,M,Karnataka,Bengaluru,Retail,Premium,Personal Loan,2022-10-05,36-45,South
703,527d8cc9-3cc7-4ad7-ae7b-74d7ac03fdef,26,M,Maharashtra,Mumbai,Retail,Mass,Personal Loan,2022-06-23,26-35,West
704,79511ab8-7171-4685-b61a-e57fb188cf9b,35,M,Gujarat,Ahmedabad,Retail,Premium,Credit Card,2022-04-29,26-35,West
705,782b9c14-5d02-47c7-8874-752cc9144a45,43,M,Karnataka,Bengaluru,SME,Premium,Personal Loan,2025-09-19,36-45,South
706,60abe208-c8c1-4883-a8c6-2faf3e15b46a,25,F,Telangana,Hyderabad,Retail,Mass,Credit Card,2021-09-01,18-25,South
707,bf898f22-6158-4241-853c-2c396cad754c,29,M,Haryana,Gurugram,Retail,Mass,Credit Card,2024-03-10,26-35,North
708,792ff8a0-68c7-4ef0-ba2d-c937750ffbd4,33,M,Haryana,Gurugram,Retail,Mass,Home Loan,2022-06-10,26-35,North
709,1fb1ada3-930a-4914-8286-c59a75cf7125,20,F,Delhi,Delhi,SME,Mass,Credit Card,2024-05-24,18-25,North
710,5607bcd6-3373-48f6-8683-d16fc40a01bd,32,M,Delhi,Delhi,Retail,Mass,Auto Loan,2023-11-01,26-35,North
711,9864d2ff-65b1-4de2-a88c-866dc7379bf8,39,F,Andhra Pradesh,Visakhapatnam,Retail,Mass,Auto Loan,2022-03-03,36-45,South
712,445e6541-731e-4b61-b535-feb30e8bfc85,33,M,Tamil Nadu,Chennai,Retail,Mass,Personal Loan,2020-11-19,26-35,South
713,1e2a552d-7118-46b7-8d5f-4567eb3329f5,34,M,Haryana,Gurugram,Retail,Mass,Credit Card,2021-03-13,26-35,North
714,a6da9cd1-ea00-435d-8a99-a7aa533263f4,37,F,Gujarat,Ahmedabad,SME,Mass,Personal Loan,2022-01-10,36-45,West
715,0b8fc8f4-417b-4422-8f86-3e64856e07aa,30,M,Haryana,Gurugram,Retail,Premium,Home Loan,2023-01-20,26-35,North
716,e603ca51-a12e-4632-b6d5-5028716cd772,46,M,Maharashtra,Mumbai,Retail,Mass,Credit Card,2023-02-11,46-55,West
717,58ff4cdf-516a-4b10-90ad-692f70285120,55,M,Telangana,Hyderabad,Retail,Mass,Personal Loan,2020-09-18,46-55,South
718,5e388697-d6e5-45b7-81b3-9e149074c773,32,F,Maharashtra,Mumbai,Retail,Premium,Personal Loan,2024-11-14,26-35,West
719,efb6eccb-787a-4b0d-a161-6a957b8e68e4,43,F,Tamil Nadu,Chennai,Retail,Wealth,Credit Card,2020-10-11,36-45,South
720,9f3478fa-ed93-41d7-b5e4-39306bf53697,35,M,Rajasthan,Jaipur,Retail,Mass,Home Loan,2022-06-14,26-35,North
721,5c02b40d-dd78-4dcc-900f-71654a632a88,42,F,Telangana,Hyderabad,Retail,Mass,Home Loan,2022-08-18,36-45,South
722,0b764bbd-d5ac-443a-b4ce-c04ec637f07a,56,F,Delhi,Delhi,Retail,Mass,Personal Loan,2022-10-06,56-65,North
723,2c9719b8-4290-4f81-9b72-6107a5272fe8,44,M,Maharashtra,Mumbai,Retail,Wealth,Personal Loan,2021-07-22,36-45,West
724,5cb9c4ee-c277-4c3e-b531-8662637cca84,18,M,Rajasthan,Jaipur,Retail,Premium,Credit Card,2022-04-06,18-25,North
725,c5146b64-2d7e-4f9a-8bf5-c996ac175aa0,43,M,Maharashtra,Mumbai,Corporate,Premium,Credit Card,2025-06-26,36-45,West
726,6abb6c13-b938-47c8-aa8e-11c89f045e48,52,M,Maharashtra,Mumbai,Retail,Premium,Personal Loan,2021-09-22,46-55,West
727,0484067c-27fb-477e-b7b6-ad4d63f7a5ac,35,M,Karnataka,Bengaluru,Retail,Mass,Personal Loan,2022-01-05,26-35,South
728,f06cd0dc-e6c3-4fe2-b277-c1025614962e,49,M,Maharashtra,Mumbai,Retail,Mass,Auto Loan,2020-12-28,46-55,West
729,6cd4511a-56bd-4eb7-ae92-812c7995a69b,29,M,Delhi,Delhi,Retail,Premium,Credit Card,2020-11-16,26-35,North
730,3ae72497-a3f9-4e85-b3ea-13f1e814a02a,20,M,Telangana,Hyderabad,Retail,High Value,Credit Card,2020-10-21,18-25,South
731,b53579bb-e610-4e68-b754-3610bf54131e,39,F,Karnataka,Bengaluru,Retail,Mass,Credit Card,2025-10-08,36-45,South
732,90f65d47-b9ed-4f65-8e2e-75d827ed75c9,18,M,Maharashtra,Mumbai,Retail,Mass,Credit Card,2022-07-21,18-25,West
733,6217cef4-7f64-4e2f-af2d-7e0cfd9241e4,35,O,Maharashtra,Mumbai,Retail,Mass,Credit Card,2020-11-20,26-35,West
734,f88c515c-546e-444b-b0a6-6374679b5e4c,53,F,Delhi,Delhi,Retail,Wealth,Personal Loan,2020-09-18,46-55,North
735,6919e336-0687-4d9c-8592-167416a2ce02,18,F,Maharashtra,Mumbai,Retail,Mass,Personal Loan,2022-12-30,18-25,West
736,3f67b9a6-08db-4c65-9792-770c6a843246,22,F,Tamil Nadu,Chennai,Retail,Premium,None,2021-01-05,18-25,South
737,2c5484dc-78ca-4ab1-9716-63ee6c7ab877,25,F,Karnataka,Bengaluru,Retail,Mass,Auto Loan,2021-03-08,18-25,South
738,f4a6503a-62c9-446e-b8f8-8f7d838264e4,37,M,Karnataka,Bengaluru,Retail,Premium,Credit Card,2025-12-27,36-45,South
739,a3353483-0642-4ea0-a558-0a096d984b3b,33,F,Delhi,Delhi,Retail,Premium,Personal Loan,2021-02-27,26-35,North
740,424d8437-cfe5-4982-886b-53b40c5b69fe,54,M,Delhi,Delhi,Retail,Mass,Personal Loan,2022-07-06,46-55,North
741,a14bfdb6-3a14-4612-bdd0-e293b53e1a00,49,F,Maharashtra,Mumbai,Retail,Premium,Personal Loan,2022-11-11,46-55,West
742,6e0b842f-1716-40f5-9060-d35aa5d8586d,43,M,Maharashtra,Mumbai,Retail,High Value,Auto Loan,2025-01-10,36-45,West
743,0617cbf7-05c2-4e3e-9307-f1fe55db8726,39,M,Uttar Pradesh,Noida,Retail,High Value,Home Loan,2020-12-21,36-45,North
744,4da0ec32-725c-438c-9f5e-a3465debb682,42,M,Maharashtra,Mumbai,Retail,Mass,Credit Card,2024-05-21,36-45,West
745,4c39b5ec-d7ba-43e5-a442-8772d608856e,27,F,Telangana,Hyderabad,Retail,Premium,None,2023-09-19,26-35,South
746,651c1346-6f98-44bf-b401-94b081ac8b04,48,M,Delhi,Delhi,Retail,Mass,Personal Loan,2024-05-16,46-55,North
747,2fbf4c24-86d6-4e4e-9a41-2d60fe79c11f,24,M,Karnataka,Bengaluru,Retail,Mass,Credit Card,2020-09-10,18-25,South
748,af93ad23-5e62-4de4-8a48-d9967c5f39ad,48,M,Delhi,Delhi,Retail,Mass,Personal Loan,2023-05-11,46-55,North
749,db0b0b5e-6b81-4209-84d1-40c3bf263bea,52,M,Haryana,Gurugram,Retail,Premium,Personal Loan,2025-05-18,46-55,North
750,20cb6a4a-c7ef-491c-86a5-e5229ef045dd,40,F,Uttar Pradesh,Noida,Retail,Mass,Auto Loan,2025-12-11,36-45,North
751,fa1b8f02-28a0-4c42-988a-d3b03de86e9e,35,F,Karnataka,Bengaluru,Retail,Mass,Auto Loan,2020-08-20,26-35,South
752,07f5ccd0-c865-4021-a228-10965cd834a4,42,M,Karnataka,Bengaluru,Retail,Mass,Personal Loan,2024-09-17,36-45,South
753,fa539c34-0df1-48f3-88b5-6c1a44ba4d1e,18,M,Karnataka,Bengaluru,Retail,Mass,Personal Loan,2021-10-13,18-25,South
754,ee7db0f6-ab04-49a9-859c-e439f5c02f17,41,M,Delhi,Delhi,Retail,Mass,Credit Card,2025-11-04,36-45,North
755,98a2dc6f-ae52-489f-9da4-6ed48bc49760,36,M,Tamil Nadu,Chennai,Retail,Mass,Personal Loan,2021-02-03,36-45,South
756,b16b127a-4bde-4740-9d2b-f8716386f11e,37,F,Karnataka,Bengaluru,SME,Premium,Credit Card,2022-06-10,36-45,South
757,f388d8ca-e986-4542-92b9-94cd1834d209,46,F,Karnataka,Bengaluru,Retail,Mass,Credit Card,2024-10-09,46-55,South
758,562e4da2-55bb-40a4-8b98-b44872cbca26,37,M,West Bengal,Kolkata,Retail,Mass,Personal Loan,2021-02-18,36-45,East
759,543be979-b027-44ca-a04e-4bf5fa5bfbb2,24,F,Maharashtra,Mumbai,Corporate,Premium,Personal Loan,2024-05-16,18-25,West
760,95c45db1-f61a-4a1e-9ed3-7c6852be0055,36,M,Delhi,Delhi,Retail,High Value,Personal Loan,2020-07-16,36-45,North
761,2054012f-c8a9-4860-8f0b-e2e85f28e6bd,38,F,Maharashtra,Pune,Retail,High Value,Auto Loan,2022-09-20,36-45,West
762,f10b9d0e-6d9d-4adf-8e17-cd3e972cb183,39,M,Maharashtra,Mumbai,Retail,Premium,Credit Card,2023-07-19,36-45,West
763,1a595428-8ca6-446e-a832-ade835f358d3,39,F,Maharashtra,Mumbai,Retail,Wealth,Credit Card,2025-09-06,36-45,West
764,14778410-70b2-4987-bf14-97cca3b76a74,50,M,Maharashtra,Mumbai,Retail,Mass,Personal Loan,2024-07-30,46-55,West
765,bb00cf81-ce85-4054-a8be-d363919abd50,24,F,West Bengal,Kolkata,Retail,Wealth,Credit Card,2025-09-07,18-25,East
766,b5731067-957b-4587-b3d1-b2124c4c34c4,40,M,Maharashtra,Mumbai,Retail,High Value,Personal Loan,2021-05-01,36-45,West
767,ae54cbef-b2de-4eb0-b3cb-afc8889a685b,53,M,Maharashtra,Mumbai,Retail,Mass,Personal Loan,2025-06-15,46-55,West
768,04f47970-b76c-4a6b-80e1-53ed4519bfe3,18,M,Maharashtra,Mumbai,Retail,High Value,Credit Card,2025-05-20,18-25,West
769,4eb728b2-f159-4adf-983a-c495c373cd80,40,M,Maharashtra,Mumbai,Retail,Premium,Credit Card,2025-04-28,36-45,West
770,c89fcfb2-6983-4def-8140-279f330e2d91,30,M,Tamil Nadu,Chennai,Retail,Premium,Personal Loan,2020-09-01,26-35,South
771,7f89927c-3db3-4ba3-92cb-7376929193be,33,F,Karnataka,Bengaluru,Corporate,High Value,Credit Card,2020-09-08,26-35,South
772,ad46acf0-4dea-40f1-b329-3bd0840f2f1d,27,F,Telangana,Hyderabad,Retail,Mass,None,2022-02-02,26-35,South
773,ca58970c-fcd7-4ac2-81d6-42d4e0c1c4a3,35,M,Telangana,Hyderabad,SME,Mass,Personal Loan,2025-08-07,26-35,South
774,bb2eff82-132c-4e6b-a567-b9188961ab12,60,F,Uttar Pradesh,Noida,Retail,Premium,Personal Loan,2023-03-31,56-65,North
775,102ec2f1-1d24-413b-bcbc-98a6e5cd6d0c,22,F,Maharashtra,Mumbai,Retail,Premium,Credit Card,2020-10-23,18-25,West
776,e227fecd-bbfc-4451-8a05-004f25783df3,23,M,Uttar Pradesh,Noida,Retail,High Value,Personal Loan,2025-06-22,18-25,North
777,2f1008ca-1833-477d-9855-3052307c8523,22,M,Tamil Nadu,Chennai,Retail,High Value,Credit Card,2021-08-28,18-25,South
778,6c2095c1-ccf7-4006-8d6b-a33277a6458c,58,M,Maharashtra,Mumbai,Retail,Premium,Credit Card,2025-11-26,56-65,West
779,8251e3ff-5c38-4a68-9cfd-2ce0c66e7361,32,M,Maharashtra,Pune,SME,Wealth,Credit Card,2021-08-08,26-35,West
780,8a0e8ae0-39f5-49b1-bd12-e3444709ef2a,37,F,Uttar Pradesh,Noida,Retail,Mass,Credit Card,2023-01-08,36-45,North
781,4ab2928f-f038-4b44-8e75-c419463f9758,33,F,Karnataka,Bengaluru,Retail,Wealth,Credit Card,2021-02-21,26-35,South
782,0ce0acea-beab-4071-b7cd-a54721e914d3,26,F,West Bengal,Kolkata,Retail,Mass,Home Loan,2023-09-27,26-35,East
783,19e46600-d50f-4fc0-853c-ab43d8a919f1,35,M,Delhi,Delhi,Retail,Mass,Personal Loan,2021-09-14,26-35,North
784,83d0ac1c-a4d4-40f2-a20e-89b1417f63bf,67,F,Tamil Nadu,Chennai,Retail,Mass,Personal Loan,2021-05-22,65+,South
785,316086ad-03a2-4b1a-8d26-98dd48883415,54,F,Andhra Pradesh,Vijayawada,Corporate,Mass,Credit Card,2024-03-23,46-55,South
786,d937612d-9c84-4c55-9fa6-a8b8b15f9f7b,27,M,Delhi,Delhi,Retail,Mass,Personal Loan,2022-06-27,26-35,North
787,c56be393-9a14-4292-9f8f-d831d57af2df,45,F,Haryana,Gurugram,Retail,Mass,Personal Loan,2023-06-25,36-45,North
788,b6f15ca8-30af-4eb6-8941-8fcde0958655,28,M,Karnataka,Bengaluru,Retail,Premium,Personal Loan,2023-08-22,26-35,South
789,61fdc91d-7f7e-46d3-bbc2-19aa13aedebd,18,M,Haryana,Gurugram,Retail,Premium,Credit Card,2021-08-16,18-25,North
790,26d32724-f4a0-4af6-867d-e5a11ca0309e,50,M,Tamil Nadu,Chennai,Corporate,Mass,Personal Loan,2024-10-06,46-55,South
791,b35c8a9e-20a7-4789-8ed2-a9b0bad800ef,51,M,Karnataka,Bengaluru,SME,Premium,Credit Card,2025-05-07,46-55,South
792,8abc1456-02d1-4b53-b9a9-b16a1b1d132c,50,F,Delhi,Delhi,Retail,Mass,Home Loan,2023-05-17,46-55,North
793,8c9922c1-a198-47ad-8125-9ff08f50de6f,32,M,Karnataka,Bengaluru,Corporate,Mass,Credit Card,2021-07-03,26-35,South
794,984c32df-a175-43da-b226-4e29f3b2353f,35,M,Maharashtra,Mumbai,Retail,Mass,Personal Loan,2025-02-10,26-35,West
795,34f8ccb8-956e-4156-91a1-ecb3424d5415,46,M,Maharashtra,Mumbai,Retail,Mass,Home Loan,2024-02-21,46-55,West
796,529d3f6f-d464-4998-8787-52efc0876ea3,42,M,Karnataka,Bengaluru,Retail,Premium,Personal Loan,2022-05-08,36-45,South
797,26ee2e00-883f-42ac-8d92-f2deaef4d3e2,33,M,Maharashtra,Mumbai,Retail,Mass,Auto Loan,2023-05-24,26-35,West
798,b60b4e2f-7b8f-4481-b3cc-68ae8f4da5a3,18,M,Maharashtra,Mumbai,Retail,Premium,Credit Card,2022-09-08,18-25,West
799,37e795c3-820e-4aad-b19f-8643b9135fe8,39,F,Maharashtra,Pune,Retail,Mass,Personal Loan,2023-02-10,36-45,West
800,3206ef59-6477-49c9-a4fc-63ab5ced827f,50,M,Maharashtra,Pune,Retail,Premium,Home Loan,2021-07-26,46-55,West
801,c65d4837-731e-494e-8070-62ca8d36c198,23,F,Maharashtra,Pune,Corporate,Wealth,Credit Card,2021-03-18,18-25,West
802,bf718fa3-dd11-408b-86a3-1478ab41d3bc,45,M,Karnataka,Bengaluru,Corporate,Mass,Credit Card,2023-07-17,36-45,South
803,a1bb67af-4d63-433f-ad4f-7709675cf181,41,F,Gujarat,Ahmedabad,Retail,Mass,Credit Card,2023-08-22,36-45,West
804,d74e2709-e4e6-4124-8130-1dd6e96e23b8,47,F,Telangana,Hyderabad,Retail,Mass,Credit Card,2024-06-23,46-55,South
805,625c5fac-d7f8-4636-9a00-68feacd5970c,48,M,Maharashtra,Mumbai,Retail,Mass,Credit Card,2023-07-29,46-55,West
806,471e4d4f-1c5d-403a-adfd-0e6e7a9d0bfc,29,M,Maharashtra,Mumbai,Retail,Mass,Auto Loan,2021-06-04,26-35,West
807,72775aa4-e45b-40ff-9226-006b2767e065,18,F,Tamil Nadu,Chennai,Retail,Mass,Personal Loan,2023-04-04,18-25,South
808,5493dfcb-3968-4b59-b737-58e0783fb241,31,M,Maharashtra,Mumbai,Retail,High Value,Credit Card,2022-03-22,26-35,West
809,7379e3e3-864d-4bfc-8c5c-4385b22453c6,48,F,Telangana,Hyderabad,Retail,Wealth,Credit Card,2023-09-18,46-55,South
810,2c119fd0-5e76-4c91-8e9b-9be3dc01dbbb,31,M,Andhra Pradesh,Visakhapatnam,Retail,Mass,Credit Card,2022-02-18,26-35,South
811,c5872728-aacc-4393-bf43-84ea13118426,29,M,Maharashtra,Mumbai,Retail,Mass,Credit Card,2022-02-07,26-35,West
812,24e9631e-9d75-47d6-92eb-bf7a33aff153,18,M,Maharashtra,Mumbai,Retail,Mass,Credit Card,2023-02-10,18-25,West
813,49cfdbb2-8349-406d-a4a0-081c8b98ec90,59,F,Andhra Pradesh,Visakhapatnam,SME,Mass,Home Loan,2020-11-20,56-65,South
814,85ac05e6-efc8-4680-a5a4-9bb714fe7b0f,47,M,Telangana,Hyderabad,Retail,High Value,Personal Loan,2021-03-17,46-55,South
815,28aa66f8-4f79-4f3f-8e47-6630e81ca57c,47,F,Maharashtra,Mumbai,Retail,Mass,Personal Loan,2025-02-19,46-55,West
816,2f2f8c13-1a3e-4b72-8c92-d349a168140f,49,F,Gujarat,Ahmedabad,Retail,Mass,Credit Card,2024-10-03,46-55,West
817,dff6eee0-5d7e-485d-976c-273393b1cd75,44,M,Gujarat,Ahmedabad,Retail,Mass,Personal Loan,2020-10-10,36-45,West
818,bbda0039-a7d7-410c-88b6-a7daf4d7947e,35,M,Telangana,Hyderabad,Retail,Mass,Personal Loan,2023-10-21,26-35,South
819,9a6fef49-a944-441e-981d-c7663306a4c1,36,M,Tamil Nadu,Chennai,Retail,Mass,Personal Loan,2024-04-21,36-45,South
820,f35d7b04-746f-4459-be4f-d43c3b0c7aa8,32,M,Karnataka,Bengaluru,Retail,Mass,Credit Card,2021-08-23,26-35,South
821,8beefc87-fac9-4e94-b5ce-d737eec7d455,69,F,Maharashtra,Mumbai,Retail,Premium,None,2022-09-15,65+,West
822,270343f6-4ea1-4f7c-b9a0-c1bb323465e6,44,M,Telangana,Hyderabad,Retail,Mass,Credit Card,2025-04-11,36-45,South
823,580974a1-07dc-4699-856f-fa3121c68166,32,M,Karnataka,Bengaluru,Retail,High Value,Personal Loan,2025-07-02,26-35,South
824,ac3dca58-86e3-4bcc-9829-8ab331dec8c4,43,F,Tamil Nadu,Chennai,Retail,Mass,Home Loan,2021-07-30,36-45,South
825,977cb9dd-979c-47ea-9fda-47537bac7edd,25,F,Uttar Pradesh,Noida,Retail,Premium,Personal Loan,2021-10-25,18-25,North
826,f2a9705b-ed6c-4b28-b8ea-3c198537cddd,56,M,Maharashtra,Mumbai,Retail,Mass,None,2024-01-27,56-65,West
827,5627ed8e-907b-4883-8024-8cba14ec30d7,30,F,Telangana,Hyderabad,Retail,Mass,Credit Card,2021-04-13,26-35,South
828,bff9c037-a179-498e-8d00-855b03b39776,44,M,Karnataka,Bengaluru,Retail,High Value,Personal Loan,2025-04-25,36-45,South
829,60a9cec9-0441-4f36-952d-710727ea2696,50,F,Gujarat,Ahmedabad,Retail,Premium,Credit Card,2021-03-30,46-55,West
830,f6521518-8a36-4d3a-a005-60a45e118881,42,M,Karnataka,Bengaluru,Retail,Mass,Personal Loan,2025-07-27,36-45,South
831,ed3fbf7a-cd52-4ef9-8517-684a5391a449,39,M,Tamil Nadu,Chennai,Retail,Mass,Home Loan,2022-07-09,36-45,South
832,dc50ddb7-8cec-478c-8ca0-e664ba156ab6,38,M,Telangana,Hyderabad,Retail,Premium,Personal Loan,2021-05-21,36-45,South
833,0b05de49-dd9a-4cec-8072-deb12b1d901c,37,F,Delhi,Delhi,Retail,High Value,Auto Loan,2022-08-12,36-45,North
834,8eae180b-9d61-4b32-89ab-5b5863cc56db,31,F,Tamil Nadu,Chennai,Retail,Premium,Home Loan,2021-09-27,26-35,South
835,e9db8717-ea18-415e-842a-bfbfde6a78bf,32,M,Maharashtra,Pune,Retail,Mass,Auto Loan,2024-02-14,26-35,West
836,c1aadaf4-d7f5-4e03-8a8f-366f13d3732e,55,F,Telangana,Hyderabad,SME,Mass,Auto Loan,2024-06-04,46-55,South
837,03a580e7-4002-4d68-ae80-ca99c6cb4f7e,36,F,Maharashtra,Pune,Corporate,Mass,Personal Loan,2024-07-19,36-45,West
838,dadea5e8-ae29-47ba-a543-23624267382b,28,M,Andhra Pradesh,Vijayawada,Retail,Mass,Credit Card,2025-05-14,26-35,South
839,dacbf628-8b0a-4768-8c6e-d50bf9c0aac1,31,F,Delhi,Delhi,Retail,Mass,Home Loan,2024-06-26,26-35,North
840,92b976eb-b1b4-4e70-a7fb-8fd96b5f1b27,51,M,Telangana,Hyderabad,Retail,Premium,Credit Card,2024-08-25,46-55,South
841,3d15a5ae-ae91-4f43-a5ca-54daac220d7c,46,O,Maharashtra,Mumbai,Retail,Mass,Personal Loan,2021-11-10,46-55,West
842,fc70c8ac-9fcc-4ef0-abc1-171a731493ae,44,M,Haryana,Gurugram,Retail,Premium,Personal Loan,2024-11-02,36-45,North
843,eee8f15a-21fd-46a6-9d26-c3ea0feb3282,34,M,Telangana,Hyderabad,Retail,Premium,Personal Loan,2025-02-04,26-35,South
844,75ef8b7c-7d58-4b70-a660-65b7f5bc1c2e,44,M,Delhi,Delhi,Retail,Premium,Auto Loan,2021-12-27,36-45,North
845,c605cd89-d48e-4da6-84a4-ad14418c4f6f,30,M,Maharashtra,Mumbai,Retail,Mass,Credit Card,2023-01-22,26-35,West
846,91122ab5-110b-4595-abc1-094d32df9dbc,34,F,Gujarat,Ahmedabad,Retail,Mass,Credit Card,2024-10-27,26-35,West
847,d59c97cc-ade8-4e0a-84a4-34be42243bc9,49,M,Delhi,Delhi,Retail,Mass,None,2022-02-20,46-55,North
848,477fe36b-3373-4e90-a857-c40e6f2a8aca,48,M,Tamil Nadu,Chennai,SME,Mass,Personal Loan,2024-10-26,46-55,South
849,e0afc945-50a5-44b8-a18f-04f516164fa8,26,M,Maharashtra,Mumbai,Retail,Mass,Home Loan,2021-09-13,26-35,West
850,209e9f30-82d9-47cb-a8fb-67fb373c9b56,27,F,Rajasthan,Jaipur,Retail,Mass,Personal Loan,2025-10-29,26-35,North
851,b9e9738e-7d18-49de-9ae6-3400ecfaa9af,39,F,Maharashtra,Mumbai,SME,Mass,Personal Loan,2022-10-09,36-45,West
852,4368205f-04ba-4247-965a-12bdae673994,58,M,Maharashtra,Mumbai,Retail,Mass,Personal Loan,2022-09-26,56-65,West
853,14b1ab25-1650-4e83-ab0c-a9b5fd28b975,18,M,Uttar Pradesh,Noida,Retail,High Value,Personal Loan,2023-12-18,18-25,North
854,aecea4c1-d16f-4e6f-a140-9bfaefd5c1b7,41,M,West Bengal,Kolkata,Retail,Premium,Credit Card,2022-03-26,36-45,East
855,e6cb98d3-9c7b-4dd3-99ab-7146d690d980,21,F,Karnataka,Bengaluru,Retail,Mass,Credit Card,2023-12-04,18-25,South
856,35cee2dd-233f-458d-9305-b23165f8c3f6,30,F,Delhi,Delhi,Retail,High Value,Personal Loan,2022-06-05,26-35,North
857,b8c0a9be-2024-461e-abd6-43ff6966796c,33,F,Maharashtra,Pune,Retail,Mass,Personal Loan,2024-10-11,26-35,West
858,7ef8854e-986c-4288-8f24-d6fa71bf49c8,32,F,Gujarat,Ahmedabad,Retail,Mass,Credit Card,2022-11-21,26-35,West
859,fced2f86-e47c-4293-953e-a1122285053d,31,M,Delhi,Delhi,Retail,Premium,Personal Loan,2021-11-11,26-35,North
860,97eb0f5c-47d5-45e4-b654-24d6e43bb1f8,38,F,Telangana,Hyderabad,Corporate,Mass,Home Loan,2020-09-17,36-45,South
861,a61d04fd-fb66-44df-aa18-573bd06684b9,31,M,Maharashtra,Pune,Retail,Mass,Auto Loan,2024-01-12,26-35,West
862,19b688bd-652a-4946-b775-47280518ad7b,20,M,Maharashtra,Pune,Retail,Mass,Credit Card,2023-06-01,18-25,West
863,cbf4bb9e-382f-414b-b41d-676865609c1b,47,M,Haryana,Gurugram,Retail,Mass,Credit Card,2023-05-25,46-55,North
864,a9db7e30-beac-4a6d-b527-f37cb867fa31,47,M,Telangana,Hyderabad,Retail,Premium,Credit Card,2021-04-17,46-55,South
865,0f10d2d3-a71e-4c85-9117-0790212f9795,48,F,Maharashtra,Mumbai,Retail,Mass,Credit Card,2020-09-24,46-55,West
866,e5343d62-1a55-418b-8636-33a6e52c6037,19,M,Gujarat,Ahmedabad,Retail,Mass,Auto Loan,2022-06-19,18-25,West
867,2eaf59d7-d6c8-4fa4-ad1f-bd4ec0271fab,41,F,Uttar Pradesh,Noida,SME,Mass,None,2021-07-02,36-45,North
868,a5c6c244-7f3c-4c7b-bf8d-26a06029c7f0,46,F,Haryana,Gurugram,Retail,Mass,Credit Card,2025-07-17,46-55,North
869,4d7e9a46-a59e-43a9-a345-7956a8b59d31,25,F,Maharashtra,Mumbai,Retail,Mass,Credit Card,2021-11-05,18-25,West
870,2e0c0723-4e97-4855-a5e2-7305bc41fa93,38,F,Karnataka,Bengaluru,Retail,High Value,Home Loan,2021-07-26,36-45,South
871,2d39aa24-c023-4bff-a9a5-7935a3a36325,36,M,Maharashtra,Pune,Retail,Premium,Personal Loan,2022-02-02,36-45,West
872,fa6d2c6f-dd50-4721-a293-98c4722d53d1,60,M,Maharashtra,Mumbai,Retail,Mass,Credit Card,2022-10-21,56-65,West
873,41a9f065-baa7-420a-ad04-351d3e18572a,61,M,Kerala,Kochi,Retail,Premium,Credit Card,2021-01-28,56-65,South
874,d13b25a4-ab66-4a75-b034-ad641a860bee,18,M,Delhi,Delhi,Retail,Mass,Credit Card,2022-06-04,18-25,North
875,3f0b8513-7b75-4a88-b455-1c7a12eb2319,67,F,Maharashtra,Pune,Retail,Mass,Credit Card,2021-05-15,65+,West
876,0ba76eb9-4c6d-4232-9176-26c4d370006e,27,M,Gujarat,Ahmedabad,Retail,Mass,Personal Loan,2025-01-06,26-35,West
877,859ed9fa-b65c-4e3d-b579-32bafc1f71aa,49,M,Delhi,Delhi,Retail,Mass,Personal Loan,2022-05-12,46-55,North
878,802a795c-9fc6-4d7d-9888-df98615c7aa4,49,M,Karnataka,Bengaluru,Retail,Premium,Credit Card,2023-08-11,46-55,South
879,6de3bc98-76d4-4084-861c-9a46f91938cd,26,M,Tamil Nadu,Chennai,SME,Wealth,Auto Loan,2021-04-01,26-35,South
880,f9f95d1b-3ad7-4a23-a209-369800fb85dd,43,F,Telangana,Hyderabad,Retail,Mass,Auto Loan,2021-03-07,36-45,South
881,92592c3d-3f7b-41bd-8d72-7f03f02f6655,36,M,Delhi,Delhi,Corporate,Mass,Credit Card,2021-05-20,36-45,North
882,549ac75d-248c-4a57-8b20-3db2eba372fb,44,F,Tamil Nadu,Chennai,Retail,Premium,Personal Loan,2024-10-28,36-45,South
883,49614fa2-59da-4415-9787-dc80e5ede8c8,40,F,West Bengal,Kolkata,Retail,Mass,Home Loan,2023-04-23,36-45,East
884,d1e56cf9-5166-4ea9-87ed-c2c7af7ec960,52,F,Delhi,Delhi,Retail,Mass,Credit Card,2026-01-01,46-55,North
885,cd95b32c-fb6f-4301-8ddb-535705d9d5d9,38,M,Maharashtra,Mumbai,Retail,Wealth,Credit Card,2020-08-21,36-45,West
886,67904b21-bd45-43ae-8307-783324f60be2,35,F,Delhi,Delhi,Retail,Premium,Credit Card,2024-08-04,26-35,North
887,61e7c525-aab2-453e-a639-5bf8164d2e75,51,M,Delhi,Delhi,Retail,Wealth,Personal Loan,2022-08-02,46-55,North
888,b985a647-6150-41b5-87e4-a2201332f6ea,44,M,Maharashtra,Mumbai,SME,Mass,Home Loan,2023-05-02,36-45,West
889,995be6e1-6b40-49e6-b5d2-5262ec03830a,46,F,Maharashtra,Mumbai,Retail,Mass,Credit Card,2021-01-18,46-55,West
890,5815d80d-0e10-4ed6-8f36-0fac8f3c2321,30,F,Tamil Nadu,Chennai,Retail,Mass,Credit Card,2021-07-04,26-35,South
891,fff674eb-63df-4a3e-85f6-e1c003c2e060,25,M,Karnataka,Bengaluru,Retail,High Value,Auto Loan,2021-10-01,18-25,South
892,0e6444e7-28f1-4120-811d-2e616e8d7243,31,F,Rajasthan,Jaipur,Retail,Mass,Credit Card,2022-06-25,26-35,North
893,5bb4351c-0555-4014-b462-d6d6e0127eb5,30,M,Karnataka,Bengaluru,Retail,Mass,Auto Loan,2025-05-08,26-35,South
894,f1f51c00-7d22-4b60-a442-1ecc1a51f9a3,47,F,Maharashtra,Mumbai,Retail,Mass,Credit Card,2020-12-20,46-55,West
895,9bfe10d9-6a92-4116-aede-940dac6ae27e,49,F,Maharashtra,Pune,Retail,Premium,Credit Card,2025-08-29,46-55,West
896,163cc932-3de1-481b-875a-f009667b3a3a,36,M,Gujarat,Ahmedabad,Retail,Premium,Auto Loan,2023-07-05,36-45,West
897,f32b0c83-911a-4c9b-a88e-5fd4c894f0a8,55,F,Karnataka,Bengaluru,Retail,Premium,None,2023-12-05,46-55,South
898,85aada90-846f-4b4a-9659-64716089df04,54,F,Karnataka,Bengaluru,Retail,Mass,None,2023-11-12,46-55,South
899,424c5322-2c77-457a-bce8-4a584f5cc40e,40,F,Maharashtra,Mumbai,Retail,Premium,Home Loan,2020-08-26,36-45,West
900,c7129f1d-611c-4608-9dbe-73d149c0004a,28,F,Telangana,Hyderabad,Retail,Mass,Credit Card,2024-09-26,26-35,South
901,508bf22e-35d9-4e08-a48a-661c877ddd42,56,F,Delhi,Delhi,SME,Mass,Personal Loan,2022-10-30,56-65,North
902,b94eec11-d5a2-4c00-804c-02b19b1e0c5c,37,M,Karnataka,Bengaluru,Retail,Mass,Credit Card,2024-10-22,36-45,South
903,9723401a-40cd-484f-9925-ebadab10494b,39,F,Maharashtra,Mumbai,Corporate,Mass,Auto Loan,2021-01-04,36-45,West
904,97a8522f-b987-4145-a0c4-f9ee8795c98a,33,M,Delhi,Delhi,Retail,Mass,Credit Card,2021-12-21,26-35,North
905,74901530-a0f0-45ea-9c41-84f6f2cc5b6d,27,F,Rajasthan,Jaipur,Retail,Wealth,Home Loan,2023-09-25,26-35,North
906,bced933d-428a-4efc-8e73-f9c750038f5b,20,M,Tamil Nadu,Chennai,Retail,Mass,Auto Loan,2025-07-25,18-25,South
907,64b44703-3000-44f1-b243-a106b4c492ed,45,M,Delhi,Delhi,Retail,Mass,None,2025-03-02,36-45,North
908,04177fc1-15d3-43bd-a61a-f0cdee14bd28,28,F,Maharashtra,Mumbai,Retail,Premium,Auto Loan,2024-09-03,26-35,West
909,b658bce8-a33a-4fa4-b657-b9dd5464d849,74,M,Karnataka,Bengaluru,Retail,Premium,Credit Card,2023-10-12,65+,South
910,5be866f4-22cd-4fc7-8078-d15bf6a91688,24,M,Karnataka,Bengaluru,Retail,Mass,Credit Card,2021-02-25,18-25,South
911,a4798673-2aff-4db3-9508-3414fa780351,22,F,Maharashtra,Pune,SME,Premium,None,2025-05-07,18-25,West
912,aa5d55d9-da98-4909-9cda-4b7be0058743,44,M,Gujarat,Ahmedabad,Retail,Mass,Personal Loan,2022-11-05,36-45,West
913,cbcf9367-ae6b-4493-86c7-94bd1b851583,56,M,Gujarat,Ahmedabad,Retail,Mass,Personal Loan,2024-02-07,56-65,West
914,81af3d88-bfc4-4aae-adfe-ec81d7d484a6,38,M,Andhra Pradesh,Vijayawada,Retail,Premium,None,2025-09-30,36-45,South
915,9a558484-050c-42fa-9fbf-79a5e4f77a26,44,M,Andhra Pradesh,Vijayawada,Retail,Mass,Credit Card,2022-08-12,36-45,South
916,180dcca6-10b0-4bde-b7c3-cbdc46f1240f,18,M,Rajasthan,Jaipur,Retail,Mass,Credit Card,2022-02-23,18-25,North
917,5c4aee93-b155-48db-b613-e0fe87038d48,29,M,Maharashtra,Mumbai,Retail,Mass,Personal Loan,2020-10-01,26-35,West
918,2395e89e-dcad-4ce5-baf6-45c3258a3579,25,M,Maharashtra,Mumbai,Retail,Mass,Credit Card,2023-03-25,18-25,West
919,afbae410-d907-4801-8b0b-9d19b429476d,18,M,Karnataka,Bengaluru,Retail,Mass,Auto Loan,2024-03-22,18-25,South
920,57c210f4-4b21-4ae9-9907-2e1a721e89ab,39,M,Telangana,Hyderabad,Retail,High Value,Credit Card,2021-04-28,36-45,South
921,7cd668fb-427f-4663-ab73-7660a14616e5,18,F,Maharashtra,Mumbai,Retail,Mass,Credit Card,2024-08-25,18-25,West
922,5c8e5ecf-32f7-4333-b639-e119ecbf3352,22,F,Uttar Pradesh,Noida,Retail,High Value,Credit Card,2022-04-08,18-25,North
923,d337e090-895d-4620-8157-22033470b878,31,M,Tamil Nadu,Chennai,Retail,Mass,Auto Loan,2020-11-02,26-35,South
924,8e888839-8e52-47a3-9e0c-fef3b2c24d0e,28,M,Telangana,Hyderabad,Retail,Premium,Auto Loan,2025-12-24,26-35,South
925,c6e92a9c-8b1e-45e0-84b7-0c6a42db111b,42,F,Maharashtra,Mumbai,Corporate,Mass,Credit Card,2020-12-08,36-45,West
926,2bc2840c-2c60-4c4e-a516-d6a0b1cf87ae,41,F,Karnataka,Bengaluru,Retail,Mass,Credit Card,2024-11-16,36-45,South
927,cf5153d4-49a1-4208-9f48-4dbdb285977b,48,M,Maharashtra,Mumbai,Retail,Mass,Personal Loan,2023-05-14,46-55,West
928,b2a3ff9d-7b7d-496e-beee-fd35772883cb,47,M,Uttar Pradesh,Noida,Retail,Mass,Credit Card,2024-08-04,46-55,North
929,2fcd1e46-4ad1-48dc-bcfb-639540bb9f7d,51,M,Telangana,Hyderabad,Retail,High Value,Personal Loan,2025-03-18,46-55,South
930,254dd67e-9de1-40cf-965e-56d6538409d5,37,F,Maharashtra,Pune,Retail,Premium,Credit Card,2022-02-27,36-45,West
931,5c529df7-7696-44de-b856-351cae1935ab,41,F,Karnataka,Bengaluru,Retail,Premium,Credit Card,2023-05-13,36-45,South
932,85fdc2e6-ceed-4fc4-8de1-6ed96d0b9b92,44,F,Delhi,Delhi,Corporate,Mass,Personal Loan,2023-03-20,36-45,North
933,fb7fde69-d692-4702-88ca-1caaf77d1da0,39,M,Delhi,Delhi,Corporate,Mass,Personal Loan,2023-05-10,36-45,North
934,7922ced8-faeb-43c7-b421-0d1b72a6b990,33,M,Maharashtra,Pune,Retail,Premium,Personal Loan,2021-11-29,26-35,West
935,4e867dd9-e866-4b59-9dcf-f6769ed4f979,34,M,Maharashtra,Pune,Retail,Premium,Personal Loan,2020-09-17,26-35,West
936,12779f5e-f56d-4137-918b-8b9f1508f2cc,28,M,Karnataka,Bengaluru,Retail,Mass,Credit Card,2023-03-13,26-35,South
937,1f0c0e8e-c596-4b0a-a3e5-702089d353c4,43,M,West Bengal,Kolkata,Retail,Premium,Personal Loan,2025-02-24,36-45,East
938,e6c1b037-a185-4f2b-8109-cd576a7aa88d,36,F,Maharashtra,Mumbai,Retail,Mass,Personal Loan,2024-03-18,36-45,West
939,2e227fc3-9b81-4a75-8f12-0684fb5e83e8,30,M,Gujarat,Ahmedabad,Retail,Wealth,None,2023-04-15,26-35,West
940,1302ae1b-480c-44af-adce-76d6d4246b82,30,F,Maharashtra,Mumbai,Retail,Mass,Personal Loan,2025-06-08,26-35,West
941,963e1e55-fea9-4cf9-8034-4606ef90c584,23,M,Karnataka,Bengaluru,Retail,Mass,Auto Loan,2024-09-30,18-25,South
942,b977c26c-11fa-46da-bb52-f5f96f879fea,49,M,Uttar Pradesh,Noida,Retail,High Value,Credit Card,2024-11-22,46-55,North
943,50962566-1b42-4722-b946-7b7ae45d1ec2,38,F,Maharashtra,Mumbai,Retail,Mass,Credit Card,2020-09-04,36-45,West
944,b4e83fbc-4a36-440c-acf8-550f20eefaf4,27,F,Delhi,Delhi,SME,Mass,Credit Card,2023-10-23,26-35,North
945,cae72ee7-ec21-4ea2-8253-d81c69c13038,47,M,Delhi,Delhi,Retail,Mass,Personal Loan,2021-03-10,46-55,North
946,386e0357-6ef5-4bcb-a96e-1d8d39b2645f,31,F,Karnataka,Bengaluru,Retail,Mass,Home Loan,2022-12-26,26-35,South
947,c57b3f0a-1400-46ad-b7b3-f69b0ddaed37,21,M,Maharashtra,Pune,Retail,High Value,Home Loan,2023-03-26,18-25,West
948,c43175bd-7787-4d7f-ada5-acec620f8930,50,M,Uttar Pradesh,Noida,Retail,Premium,Personal Loan,2020-11-11,46-55,North
949,30954c30-452a-4e35-8d17-48fba32a49c1,31,M,Gujarat,Ahmedabad,Retail,Mass,Home Loan,2022-03-20,26-35,West
950,e5378bc9-6e97-4aee-8493-d3c330af7933,33,M,Karnataka,Bengaluru,SME,Wealth,Credit Card,2024-09-09,26-35,South
951,68a9eb38-6913-45e8-8852-119f1490c802,38,F,Telangana,Hyderabad,Retail,Premium,Auto Loan,2024-06-17,36-45,South
952,8cf944be-0272-4720-a053-753f9b5610ba,51,M,Karnataka,Bengaluru,Retail,High Value,Home Loan,2022-05-10,46-55,South
953,e410d021-3a2f-4959-bd7b-e004bdfbac9c,38,F,Karnataka,Bengaluru,SME,Mass,Personal Loan,2025-12-28,36-45,South
954,12669d9d-2f19-4986-a021-01b02fbb8fb7,23,F,Maharashtra,Mumbai,Retail,Mass,Auto Loan,2025-03-02,18-25,West
955,0e9385fc-b9a9-4d32-a07c-b3e6951f21d3,44,M,West Bengal,Kolkata,Retail,Mass,None,2025-08-06,36-45,East
956,dcaef6a1-b43f-48dd-8f4b-76ec2925bbb8,32,M,Gujarat,Ahmedabad,SME,Mass,Credit Card,2022-02-04,26-35,West
957,eb653608-24ec-4d4d-8fa0-68ed2998434e,60,M,Maharashtra,Pune,Retail,Premium,Personal Loan,2023-08-03,56-65,West
958,1cd55e4f-8d08-4185-afcb-eaa7f0349324,37,F,Telangana,Hyderabad,Retail,Mass,Home Loan,2025-12-10,36-45,South
959,f648b7bc-64df-47b3-b52f-c43916e5e4bc,18,F,Delhi,Delhi,Retail,Mass,Credit Card,2021-12-10,18-25,North
960,f8f69f7c-a6f2-4208-9066-543d0949c84b,42,F,Telangana,Hyderabad,Retail,Premium,Personal Loan,2022-05-31,36-45,South
961,f4c2e5ce-6dd2-4cd0-bf64-66ac5c62eb2e,61,M,Telangana,Hyderabad,Retail,Mass,Auto Loan,2022-01-25,56-65,South
962,69727992-656d-454a-bc75-7aff41993cfa,56,M,Delhi,Delhi,Retail,Mass,Credit Card,2025-02-09,56-65,North
963,bd258e23-5315-4a65-9224-b3d04c266d35,59,M,Maharashtra,Mumbai,Corporate,Premium,Auto Loan,2021-03-19,56-65,West
964,21080b72-7e7c-4d3d-ae60-bdcc12f62472,25,M,Maharashtra,Mumbai,Retail,High Value,Credit Card,2025-01-06,18-25,West
965,e2e912aa-6c5d-4a27-a94c-0c52af1093a3,48,F,Rajasthan,Jaipur,Retail,Mass,Personal Loan,2022-11-17,46-55,North
966,51cbc4a7-3f90-4773-aa09-068acefc8d94,29,M,Delhi,Delhi,Retail,Wealth,None,2022-12-11,26-35,North
967,dfaba3be-1a62-4798-9eb4-0ad2d6f7ec12,40,M,Rajasthan,Jaipur,Corporate,Premium,Credit Card,2024-10-21,36-45,North
968,9faba83c-01f1-4500-a8ea-91fd6194b6cd,22,M,Maharashtra,Mumbai,Retail,Premium,Credit Card,2023-12-13,18-25,West
969,52ddb764-12a4-4f4b-8f99-71d00f14361b,30,M,Telangana,Hyderabad,Retail,Mass,Credit Card,2025-09-19,26-35,South
970,f4c8fe74-450a-4e97-af6b-96314e0267fb,29,F,Karnataka,Bengaluru,Retail,Premium,Personal Loan,2023-06-04,26-35,South
971,69be96f5-51d6-4752-b8dc-bda1bd4cc992,48,M,Karnataka,Bengaluru,Retail,Premium,Credit Card,2022-04-18,46-55,South
972,830c541c-8115-41da-adac-547d1e4d1ff5,47,F,Maharashtra,Mumbai,Corporate,Mass,Credit Card,2024-04-24,46-55,West
973,b181d33f-58ad-4b03-af54-5f7ac89a7550,41,F,Maharashtra,Mumbai,Corporate,Wealth,Auto Loan,2023-01-22,36-45,West
974,7c289c09-d4b8-44e1-9486-66e820164f39,21,F,West Bengal,Kolkata,Retail,High Value,None,2020-10-13,18-25,East
975,c24a15ae-b863-41c1-b6a6-8ef49a682b4f,34,F,Karnataka,Bengaluru,Retail,Mass,Home Loan,2024-09-19,26-35,South
976,72fffbc6-8e4b-49ce-85bc-a75f064e60df,29,F,Tamil Nadu,Chennai,Retail,Premium,Personal Loan,2024-05-30,26-35,South
977,bc7c7156-e24d-4df6-b87a-3c6d53fd7f9f,48,F,Delhi,Delhi,Retail,Mass,Credit Card,2025-05-07,46-55,North
978,5fc631ee-cfe7-4825-b78f-78f6b6b4012f,52,M,Delhi,Delhi,Retail,Premium,Personal Loan,2023-01-13,46-55,North
979,38ba3878-a4d9-4b33-a5c0-2291712f0b5c,50,M,Telangana,Hyderabad,Retail,Premium,Home Loan,2024-11-20,46-55,South
980,b0a5b322-e506-405f-bc90-4bf3a37aa800,28,F,Maharashtra,Mumbai,Retail,Mass,Credit Card,2021-04-29,26-35,West
981,55536b94-6d06-443e-aea4-99e12684dfaf,18,M,Andhra Pradesh,Vijayawada,SME,Mass,Auto Loan,2024-05-30,18-25,South
982,3d53367c-8171-4b46-86c0-ac6dc1ec7602,18,M,Haryana,Gurugram,Retail,Mass,Credit Card,2022-05-14,18-25,North
983,165d11fa-b84e-49cd-8124-a860eaed4aa8,55,F,Maharashtra,Pune,Retail,High Value,Personal Loan,2024-12-19,46-55,West
984,8337e898-e0a2-4e3c-b13d-06d670d979f1,33,M,Delhi,Delhi,Retail,Mass,None,2024-03-27,26-35,North
985,4e6946fe-0684-4d42-b3b8-7a69778620a9,28,M,Maharashtra,Mumbai,Retail,High Value,Credit Card,2025-01-24,26-35,West
986,ee5348b3-fa9a-48dd-b10d-cd807e9585bb,57,F,West Bengal,Kolkata,Retail,Mass,Auto Loan,2022-12-24,56-65,East
987,b90e0f6a-8cd6-4443-843d-ae9aa32d82e8,53,M,Karnataka,Bengaluru,Retail,Mass,Auto Loan,2025-11-07,46-55,South
988,e5444284-945a-407d-8377-402fd52bf1b9,38,F,Maharashtra,Mumbai,Retail,High Value,Credit Card,2025-07-20,36-45,West
989,b3853eeb-7c2b-4a92-8d77-610b1f84a4da,34,M,Karnataka,Bengaluru,Retail,Mass,Credit Card,2023-04-05,26-35,South
990,bc31191b-ea8f-4e7b-a1b6-b51e2b6a3058,36,F,Haryana,Gurugram,SME,Mass,Credit Card,2023-01-06,36-45,North
991,ca292014-e4e3-42d7-ac6f-5d3271bcc2e4,40,F,Tamil Nadu,Chennai,SME,Mass,Home Loan,2024-03-13,36-45,South
992,15f062b2-49c0-4786-b40c-d5a0b26b4f16,57,M,Maharashtra,Pune,Retail,Mass,None,2023-08-23,56-65,West
993,601cded4-6c47-46fd-9783-84938d1208a1,43,M,Haryana,Gurugram,Retail,Mass,Personal Loan,2023-09-22,36-45,North
994,7ba29eb3-5fd4-4bc6-bfe8-b19eea13b1ba,46,M,Karnataka,Bengaluru,Retail,Mass,Credit Card,2021-11-08,46-55,South
995,a950b534-0ac6-4b9f-866e-a37ca373fc53,52,M,West Bengal,Kolkata,Retail,Premium,Personal Loan,2023-07-24,46-55,East
996,c62d19a3-3e8d-4892-b60d-8a62f0db18a1,23,M,Delhi,Delhi,Corporate,Mass,Credit Card,2021-05-12,18-25,North
997,a1500d9c-a307-4b33-a46d-85594aa44e08,47,O,Tamil Nadu,Chennai,Corporate,Mass,Home Loan,2024-10-24,46-55,South
998,415d5d6b-d058-4b65-b0fa-068dc6e6d669,34,M,Maharashtra,Mumbai,Retail,Mass,Auto Loan,2024-11-28,26-35,West
999,1549ecec-617f-4f0d-9f04-123441851b8e,18,F,Andhra Pradesh,Visakhapatnam,Retail,Mass,Credit Card,2023-10-17,18-25,South
1000,aefeb451-a7a9-4118-9e74-c4c5f0e9a490,18,M,Karnataka,Bengaluru,Retail,Wealth,Credit Card,2025-07-22,18-25,South
1001,7112ecbe-f2c9-4866-b9b8-6d0c84796404,25,F,Maharashtra,Mumbai,Retail,Mass,Personal Loan,2022-04-30,18-25,West
1002,7213ef25-ed07-40b4-9357-be62aa60a01b,44,M,Delhi,Delhi,Corporate,Mass,Personal Loan,2023-11-12,36-45,North
1003,50867b48-ffb4-4689-800f-487084c95a36,39,M,Maharashtra,Mumbai,Retail,Mass,Credit Card,2023-12-31,36-45,West
1004,21d65ff5-7a88-476f-8c9a-4f63dab22436,40,F,Maharashtra,Mumbai,Retail,High Value,Auto Loan,2023-01-29,36-45,West
1005,02b6f573-f116-4619-b56b-8d0b8e4d4308,61,M,Tamil Nadu,Chennai,Retail,Premium,Credit Card,2025-07-21,56-65,South
1006,eb6d09b2-32d0-465c-ae5b-0be25486f269,22,F,Delhi,Delhi,Retail,Premium,Personal Loan,2023-12-10,18-25,North
1007,9b498bd2-d44b-4e74-98a5-97d9cccce54b,37,M,West Bengal,Kolkata,Retail,High Value,Credit Card,2020-09-05,36-45,East
1008,31277e02-816a-4781-a168-db607d5d956f,41,M,Karnataka,Bengaluru,SME,Premium,Personal Loan,2022-07-24,36-45,South
1009,dcd7c1c5-3a3c-43f6-8535-ae913db9b4a4,29,M,Maharashtra,Pune,Retail,Wealth,Personal Loan,2022-11-11,26-35,West
1010,3a284b4a-6319-42ad-8a7b-7a012682d1e1,38,F,Delhi,Delhi,Retail,Mass,Auto Loan,2023-03-27,36-45,North
1011,8c379240-0991-4f12-93d6-8b20a1b716fb,18,M,Tamil Nadu,Chennai,Retail,Premium,Personal Loan,2023-06-09,18-25,South
1012,5bf56872-98d0-441c-a1e7-1f1c946c5fa4,54,M,Telangana,Hyderabad,Retail,High Value,Credit Card,2020-11-15,46-55,South
1013,5719bf6d-893f-447a-8e22-36f265f2e503,29,M,Delhi,Delhi,Retail,High Value,Credit Card,2020-11-28,26-35,North
1014,c592cc6e-96ad-42e9-8f71-7037fd58eca9,62,M,Rajasthan,Jaipur,Retail,Mass,Personal Loan,2023-10-06,56-65,North
1015,1993d770-8897-46d7-bd47-426aa1d9e1eb,37,M,Karnataka,Bengaluru,Retail,Premium,Personal Loan,2020-12-09,36-45,South
1016,0423e220-f37f-493e-bec0-0d3bf01fb6b9,50,F,Maharashtra,Mumbai,Retail,Mass,Personal Loan,2025-07-21,46-55,West
1017,b0d5fd34-29aa-4369-961e-3636f1d83186,37,M,Tamil Nadu,Chennai,Retail,Premium,Personal Loan,2024-04-02,36-45,South
1018,d78c7cb2-3bdc-4d80-8a64-39023e05091b,37,F,Uttar Pradesh,Noida,Retail,Mass,Auto Loan,2024-05-08,36-45,North
1019,4c7961e1-57c8-4786-a867-f53e3a3747d9,30,M,Maharashtra,Mumbai,SME,Mass,Credit Card,2022-03-09,26-35,West
1020,74a5ef54-c2b7-4d9b-a84b-b4defb68b65f,39,M,Delhi,Delhi,Retail,Premium,Credit Card,2022-09-08,36-45,North
1021,2d72a148-a9fd-48ac-b642-ba007dd6a1c5,41,M,Gujarat,Ahmedabad,Retail,Mass,Credit Card,2023-06-01,36-45,West
1022,29a289cd-ae3c-4a7e-99f6-f20543ae7a29,28,M,Maharashtra,Pune,Retail,Mass,None,2024-08-07,26-35,West
1023,c7d3f130-e78f-4c5a-ad8d-7da348b152a5,36,M,Andhra Pradesh,Visakhapatnam,Retail,Mass,Personal Loan,2023-03-25,36-45,South
1024,3e50e48e-d7d4-4a92-9674-7cf2bf57a198,30,M,Telangana,Hyderabad,Retail,Premium,Auto Loan,2024-07-13,26-35,South
1025,e3e248cb-f3a6-4732-9ff0-9b5f360f6f79,65,M,Tamil Nadu,Chennai,Retail,Premium,Personal Loan,2023-04-13,56-65,South
1026,fd7f4f90-e964-4d33-bf9a-3ddae4d6279b,36,F,Karnataka,Bengaluru,Retail,Premium,None,2024-02-22,36-45,South
1027,94b0e561-0ce1-45fd-8601-2b3691b2ca54,56,M,West Bengal,Kolkata,Retail,Mass,Personal Loan,2021-02-19,56-65,East
1028,4728918a-2419-4cfd-9562-d6810f50ceb9,35,M,Delhi,Delhi,Retail,Premium,Personal Loan,2021-12-01,26-35,North
1029,fa07696a-11d7-4e16-9eb8-ee91dc91bc5d,41,M,Maharashtra,Pune,Corporate,Premium,Credit Card,2025-01-16,36-45,West
1030,026cfd4a-a968-4da8-b4ae-09cb35c6803f,22,M,Delhi,Delhi,Retail,Mass,Personal Loan,2020-11-08,18-25,North
1031,8a23755f-8382-4c6b-859c-b909d8a8ec74,32,F,Telangana,Hyderabad,Corporate,Mass,Home Loan,2022-05-25,26-35,South
1032,d6aa840a-69ef-45f3-99e0-9f9957177fa6,40,M,Maharashtra,Pune,Retail,Mass,Credit Card,2024-02-01,36-45,West
1033,3ac6db99-0563-4597-9620-97a041bc3cb6,57,F,Telangana,Hyderabad,Retail,Mass,Credit Card,2023-02-06,56-65,South
1034,c2ac6792-ae38-480d-b81a-37061b653b7b,40,M,Gujarat,Ahmedabad,Retail,Mass,Personal Loan,2024-12-07,36-45,West
1035,96a6814d-7014-4a2a-8f48-2efb7da826e6,54,M,Delhi,Delhi,Retail,Mass,Credit Card,2025-09-30,46-55,North
1036,ea50c5be-74c0-4ba5-96b3-e902c51bc9b6,45,F,Tamil Nadu,Chennai,Retail,Mass,Personal Loan,2023-09-13,36-45,South
1037,37c7f619-d45a-4901-a9c8-ad833b42ebf9,57,M,Karnataka,Bengaluru,Retail,Mass,None,2021-09-20,56-65,South
1038,826054f3-4869-4c04-9cdb-2913d633cc1e,37,F,Delhi,Delhi,Retail,Mass,Credit Card,2024-01-29,36-45,North
1039,174e8c1b-f575-4eb3-aecf-79b3e08bf463,66,M,Delhi,Delhi,Retail,Premium,Credit Card,2023-11-25,65+,North
1040,9e1302b0-e662-4c7c-8681-bc896bd08ed3,32,F,Maharashtra,Mumbai,Retail,Mass,Auto Loan,2020-07-31,26-35,West
1041,cdbd1963-1c7a-4d65-9294-962115e65349,28,M,Maharashtra,Mumbai,Retail,Mass,Credit Card,2020-08-06,26-35,West
1042,0478c573-f996-4552-bda1-556c311aee45,23,M,Tamil Nadu,Chennai,Retail,Premium,Credit Card,2023-06-19,18-25,South
1043,a3556a05-3dbd-482b-ae53-c1a86cc42970,65,F,Tamil Nadu,Chennai,Retail,Mass,Personal Loan,2025-10-05,56-65,South
1044,638bf018-835f-46d7-86d5-06613692ba0a,47,M,Tamil Nadu,Chennai,Retail,Mass,Credit Card,2022-04-14,46-55,South
1045,525772e0-837f-4c8d-8282-e08c33454a40,33,M,Maharashtra,Mumbai,Retail,Mass,Credit Card,2022-02-02,26-35,West
1046,1bf12b87-2b3d-49f8-a726-58c6bdc1ca4b,52,O,Karnataka,Bengaluru,Retail,Mass,Personal Loan,2020-12-31,46-55,South
1047,1c7c1bb2-dc6c-4d01-a6ce-98a828ee73f6,46,F,Maharashtra,Mumbai,Retail,Mass,Home Loan,2020-10-23,46-55,West
1048,0fa43646-c317-48b2-9177-c9ea0b29bbf8,61,F,Maharashtra,Pune,Retail,Mass,Personal Loan,2022-07-23,56-65,West
1049,2947eb54-924f-417e-bfbb-44e77fb8ac28,19,F,Uttar Pradesh,Noida,Retail,Mass,Credit Card,2025-06-01,18-25,North
1050,f796efad-d752-4eb1-b580-d8f2ba6d9155,34,F,Karnataka,Bengaluru,Retail,Mass,Personal Loan,2024-08-21,26-35,South
1051,517849b9-374b-4d63-802f-25ccc9795488,32,F,Tamil Nadu,Chennai,Retail,Wealth,Credit Card,2022-01-29,26-35,South
1052,7398b6b0-fac0-47e6-ad51-3365cfe7aa5d,18,F,Maharashtra,Mumbai,Retail,Mass,Auto Loan,2022-09-05,18-25,West
1053,b78ae0f5-a6c7-4c00-96fb-1a23f1682b2a,50,M,Karnataka,Bengaluru,Retail,Mass,Personal Loan,2023-08-14,46-55,South
1054,6de4f8b1-b9a2-476a-bba9-c02708a0851f,34,M,Maharashtra,Mumbai,Retail,Mass,Credit Card,2023-10-21,26-35,West
1055,fd2f2ebb-883b-4968-95c1-610302b353a6,46,F,Karnataka,Bengaluru,Retail,Premium,Credit Card,2022-02-12,46-55,South
1056,9e24d6e5-bf14-40c1-83f5-fa6393782795,66,F,Tamil Nadu,Chennai,Retail,Premium,Auto Loan,2023-09-10,65+,South
1057,50fdc734-86a7-4690-889c-7c538962c84b,33,M,West Bengal,Kolkata,Retail,Premium,Personal Loan,2025-02-26,26-35,East
1058,06afe026-940d-40ba-a5e7-d8f4cec5bf45,32,M,Karnataka,Bengaluru,Retail,Mass,Home Loan,2020-08-22,26-35,South
1059,e6cda9f7-0833-4684-a735-0062220b6e93,39,M,Telangana,Hyderabad,Retail,Mass,Credit Card,2024-02-03,36-45,South
1060,77810f9e-4dd0-4c79-9c53-203b6b099b23,49,M,Maharashtra,Pune,Retail,Premium,Credit Card,2024-06-23,46-55,West
1061,e98f2439-4468-43ad-8323-408a6ed7caac,31,F,Rajasthan,Jaipur,Retail,Mass,Credit Card,2025-08-16,26-35,North
1062,f4fafddb-7a05-45d0-afbd-e70553be6800,30,M,Tamil Nadu,Chennai,Corporate,Wealth,Credit Card,2023-06-09,26-35,South
1063,16751f49-c416-4e47-95e8-ee35a97452a1,50,F,Karnataka,Bengaluru,Retail,Mass,Credit Card,2020-08-08,46-55,South
1064,d71a9a52-0a83-4e33-93e4-a5589f2b4fb4,42,F,Tamil Nadu,Chennai,Retail,Mass,Personal Loan,2025-02-16,36-45,South
1065,28f05902-3758-41ad-85f8-d5d9dba82b50,18,F,Karnataka,Bengaluru,Retail,Mass,Credit Card,2024-08-30,18-25,South
1066,190df858-f440-477e-9331-4e2c4d65fe4b,23,M,Kerala,Kochi,Retail,Mass,Credit Card,2025-01-09,18-25,South
1067,e3cfd070-9e09-453e-ab59-96cec0d03baf,56,F,Delhi,Delhi,SME,Premium,Credit Card,2025-06-27,56-65,North
1068,f5c0f29b-4877-4742-96b3-5265f3acd5fb,42,F,Tamil Nadu,Chennai,Retail,Mass,Personal Loan,2022-09-13,36-45,South
1069,4b58911b-cc70-4547-86f5-ecbd8df22698,28,F,Maharashtra,Mumbai,Retail,Mass,Credit Card,2024-05-15,26-35,West
1070,e4597c6b-b8fe-4914-a7bd-f482416873cc,35,M,Delhi,Delhi,Retail,Premium,Credit Card,2021-11-21,26-35,North
1071,0ddd30e9-a7cc-44ba-814d-6c38db10d8a8,38,M,Gujarat,Ahmedabad,Retail,High Value,Credit Card,2023-10-23,36-45,West
1072,e8ba9459-60f7-4cb3-b810-a37ab5617c2e,46,F,Tamil Nadu,Chennai,Retail,Premium,Auto Loan,2022-07-09,46-55,South
1073,7ebcb0ed-a215-41d7-9cad-1df6e5aa340b,21,M,Delhi,Delhi,Retail,Wealth,Credit Card,2025-07-07,18-25,North
1074,b70b9990-fe4a-4502-b56c-c4e026b288b7,27,M,West Bengal,Kolkata,Corporate,High Value,Credit Card,2024-03-14,26-35,East
1075,c5e2c5d2-c266-4346-b852-005b20ae9d4b,41,F,Uttar Pradesh,Noida,SME,Mass,Personal Loan,2023-09-26,36-45,North
1076,5de4f1a7-0988-4ddc-b8fc-af4926140258,36,F,Karnataka,Bengaluru,Retail,High Value,None,2025-09-04,36-45,South
1077,ce9981b3-65f9-4ed9-a518-6644c1a6dcdc,44,M,Telangana,Hyderabad,Corporate,Wealth,Personal Loan,2023-09-16,36-45,South
1078,3047c5eb-4ef8-4c45-9ba5-876ef19cb792,23,M,Delhi,Delhi,Retail,Mass,Credit Card,2023-06-06,18-25,North
1079,5ae4ed1a-2197-46cb-981a-5d41e340b268,42,M,Tamil Nadu,Chennai,Retail,Premium,Personal Loan,2023-10-17,36-45,South
1080,db2693a0-6333-4908-87bd-a994689a16ea,51,F,Karnataka,Bengaluru,SME,Mass,Personal Loan,2023-03-30,46-55,South
1081,f332b7f3-21cf-4b44-884d-a00180e265bf,43,F,Karnataka,Bengaluru,Retail,Premium,Home Loan,2021-08-21,36-45,South
1082,6bc04783-b086-4477-8276-dd22a8037898,39,M,West Bengal,Kolkata,Retail,Mass,Personal Loan,2021-10-13,36-45,East
1083,0b5cb2e5-5fbf-4b0e-a409-d31f1c1a5bf1,36,M,West Bengal,Kolkata,Retail,Premium,Personal Loan,2025-12-04,36-45,East
1084,08ff3843-f0a6-4945-b428-1a5aa6dd964a,27,M,Uttar Pradesh,Noida,Retail,Mass,Personal Loan,2022-07-01,26-35,North
1085,9db6ca01-4e17-4c58-b28d-2d2cdd5510a6,37,M,Kerala,Kochi,Retail,Mass,None,2021-01-19,36-45,South
1086,8bc1d6cc-2426-46bc-8d8a-fb6dfece7ca1,53,F,Maharashtra,Pune,Retail,Mass,Home Loan,2021-03-26,46-55,West
1087,9311013f-fae1-41de-841c-1283ed74282e,36,M,Maharashtra,Pune,Retail,Premium,Auto Loan,2024-03-26,36-45,West
1088,86fdd06f-aaeb-40d0-be9f-2072001c990c,27,M,Maharashtra,Pune,Retail,Mass,Auto Loan,2021-09-19,26-35,West
1089,64854bc9-c8b2-4482-bae8-7fb3cc10acb4,32,M,Delhi,Delhi,Retail,Premium,Auto Loan,2021-08-14,26-35,North
1090,24402411-4497-43df-b228-e94594fd20a9,40,M,Delhi,Delhi,Retail,Mass,Credit Card,2024-01-01,36-45,North
1091,25e9543d-ffdc-40e6-903d-b65ad0156b6e,33,F,Karnataka,Bengaluru,Retail,Mass,Personal Loan,2021-03-30,26-35,South
1092,28a82b5c-2a31-4e45-aa21-f9e90528517e,43,F,Tamil Nadu,Chennai,Retail,Mass,Personal Loan,2022-07-17,36-45,South
1093,11dc05dd-b484-46f6-96dc-5ef1eb7a0259,44,F,Karnataka,Bengaluru,Retail,High Value,Personal Loan,2021-11-21,36-45,South
1094,e24f9326-1f3c-42da-9e41-d25e5b0471e8,48,M,Karnataka,Bengaluru,Retail,Mass,Credit Card,2021-11-29,46-55,South
1095,5a2b89a6-6205-453c-a2e8-536eaa92ac24,55,F,Telangana,Hyderabad,Retail,Premium,Personal Loan,2021-09-22,46-55,South
1096,a551f087-6665-419a-8bf9-91ac9c687aee,49,M,Delhi,Delhi,SME,Mass,Personal Loan,2020-10-06,46-55,North
1097,e2b3bc35-8698-4bde-a783-65245ed6c9d5,26,F,Karnataka,Bengaluru,Retail,Premium,Credit Card,2021-04-23,26-35,South
1098,7d8f1e0d-4547-4a40-86a9-bedfbefb0635,27,F,Haryana,Gurugram,Retail,Mass,Personal Loan,2023-09-10,26-35,North
1099,7bc353b8-eb03-419f-ae9f-4ad88160138a,37,M,Uttar Pradesh,Noida,Retail,Mass,Personal Loan,2022-12-04,36-45,North
1100,a1194578-c8a8-48ef-86de-9e039af262f2,32,F,Maharashtra,Mumbai,Retail,Mass,Personal Loan,2022-06-15,26-35,West
1101,0c4f365f-c90e-44f5-a8e4-d52ec1416dfd,24,M,Maharashtra,Mumbai,Retail,Mass,Credit Card,2021-04-24,18-25,West
1102,55e6bd21-e99e-452f-b624-3eea4208fb72,32,F,Karnataka,Bengaluru,Retail,Mass,Personal Loan,2023-11-08,26-35,South
1103,a788d083-fb01-4803-aadb-77efa5358a0c,32,M,Haryana,Gurugram,Retail,Mass,Personal Loan,2024-04-16,26-35,North
1104,62b7a667-ffaa-4789-baf0-485ab5342bb2,29,M,Uttar Pradesh,Noida,Corporate,Mass,Personal Loan,2021-12-18,26-35,North
1105,6ad61567-82ca-40db-8efa-2a3c6f48303e,34,M,Maharashtra,Mumbai,Retail,Wealth,Home Loan,2020-10-11,26-35,West
1106,f61aa9ce-679b-4b3a-ba50-18f0f6e7755b,52,M,Maharashtra,Pune,Retail,Mass,Personal Loan,2021-01-04,46-55,West
1107,f6cc4e94-5f86-4b49-bb25-de904cf9925f,40,M,Maharashtra,Mumbai,Retail,High Value,Personal Loan,2025-03-12,36-45,West
1108,ef77947f-ba54-4a2a-89b8-47e14d9f17aa,67,M,Delhi,Delhi,SME,Mass,Auto Loan,2020-12-20,65+,North
1109,b58b2e00-d31e-47a5-a9f4-258e05765e8f,40,F,Andhra Pradesh,Visakhapatnam,Corporate,Mass,Auto Loan,2021-09-06,36-45,South
1110,99502b14-dcfa-4d8b-a8e6-23ee40462269,34,M,Maharashtra,Mumbai,Retail,Mass,Personal Loan,2025-02-21,26-35,West
1111,df0d049d-7cf6-42e8-a5c0-765e0a012a7d,38,M,Maharashtra,Mumbai,Retail,Mass,Personal Loan,2025-12-19,36-45,West
1112,994a05ef-2012-4a93-af75-dcc2613881d8,41,O,Delhi,Delhi,Retail,Mass,Personal Loan,2024-11-19,36-45,North
1113,3710d89e-2d6e-46ce-be06-98e0421f9769,43,F,Tamil Nadu,Chennai,Retail,High Value,Credit Card,2020-11-30,36-45,South
1114,70a22831-5042-4f0c-9147-00dcd4c8298f,62,M,West Bengal,Kolkata,Retail,Premium,Personal Loan,2021-11-14,56-65,East
1115,1008665b-7370-4fc2-849d-d2d519223b9a,27,M,Andhra Pradesh,Vijayawada,Retail,Mass,Auto Loan,2022-11-08,26-35,South
1116,7a42ad92-e816-46f5-9259-0e176ace0fff,48,F,Maharashtra,Mumbai,SME,Mass,Home Loan,2022-07-19,46-55,West
1117,ea553f84-cf86-4ada-a969-b0e9456fb98c,40,F,Maharashtra,Mumbai,Retail,Mass,Credit Card,2023-09-28,36-45,West
1118,eb8ebc90-5177-462e-9d67-910ba871b64b,19,M,Haryana,Gurugram,Retail,Premium,Personal Loan,2021-01-17,18-25,North
1119,fc4d4598-208b-41e4-92dd-babdd92efc66,47,F,Karnataka,Bengaluru,Retail,Mass,Auto Loan,2025-02-23,46-55,South
1120,2552c365-04a6-4f90-9e02-7990e291237e,53,M,Gujarat,Ahmedabad,Retail,Mass,Credit Card,2024-04-14,46-55,West
1121,51520d26-f2e3-461b-982b-a3b1c37c82bb,27,M,Tamil Nadu,Chennai,Retail,Mass,Home Loan,2024-11-26,26-35,South
1122,af977642-7956-4fba-8b9b-f096b65b1fd3,37,F,Maharashtra,Mumbai,Retail,Mass,Personal Loan,2021-05-11,36-45,West
1123,92a8ac7d-7813-48ff-827e-ba030daa4ddc,18,F,Uttar Pradesh,Noida,Retail,Premium,Credit Card,2023-01-17,18-25,North
1124,cd3ac170-c60d-43eb-aa3c-88318c092844,22,F,Maharashtra,Mumbai,Retail,Mass,Home Loan,2022-04-05,18-25,West
1125,cdbd84ca-7f2d-4ac9-8f4b-8ec41ad72f68,50,M,Delhi,Delhi,Retail,Mass,None,2020-12-20,46-55,North
1126,e9444576-faab-4ceb-b2b6-4e9e74432444,32,M,Telangana,Hyderabad,Retail,High Value,Credit Card,2024-12-07,26-35,South
1127,303df8a4-7ae1-453f-844e-d87775ae5bd8,24,M,Telangana,Hyderabad,Retail,Wealth,Credit Card,2020-09-21,18-25,South
1128,00f8932e-7fe7-4ad2-9f88-2d0e7525dbc2,40,M,Tamil Nadu,Chennai,Retail,Mass,Credit Card,2025-04-24,36-45,South
1129,a52b367d-e1c8-48d3-a887-91afceeafe02,31,M,Tamil Nadu,Chennai,Corporate,Mass,Credit Card,2021-11-15,26-35,South
1130,73feb532-e998-4bf7-a50b-c01bdfc6d975,32,M,Andhra Pradesh,Visakhapatnam,SME,Premium,Auto Loan,2022-02-26,26-35,South
1131,41d445c3-481a-40eb-885d-c36108ecd960,46,M,Andhra Pradesh,Visakhapatnam,Retail,Mass,Credit Card,2021-06-26,46-55,South
1132,903d1482-ba9a-42cf-a544-629ab830a96e,24,F,Telangana,Hyderabad,Retail,Mass,Personal Loan,2025-02-19,18-25,South
1133,87ae9cb0-d550-47b3-9fd7-2647e1b39640,27,M,Maharashtra,Mumbai,Retail,Mass,Personal Loan,2020-09-30,26-35,West
1134,5d9e248e-b689-46cb-a51b-ad61358939df,39,M,Maharashtra,Pune,Retail,Mass,Credit Card,2021-08-27,36-45,West
1135,64f4eee8-3cf2-45e8-bcca-2062a48d484c,49,F,Kerala,Kochi,Retail,Wealth,Auto Loan,2025-05-25,46-55,South
1136,5f32c2ff-dcaf-4887-b1e9-a15c45a4b960,52,M,Karnataka,Bengaluru,Retail,Premium,Personal Loan,2022-12-14,46-55,South
1137,ba38734d-6f86-4e69-a959-95e1297197dc,30,F,Delhi,Delhi,Retail,Wealth,Credit Card,2021-07-12,26-35,North
1138,fb17dc72-d7ad-4bfe-90d1-4e7d400e7ef1,49,M,Delhi,Delhi,Retail,Premium,Auto Loan,2023-05-24,46-55,North
1139,972da80f-cc2c-4797-9bba-5b64e782c784,28,M,Maharashtra,Mumbai,Retail,Premium,Credit Card,2023-12-02,26-35,West
1140,ebf1ce2a-877b-4647-b8cf-4f5ee68fa6c6,59,F,Tamil Nadu,Chennai,Retail,Premium,Personal Loan,2024-06-29,56-65,South
1141,cad110bd-d66e-4bc9-ae2a-f363f950a51d,24,F,Delhi,Delhi,Retail,Premium,Credit Card,2023-03-07,18-25,North
1142,ba4f6e14-5187-4293-99a9-d3ea5ec01465,53,F,Haryana,Gurugram,Retail,Mass,Credit Card,2020-08-13,46-55,North
1143,cbdc9285-0556-4917-9a10-c4be9cc08e48,30,F,Uttar Pradesh,Noida,Retail,Mass,Personal Loan,2022-09-04,26-35,North
1144,b801ff6a-25c9-4cff-bb29-b9ff06ae1bf4,62,M,Haryana,Gurugram,Retail,Mass,Credit Card,2022-01-18,56-65,North
1145,ac190f70-cd11-4694-adb0-c8260b11801b,45,F,Delhi,Delhi,Retail,Mass,Credit Card,2021-09-25,36-45,North
1146,8d0f40bd-5d51-43a4-817a-310b67e0fc49,25,F,Karnataka,Bengaluru,Retail,Mass,Credit Card,2021-09-28,18-25,South
1147,9c0d02ed-a210-486a-9192-1b517c5a8e8a,31,F,Maharashtra,Pune,Corporate,Mass,Credit Card,2023-10-24,26-35,West
1148,adc2ad1b-e8a6-4e6a-9ea9-c05dca4525f9,47,M,Haryana,Gurugram,Retail,Mass,Personal Loan,2021-10-17,46-55,North
1149,4655ff93-09b7-4bbc-9976-f954a3be2541,50,M,Delhi,Delhi,SME,Mass,Personal Loan,2024-03-16,46-55,North
1150,5afc3ed9-33c6-44f4-b6a4-735955861c63,37,F,Gujarat,Ahmedabad,Retail,Mass,Personal Loan,2022-10-21,36-45,West
1151,f861ef02-f890-4b01-b4bb-47bcb9f761f6,38,M,Maharashtra,Mumbai,Retail,Mass,Personal Loan,2024-05-07,36-45,West
1152,0ca20db7-cdee-4425-b790-efb09770520b,47,M,Gujarat,Ahmedabad,Retail,Mass,Credit Card,2020-11-09,46-55,West
1153,621489ff-c900-486c-8d10-e8267db82073,39,M,Maharashtra,Mumbai,Retail,Wealth,Personal Loan,2022-01-02,36-45,West
1154,4db2bdb3-8ae6-4410-b79f-0881645f9da4,22,M,Maharashtra,Mumbai,Retail,Mass,Credit Card,2022-10-22,18-25,West
1155,5f6c908b-8159-498e-b4d4-1e3059766c47,28,M,Telangana,Hyderabad,Corporate,Mass,Personal Loan,2023-07-13,26-35,South
1156,17e49df9-7466-4a86-832f-d126dff093b7,40,M,Maharashtra,Mumbai,Retail,Mass,Personal Loan,2023-02-26,36-45,West
1157,fb6aa0b7-8aff-4bf7-9f94-7282ec03ba65,52,M,Maharashtra,Mumbai,Retail,Premium,Personal Loan,2021-09-25,46-55,West
1158,8f6914bc-c5ad-4707-aee2-d0629967858a,57,M,Maharashtra,Mumbai,Retail,Premium,Credit Card,2024-07-03,56-65,West
1159,d055c476-605d-4864-adad-925aa1c457a0,47,F,Delhi,Delhi,Retail,Mass,Credit Card,2021-06-20,46-55,North
1160,662d2227-1323-4c16-8d82-e4a11aac972b,41,M,Maharashtra,Pune,Retail,Mass,Home Loan,2024-06-17,36-45,West
1161,f355f1cb-523f-4023-a958-2c87b01c32b0,46,M,Maharashtra,Mumbai,Retail,Premium,Personal Loan,2025-03-24,46-55,West
1162,33373f76-91a3-46c7-8e24-26f4c44b518c,29,M,Tamil Nadu,Chennai,Retail,High Value,Credit Card,2021-12-20,26-35,South
1163,51b16b07-8c65-4adb-8855-6a97d78004a9,36,M,Haryana,Gurugram,Retail,Mass,Home Loan,2022-02-15,36-45,North
1164,2d03f58e-4940-4a3c-a728-ada6cf773544,28,F,Maharashtra,Mumbai,Retail,Mass,Personal Loan,2024-03-03,26-35,West
1165,e95fd56e-9963-432c-8db8-9461f351126b,23,F,Maharashtra,Mumbai,Retail,Mass,Personal Loan,2022-06-14,18-25,West
1166,2b409d2c-cb8e-4dca-803c-1aa5ecfb60af,42,M,Uttar Pradesh,Noida,Retail,Mass,Personal Loan,2022-01-05,36-45,North
1167,3469a4c5-d5f5-4c27-ace9-aee683b52ef7,40,M,Haryana,Gurugram,Retail,Premium,Personal Loan,2021-09-09,36-45,North
1168,969a8fb0-55f3-4e44-8010-6643184597d6,46,M,Telangana,Hyderabad,Retail,Wealth,Auto Loan,2020-10-14,46-55,South
1169,61306404-c657-4075-a620-b1bdd567e60e,44,M,Haryana,Gurugram,Retail,Wealth,Credit Card,2021-04-29,36-45,North
1170,fc3e303a-248a-4c5b-8cc7-28cf34864f5b,40,M,Maharashtra,Mumbai,Retail,Premium,Credit Card,2023-08-07,36-45,West
1171,ab287fa8-976d-49d5-a1e1-c4e990208133,44,M,Delhi,Delhi,Retail,Mass,Home Loan,2024-09-28,36-45,North
1172,74bdd7f9-42a4-4fcc-a308-ec0833a5f214,37,M,Maharashtra,Pune,Retail,Wealth,Credit Card,2025-06-21,36-45,West
1173,80b8655a-62ef-4c7a-9722-a467b7bb7b5c,42,F,Karnataka,Bengaluru,Retail,Mass,Credit Card,2022-11-11,36-45,South
1174,0ec0eeb4-0de7-4199-8013-09ed2ffc996a,29,M,Maharashtra,Pune,Retail,Mass,Personal Loan,2022-05-09,26-35,West
1175,a039fd9a-f3c1-4ba1-a0e7-dc7f325d9314,42,M,Telangana,Hyderabad,Retail,Premium,Credit Card,2022-03-22,36-45,South
1176,54df7c43-78ae-47e1-81be-4805b78814bc,46,M,Maharashtra,Pune,Retail,Mass,Personal Loan,2025-12-13,46-55,West
1177,9c9f460f-c119-4d7b-934c-ce53cd1cb7c4,29,M,Delhi,Delhi,Retail,Premium,Personal Loan,2022-03-01,26-35,North
1178,4355869b-0159-410b-ad2c-7675331f9288,38,M,Delhi,Delhi,Retail,Wealth,Personal Loan,2021-09-10,36-45,North
1179,0265570c-2400-44ab-b5bf-fda57af4fb26,30,M,Karnataka,Bengaluru,Retail,Premium,Credit Card,2022-01-19,26-35,South
1180,c1b2207f-e322-45a2-8fdc-c5d389d7f250,31,M,Karnataka,Bengaluru,Retail,Premium,Credit Card,2023-02-15,26-35,South
1181,0f2cc0e7-b163-41ff-9e17-d99bc75bbfc0,24,M,Maharashtra,Pune,Corporate,Mass,Credit Card,2025-12-02,18-25,West
1182,796759ff-1ffb-4b91-b0c2-6a59d2f07eef,53,F,Maharashtra,Mumbai,Retail,Mass,Personal Loan,2023-04-28,46-55,West
1183,a024c325-df00-4df4-9a8b-c886b25d7004,50,F,Maharashtra,Mumbai,Retail,Premium,None,2022-06-22,46-55,West
1184,9f147020-ec98-4707-96d2-10e0a4e7289a,44,M,Maharashtra,Mumbai,Retail,Mass,Personal Loan,2022-11-20,36-45,West
1185,af962eb5-bb40-44d8-84c3-78fb0e453e3d,61,M,Maharashtra,Mumbai,Retail,High Value,Home Loan,2022-11-09,56-65,West
1186,12466be2-02af-4a42-bd2f-e5babe0cf99a,35,F,Haryana,Gurugram,Retail,Mass,Credit Card,2023-03-06,26-35,North
1187,3de070ea-b1d7-42d3-8e50-1d666620ceda,74,F,Delhi,Delhi,Retail,Mass,Credit Card,2022-12-24,65+,North
1188,f8ea32fd-50f1-4ecf-8dd5-802841acf7de,35,M,Andhra Pradesh,Visakhapatnam,Retail,Mass,Credit Card,2024-03-25,26-35,South
1189,4ac8fa23-8784-42c2-8449-7d9cae00f890,41,M,Maharashtra,Mumbai,Retail,Premium,Home Loan,2022-09-10,36-45,West
1190,0f1c3720-9208-441a-8511-6b5065d83ea3,33,M,Tamil Nadu,Chennai,Retail,Premium,Credit Card,2024-06-17,26-35,South
1191,d0835525-4fa5-4b95-a1e4-20ee814ddd7b,42,F,Delhi,Delhi,Retail,Wealth,Personal Loan,2023-04-25,36-45,North
1192,e25162b7-1751-49c6-869f-6c92042adc82,48,M,Delhi,Delhi,Retail,Mass,Home Loan,2023-09-24,46-55,North
1193,a8e5b3a5-94d5-4912-9559-b5ab1417a1eb,36,M,Gujarat,Ahmedabad,Retail,Mass,Personal Loan,2022-02-03,36-45,West
1194,8c9e506f-b436-4d10-8617-f7615243f779,59,M,Kerala,Kochi,Retail,Mass,Credit Card,2021-02-07,56-65,South
1195,c66fc935-3a38-4936-af32-7fdaf9dbdbb7,40,M,Gujarat,Ahmedabad,Retail,Mass,Credit Card,2022-07-15,36-45,West
1196,5b721bcb-5ec5-4a67-9d33-ea3fe4c57081,41,M,Maharashtra,Mumbai,Retail,Mass,Home Loan,2025-04-06,36-45,West
1197,e141b93b-c9a8-4e85-bd06-b9699be729ab,27,F,Karnataka,Bengaluru,Corporate,Mass,Credit Card,2022-05-07,26-35,South
1198,96d2ef6f-f036-4a6f-961f-d546de336279,43,M,Tamil Nadu,Chennai,SME,Mass,Personal Loan,2024-03-23,36-45,South
1199,58e2e9b7-daaf-4a4c-b587-521f026cc46f,36,M,Karnataka,Bengaluru,Retail,Mass,Credit Card,2025-09-25,36-45,South
1200,eb54992d-ad50-44aa-b2ac-e5e6aef6950a,30,M,Maharashtra,Pune,Retail,Premium,Personal Loan,2024-12-13,26-35,West
1201,43cf81f7-180a-436c-a50c-06bb8d53b858,28,F,Telangana,Hyderabad,Retail,Premium,Credit Card,2020-07-13,26-35,South
1202,f5918e6b-9be2-451a-ace6-9027996d47c8,70,M,Telangana,Hyderabad,Retail,Mass,Credit Card,2023-08-31,65+,South
1203,273ba173-a65d-4dea-90c6-5527e79eeef1,34,M,Haryana,Gurugram,Retail,Mass,Home Loan,2024-11-24,26-35,North
1204,207643e2-9ec0-4d3a-aa3f-f7ee2d42b793,20,M,Maharashtra,Pune,SME,Premium,Personal Loan,2025-04-10,18-25,West
1205,c050e3fc-6e8f-4742-bfe4-8da23aafe263,29,F,Maharashtra,Mumbai,Retail,Premium,Personal Loan,2022-06-11,26-35,West
1206,76e1098f-8904-45a7-9073-a9fe5e133860,37,F,Maharashtra,Mumbai,Retail,Premium,Credit Card,2021-11-02,36-45,West
1207,fd1d0cd4-fa82-45c6-914a-a076f1e6e3b6,44,F,Tamil Nadu,Chennai,Retail,Mass,Personal Loan,2024-01-26,36-45,South
1208,a9e3d828-d6c4-4cf4-845f-2ab7e9d1d035,44,F,Delhi,Delhi,Retail,Mass,Personal Loan,2025-06-09,36-45,North
1209,b70b6daf-fa0a-4f4b-b7f2-e58dc63e4ca6,46,M,Karnataka,Bengaluru,SME,High Value,Credit Card,2024-01-23,46-55,South
1210,809ea9a9-b163-4598-bd35-cfeeae3740e5,30,M,Delhi,Delhi,Retail,Mass,Credit Card,2022-05-12,26-35,North
1211,1480d8c3-ffc1-4a18-a142-13aa48d87bfa,42,M,Maharashtra,Pune,Retail,Mass,Personal Loan,2025-05-19,36-45,West
1212,92acbc79-26b5-4dbb-85a1-bc46dcd2a0d8,27,F,Haryana,Gurugram,SME,Wealth,Credit Card,2024-07-15,26-35,North
1213,efbe3c63-7fc2-4151-bd53-450f514d8027,30,F,Telangana,Hyderabad,Retail,Mass,Auto Loan,2025-12-28,26-35,South
1214,0bbb0475-bc75-450e-99da-c6ba4bbe0776,26,M,Delhi,Delhi,Retail,Premium,Credit Card,2023-06-02,26-35,North
1215,17832daf-0d10-4858-a7aa-4be7dd04f0ba,23,F,Karnataka,Bengaluru,Retail,High Value,Personal Loan,2025-01-25,18-25,South
1216,c1f8fd1c-1d7b-4ba3-8ceb-8208f879fc5f,50,M,Telangana,Hyderabad,Retail,Mass,Personal Loan,2024-11-28,46-55,South
1217,f38e3e1d-ada9-4537-9233-eb0ab4c92a4e,46,M,Karnataka,Bengaluru,Retail,Premium,Personal Loan,2025-05-20,46-55,South
1218,df9a5faa-7568-415a-a277-0d52c7d09121,49,M,Telangana,Hyderabad,Retail,Mass,Credit Card,2022-01-02,46-55,South
1219,1eed8a5e-5d0b-411b-946c-91bbbaa10b81,38,F,Tamil Nadu,Chennai,Retail,High Value,Credit Card,2023-04-28,36-45,South
1220,885f9cb4-47d3-4e68-bb09-977bb64f7048,47,F,Maharashtra,Mumbai,SME,High Value,Personal Loan,2020-10-23,46-55,West
1221,eea41914-a961-4daa-990a-d4e4ad52931c,18,M,Maharashtra,Mumbai,Retail,High Value,Personal Loan,2023-11-03,18-25,West
1222,c8ba7283-fa9b-4369-b778-5cfc0c338155,48,F,Karnataka,Bengaluru,SME,Mass,Personal Loan,2024-10-15,46-55,South
1223,067c11a0-77a6-4790-9d9e-45fca6c37b57,40,F,Gujarat,Ahmedabad,SME,Premium,Personal Loan,2024-11-19,36-45,West
1224,722c5d07-6d7a-4590-a874-dc83ed83002a,45,F,Tamil Nadu,Chennai,Retail,High Value,None,2020-10-13,36-45,South
1225,b21c3360-1945-40e7-afc9-5878489318ba,42,F,Maharashtra,Mumbai,Retail,Premium,Personal Loan,2022-10-10,36-45,West
1226,5e706623-a527-456d-a733-0b010e5288c7,26,M,Gujarat,Ahmedabad,Retail,Premium,Personal Loan,2024-03-22,26-35,West
1227,ecf4798f-87f9-456d-98c8-e7a12fce7a08,20,F,Delhi,Delhi,Retail,Mass,Credit Card,2022-06-03,18-25,North
1228,0058a03a-13a9-438b-8afc-e2a9b7450d67,29,F,Delhi,Delhi,Retail,High Value,Personal Loan,2022-12-13,26-35,North
1229,e8e668ff-4953-4c97-af51-64be23acaf87,44,F,West Bengal,Kolkata,Retail,Mass,Personal Loan,2025-05-17,36-45,East
1230,810f24b9-bbbe-4681-9569-e493966c1d1b,46,M,Maharashtra,Mumbai,Retail,Mass,Credit Card,2022-02-28,46-55,West
1231,4115ae20-5395-4b21-936a-dd0e2a434f72,21,F,Karnataka,Bengaluru,Retail,High Value,Personal Loan,2025-05-08,18-25,South
1232,deaf9c31-504f-49bc-9ce7-a52966e3c791,26,F,Telangana,Hyderabad,Retail,High Value,Personal Loan,2024-11-29,26-35,South
1233,0bbbb390-d24f-4984-b25d-e5fd70dfdca3,29,M,Maharashtra,Mumbai,Retail,Wealth,Credit Card,2022-02-05,26-35,West
1234,f703f8de-a627-4f7c-98f6-557ee92ae074,33,F,Tamil Nadu,Chennai,Retail,Mass,Credit Card,2023-07-27,26-35,South
1235,cfb3578a-8b4b-41ba-97d3-70549af18db3,21,M,Karnataka,Bengaluru,Retail,Mass,Personal Loan,2024-10-14,18-25,South
1236,4ea9e6b1-d399-49e0-8098-9bb4c3eba42a,20,M,Maharashtra,Mumbai,SME,Mass,Auto Loan,2025-08-19,18-25,West
1237,2582e457-666b-48be-865a-90beb6b01f9a,28,M,Karnataka,Bengaluru,SME,Mass,Personal Loan,2022-10-02,26-35,South
1238,3e9c5329-68d5-43c4-b026-8b45a867036b,39,F,Delhi,Delhi,Retail,High Value,None,2022-03-09,36-45,North
1239,3a574caa-c4c3-4a68-b517-c6415eb98b81,23,F,Maharashtra,Mumbai,Retail,Mass,Auto Loan,2024-11-21,18-25,West
1240,a6f4a75b-dde6-4100-8947-2d4ca023bcbb,36,M,Maharashtra,Mumbai,Retail,Mass,Credit Card,2023-09-21,36-45,West
1241,50208399-25eb-4bde-8363-b5ebec05b3cc,50,F,Uttar Pradesh,Noida,Retail,Mass,Personal Loan,2024-02-13,46-55,North
1242,781a1918-7172-4f5c-87df-e8feeb37a600,22,M,Karnataka,Bengaluru,Retail,Mass,Home Loan,2021-02-13,18-25,South
1243,7c5d9f0d-85d8-4c6b-8514-9e2a37217dde,35,M,Delhi,Delhi,Retail,High Value,Credit Card,2021-09-03,26-35,North
1244,23084b47-1889-4f85-894a-f26a617bb12e,50,F,Maharashtra,Mumbai,Retail,Premium,Personal Loan,2024-07-03,46-55,West
1245,a5cc403f-9d51-4fa8-80a8-8b8d7caf35eb,32,F,Delhi,Delhi,Retail,Mass,Credit Card,2023-03-11,26-35,North
1246,d57582be-8da1-4e45-be63-ea64144d4bc8,31,F,Karnataka,Bengaluru,Retail,Mass,Credit Card,2020-12-11,26-35,South
1247,cfb61094-5885-4f37-b52a-0e896f585289,51,F,Tamil Nadu,Chennai,Corporate,Mass,Auto Loan,2024-02-10,46-55,South
1248,28568be8-1673-4d9f-8da4-e7afd9dbe74c,34,O,Karnataka,Bengaluru,Retail,Mass,Credit Card,2025-03-25,26-35,South
1249,862e50a8-fb1f-45f1-80b4-f2d9f88d8a4a,51,M,Gujarat,Ahmedabad,Retail,High Value,Auto Loan,2024-05-15,46-55,West
1250,8ffb4c5c-2e27-4cd0-ae74-8f5ce1db166e,43,M,West Bengal,Kolkata,SME,Premium,Credit Card,2022-09-06,36-45,East
1251,dff3fe5d-ca3f-44c2-b872-c173a8001c30,33,M,Maharashtra,Mumbai,Retail,Mass,Credit Card,2020-07-27,26-35,West
1252,4f9684eb-b95d-4695-a12c-73d4756b7a75,43,F,Maharashtra,Mumbai,Retail,Premium,Credit Card,2024-04-26,36-45,West
1253,01f86cdd-87dd-4595-bc70-ce18bd9edb1d,41,F,Maharashtra,Mumbai,Retail,Mass,None,2025-09-06,36-45,West
1254,f7aa8321-9074-46e7-90ef-e55771a54930,50,F,Tamil Nadu,Chennai,SME,Mass,None,2025-01-03,46-55,South
1255,ee1b31ca-498f-4a8b-9414-b179b80845bf,31,M,Maharashtra,Mumbai,Retail,Mass,Home Loan,2023-09-29,26-35,West
1256,166077fe-02e4-44f9-b7e2-c18402ba0de2,38,M,Uttar Pradesh,Noida,Retail,Mass,Home Loan,2025-06-28,36-45,North
1257,624457b4-f715-4391-b455-93a633b02da2,37,F,Maharashtra,Pune,Retail,Mass,Credit Card,2025-10-24,36-45,West
1258,c7034257-1f7b-4f87-9d25-af05348eb714,46,O,Haryana,Gurugram,Retail,Premium,Personal Loan,2022-05-31,46-55,North
1259,14ac4819-f268-4919-9136-8961aad7c518,25,M,Telangana,Hyderabad,Retail,High Value,Auto Loan,2021-06-28,18-25,South
1260,3780427e-9f4a-483d-9951-12db7cd8e1ef,50,M,Andhra Pradesh,Visakhapatnam,Retail,Mass,Personal Loan,2024-09-22,46-55,South
1261,9884c370-b8c0-41c4-9fe8-f96bb5078760,43,M,Maharashtra,Mumbai,Retail,Premium,Personal Loan,2023-02-21,36-45,West
1262,6acbbd7e-f785-409d-904d-10287f9a9d92,22,M,Delhi,Delhi,Retail,Mass,Credit Card,2022-11-13,18-25,North
1263,6d60cbc5-62ff-4375-a9fc-aa3b4e8bf0b6,52,M,Karnataka,Bengaluru,Retail,Mass,Credit Card,2022-05-07,46-55,South
1264,17db54b6-4c00-4889-8d7f-46c943c38755,64,M,West Bengal,Kolkata,Retail,Mass,Credit Card,2020-08-22,56-65,East
1265,90032fce-0952-406d-a3a6-53aa9eb5a02a,50,F,Telangana,Hyderabad,Retail,Mass,Personal Loan,2021-02-26,46-55,South
1266,df7120f4-cb71-4526-9aa7-25eb17ed4854,55,M,Haryana,Gurugram,Retail,Mass,Personal Loan,2024-04-10,46-55,North
1267,cba5b248-278d-46db-9b61-b94542d06468,39,M,Maharashtra,Mumbai,Retail,High Value,Personal Loan,2020-08-29,36-45,West
1268,46c1a22d-0ebc-4da9-a383-742102bb61f9,18,M,Kerala,Kochi,SME,High Value,Personal Loan,2025-10-24,18-25,South
1269,468b1667-29a2-4ae3-b10d-416bb04ba1bc,18,F,Delhi,Delhi,Corporate,Mass,Personal Loan,2020-09-26,18-25,North
1270,fa0ec9a0-ac9b-43d2-b8ff-c12827c12efa,41,M,Delhi,Delhi,Retail,Premium,Credit Card,2025-03-22,36-45,North
1271,d9716804-ecff-4388-8c35-e29bddd48228,30,M,Kerala,Kochi,Retail,Mass,Personal Loan,2025-05-19,26-35,South
1272,e170ca58-858f-4a53-a1cf-bddc81c800aa,27,M,Delhi,Delhi,Retail,Premium,Credit Card,2025-05-08,26-35,North
1273,77611c13-8697-41ad-8d58-d0a296a719c4,37,F,Delhi,Delhi,Retail,Mass,Personal Loan,2025-05-02,36-45,North
1274,012e1eca-03e0-4bba-94df-0c973963cb6c,45,F,Telangana,Hyderabad,Retail,Mass,Credit Card,2023-06-20,36-45,South
1275,20ccfcc6-00db-44b9-a2c1-c36a795d0016,20,M,Maharashtra,Mumbai,SME,Premium,Auto Loan,2022-07-01,18-25,West
1276,c48e7e12-f974-4273-923d-7d58abd310b6,32,M,Karnataka,Bengaluru,Retail,Mass,Personal Loan,2021-12-04,26-35,South
1277,5cdf1b05-518b-4cf0-80ba-3f9cc3ca6a4a,56,M,Maharashtra,Mumbai,Retail,Mass,Personal Loan,2025-12-01,56-65,West
1278,eb657a5e-3b92-4c05-9760-5d46c3e8d4a8,25,F,Maharashtra,Mumbai,Corporate,Mass,Credit Card,2024-05-19,18-25,West
1279,33cb4b4d-bc8c-4b2e-acd5-7598b7a490d7,48,F,Uttar Pradesh,Noida,Retail,Mass,Personal Loan,2025-04-12,46-55,North
1280,8582f3e7-719b-4365-af68-5835594695d2,32,M,Telangana,Hyderabad,Retail,Mass,Home Loan,2025-03-16,26-35,South
1281,cc716b70-2e97-4388-b713-e1770e006b8c,44,M,Delhi,Delhi,Retail,Premium,None,2021-12-01,36-45,North
1282,c247717a-18a7-4ca3-ad91-54b58ee8909d,51,F,Delhi,Delhi,Retail,Premium,Credit Card,2022-06-30,46-55,North
1283,db7056be-f1d6-4791-8b42-410b580c0486,46,F,Delhi,Delhi,SME,Mass,None,2024-11-08,46-55,North
1284,8c871690-4c51-4443-b4e6-7b7f758b5028,48,M,Tamil Nadu,Chennai,Retail,Mass,Credit Card,2024-05-09,46-55,South
1285,2dec05ef-a2a3-48f0-b0bc-75c60d76724e,24,M,West Bengal,Kolkata,Retail,Premium,Credit Card,2020-12-09,18-25,East
1286,7a19dcb0-bafc-4c40-bed0-44ad1b9912d7,51,M,West Bengal,Kolkata,Retail,Premium,Personal Loan,2022-11-08,46-55,East
1287,ac6f4035-c482-441a-81d3-80282d6c9ebb,27,F,Delhi,Delhi,SME,Premium,Personal Loan,2024-09-11,26-35,North
1288,183afa11-ca72-4e6b-a1ce-e29144142e9c,41,F,Karnataka,Bengaluru,Retail,Mass,Personal Loan,2020-11-21,36-45,South
1289,e76e0dc1-ac7f-4277-b43e-ef1c867b69eb,41,F,Delhi,Delhi,Retail,Mass,Credit Card,2024-11-30,36-45,North
1290,c07ae772-07ed-4d92-9b47-bc07f26d18b5,43,F,Telangana,Hyderabad,Retail,Mass,Credit Card,2024-05-29,36-45,South
1291,5905059c-c3e3-4962-b4f5-ee9c340a5b06,42,M,Delhi,Delhi,SME,Mass,Personal Loan,2022-03-18,36-45,North
1292,361f641f-e34a-4ced-bf09-e70c0fcb34c6,27,M,Tamil Nadu,Chennai,Retail,Mass,Credit Card,2023-03-14,26-35,South
1293,29d3e03a-fc53-4012-94df-9322b720552e,21,M,Telangana,Hyderabad,Retail,Mass,Personal Loan,2025-08-16,18-25,South
1294,2db3b4b8-3b04-42b6-9bcf-0d9dcce41c52,48,F,Karnataka,Bengaluru,SME,Premium,Personal Loan,2021-08-02,46-55,South
1295,23b9fa95-dae9-4a0b-94cf-d0810fea13a9,40,F,Karnataka,Bengaluru,Retail,Mass,Personal Loan,2024-10-02,36-45,South
1296,7c8d5efc-be5c-4c29-ac03-a75762692152,51,M,Delhi,Delhi,Retail,Premium,Credit Card,2022-03-20,46-55,North
1297,20316fed-481f-46f4-a9e6-4faa2d327fba,37,M,Maharashtra,Mumbai,Retail,Mass,Credit Card,2024-03-04,36-45,West
1298,762e55b4-2c2d-470d-afac-f006f9875922,21,F,Maharashtra,Mumbai,Retail,Mass,Credit Card,2021-11-21,18-25,West
1299,f58a9b2a-c8b0-4b54-bf86-bf24ee880603,49,F,Maharashtra,Pune,Retail,Premium,Personal Loan,2021-01-31,46-55,West
1300,c90180db-e346-4869-992a-d17b49f612b8,33,F,Delhi,Delhi,Retail,Premium,Credit Card,2021-10-09,26-35,North
1301,217d126a-64e1-40a3-8859-69c60210aad7,42,M,Karnataka,Bengaluru,Retail,Mass,None,2020-12-16,36-45,South
1302,81968a24-5904-4df1-a728-447ce7e40107,30,F,Telangana,Hyderabad,Retail,Premium,Personal Loan,2023-01-18,26-35,South
1303,7d7d0075-d15e-48a7-99b1-ac2dcebd0b65,57,F,Maharashtra,Pune,Retail,Mass,Credit Card,2025-08-24,56-65,West
1304,9cbd29a3-cba9-4461-a02c-17513b68ed06,27,F,Karnataka,Bengaluru,Corporate,Mass,Personal Loan,2023-01-25,26-35,South
1305,689ac7f0-2a9a-465c-8875-3ce733499054,33,F,Haryana,Gurugram,Retail,Premium,Personal Loan,2023-06-24,26-35,North
1306,31796be5-beb7-4240-a5a8-fb864c21341b,39,F,West Bengal,Kolkata,Retail,Premium,Credit Card,2022-01-25,36-45,East
1307,fc4edd73-b8dc-4943-a0c6-d05ddcc0fc69,24,F,Telangana,Hyderabad,Retail,Mass,Personal Loan,2024-08-22,18-25,South
1308,89ddc9ed-092c-4a7e-9183-cd0f09d535a2,41,F,Tamil Nadu,Chennai,Retail,Wealth,Credit Card,2022-03-08,36-45,South
1309,d8e1a215-597d-43b4-9c93-ef018e6c52b2,57,M,Maharashtra,Mumbai,Retail,Premium,Auto Loan,2023-08-02,56-65,West
1310,a135c121-7894-4e65-a962-575f5f4d2c04,32,M,West Bengal,Kolkata,Retail,Premium,Personal Loan,2022-05-02,26-35,East
1311,207eaf41-dffb-4985-ac8d-ebab6ca1b818,42,F,Delhi,Delhi,Retail,Mass,Personal Loan,2023-09-15,36-45,North
1312,42f10559-a69c-4d55-b0dc-fcba942b782a,18,F,West Bengal,Kolkata,Retail,Mass,Home Loan,2023-11-29,18-25,East
1313,076d6d2b-ba8a-4578-a865-f6c692916400,37,M,Telangana,Hyderabad,Retail,Mass,Credit Card,2024-10-30,36-45,South
1314,237cec55-d5cf-431d-8cf7-c9490714c2e0,34,M,Maharashtra,Mumbai,SME,Premium,Auto Loan,2021-06-19,26-35,West
1315,fd0cdeec-6875-44c9-a094-817fd01413d9,28,F,Maharashtra,Mumbai,Retail,Mass,Personal Loan,2025-08-17,26-35,West
1316,e2b54579-1d3e-438b-adaa-00aea91d5ded,50,F,Tamil Nadu,Chennai,Retail,Premium,Credit Card,2024-09-16,46-55,South
1317,ce846f3a-340c-4de3-8938-98961586e865,34,F,Telangana,Hyderabad,Retail,Mass,Auto Loan,2023-09-01,26-35,South
1318,fced78a0-1a34-4443-b103-161b2246a360,35,M,Maharashtra,Mumbai,Retail,Premium,Personal Loan,2025-02-24,26-35,West
1319,68474996-8f00-41c2-b785-3686ed86f9ba,33,F,Maharashtra,Pune,Retail,Premium,Home Loan,2020-12-25,26-35,West
1320,ff313d20-c6f5-4f64-ae6b-ef7a05c5fd6a,18,F,Uttar Pradesh,Noida,SME,Premium,Credit Card,2024-02-11,18-25,North
1321,0b12b026-9dd9-4074-87f7-fed78660f36f,24,M,Delhi,Delhi,SME,Premium,Home Loan,2024-09-04,18-25,North
1322,2eb161f6-530a-4aae-807b-35b206058171,49,M,Delhi,Delhi,Retail,High Value,Personal Loan,2024-08-12,46-55,North
1323,989329c7-5798-480e-8a4a-5b4d74acd2a2,18,O,Maharashtra,Mumbai,Retail,Mass,Credit Card,2024-12-14,18-25,West
1324,d67aa8b6-d606-428d-a720-bb90218fdf3a,28,M,Haryana,Gurugram,Retail,Premium,Personal Loan,2022-05-16,26-35,North
1325,2b2decba-b0ca-426b-ad80-c09fa5c110b0,33,F,Karnataka,Bengaluru,Retail,Wealth,None,2023-05-15,26-35,South
1326,362c6b63-3488-4b2a-b163-803393ccba61,58,F,Gujarat,Ahmedabad,Retail,Mass,Personal Loan,2024-09-26,56-65,West
1327,24dbf79d-0143-418d-a63c-cdb85fec6aad,47,F,Delhi,Delhi,Retail,Mass,Personal Loan,2021-03-22,46-55,North
1328,ed3c5f06-c012-4c34-b224-292549e0cdd0,31,M,Telangana,Hyderabad,Retail,Wealth,Auto Loan,2022-05-30,26-35,South
1329,a797fb1b-e073-4e22-a5c8-20a761d77972,53,F,Karnataka,Bengaluru,Corporate,Mass,Personal Loan,2023-10-19,46-55,South
1330,721dbaf5-26df-4b67-9790-46e329965a69,29,M,Maharashtra,Mumbai,Retail,Mass,Credit Card,2023-03-12,26-35,West
1331,b81af170-5508-4e33-a344-125f2d9ece78,50,F,Maharashtra,Pune,Retail,Mass,Personal Loan,2022-05-30,46-55,West
1332,914e43f4-ed5d-43a5-8bd3-78e9c077e68f,21,M,Delhi,Delhi,Retail,Mass,Credit Card,2025-03-03,18-25,North
1333,9b040e2e-c248-453c-8a3e-c6f6e1f5274c,50,F,Telangana,Hyderabad,Retail,Mass,Personal Loan,2021-07-30,46-55,South
1334,ce8733cf-4f86-479c-b64f-e6463b917b4a,33,F,Rajasthan,Jaipur,SME,Mass,Credit Card,2024-08-03,26-35,North
1335,cdc2d844-d774-4274-b1fb-f088e332ebab,25,M,Rajasthan,Jaipur,Retail,High Value,Credit Card,2025-11-03,18-25,North
1336,94e7dce5-8e59-4add-b3d0-6a261609de96,35,M,Uttar Pradesh,Noida,Retail,Mass,Personal Loan,2023-02-23,26-35,North
1337,44e2ad57-22fe-4c3f-8c3b-028b4b3f620d,41,F,Maharashtra,Mumbai,Retail,Mass,Personal Loan,2021-03-16,36-45,West
1338,1573b57d-2873-4bc9-bcab-30ec37e83472,32,M,Telangana,Hyderabad,Retail,High Value,Personal Loan,2021-12-27,26-35,South
1339,11e34205-11ba-4aeb-b4d4-fdea0abc36ac,44,M,Gujarat,Ahmedabad,Retail,Premium,Credit Card,2024-04-25,36-45,West
1340,5c829574-fcf2-44d6-b465-a65c3ea074b6,31,M,Delhi,Delhi,Retail,Mass,Personal Loan,2023-10-28,26-35,North
1341,b894f236-b905-4a72-9ae9-ca627d72170d,45,F,Maharashtra,Mumbai,Retail,Mass,Personal Loan,2022-09-28,36-45,West
1342,82d2c05c-271a-440b-8871-d45d42c49cac,43,F,Haryana,Gurugram,Retail,Premium,Personal Loan,2024-09-23,36-45,North
1343,30e36f60-d585-4289-b8bd-17503d1dc733,37,M,Delhi,Delhi,Retail,Premium,Credit Card,2021-07-06,36-45,North
1344,261f0b69-ebb7-44cc-a140-122dc1a1c98f,32,F,Telangana,Hyderabad,Retail,Mass,Credit Card,2024-05-21,26-35,South
1345,3a663107-c573-43ab-9962-80e877961efe,39,M,Andhra Pradesh,Vijayawada,Retail,Mass,Credit Card,2024-10-25,36-45,South
1346,4a90d7cb-bc93-4e40-bdd9-197f5fe0490d,44,M,Tamil Nadu,Chennai,SME,Premium,Auto Loan,2025-06-25,36-45,South
1347,960052fb-3d39-430a-b3c2-ab428b2e6511,62,M,Delhi,Delhi,SME,Premium,Credit Card,2022-03-17,56-65,North
1348,178c86bf-739b-4dba-88f3-974f6aae413a,49,M,Delhi,Delhi,Retail,Mass,Home Loan,2025-11-12,46-55,North
1349,0e347158-3152-4268-bbeb-4e3b26233dcc,49,M,Delhi,Delhi,Retail,High Value,Credit Card,2021-08-05,46-55,North
1350,003b19d3-9675-4c4a-ac19-5635ee1686f4,75,F,Maharashtra,Mumbai,Corporate,Premium,Personal Loan,2020-09-03,65+,West
1351,15591d47-768e-4167-9bb9-955ec68d1441,44,M,Haryana,Gurugram,Retail,Premium,None,2025-05-24,36-45,North
1352,52c4e69f-8763-4a08-b06a-381a5ae4c612,43,F,Uttar Pradesh,Noida,Retail,Premium,Home Loan,2025-06-23,36-45,North
1353,2d3622e8-a84c-4806-9e8f-f5743a4787a5,46,M,Karnataka,Bengaluru,Retail,Premium,Credit Card,2020-11-19,46-55,South
1354,209c3c7e-d001-46d5-9ba4-0fde54ff9865,25,M,Karnataka,Bengaluru,Retail,Mass,Personal Loan,2025-04-27,18-25,South
1355,96184dac-1385-40f3-a4c6-8be946b34b4e,32,M,Gujarat,Ahmedabad,Retail,Mass,Personal Loan,2023-10-09,26-35,West
1356,3f9bae14-3cdf-47d2-897c-923abb3c11c2,31,F,Maharashtra,Mumbai,Retail,Premium,Credit Card,2021-03-27,26-35,West
1357,4776539c-b640-45fd-a1c3-ccb9c4206776,45,F,Telangana,Hyderabad,Retail,Premium,Credit Card,2025-03-30,36-45,South
1358,11c9886c-462f-492a-a3ab-b55d9e6330d7,35,M,Delhi,Delhi,Corporate,Mass,Credit Card,2022-05-15,26-35,North
1359,59cd6f1e-1062-45ec-9bcf-e5c3a181c761,39,M,Tamil Nadu,Chennai,Retail,Mass,Credit Card,2023-11-28,36-45,South
1360,2c8d4a97-f4c7-4399-aa6d-f0b558cb503b,51,M,Maharashtra,Mumbai,Retail,Premium,Credit Card,2023-08-13,46-55,West
1361,0e510dc3-824b-4857-9145-0eaaf0280910,48,F,Tamil Nadu,Chennai,Retail,Premium,Personal Loan,2020-11-26,46-55,South
1362,4f06d162-26fe-485d-9568-1d79e72b1540,36,M,Delhi,Delhi,Retail,Mass,Personal Loan,2022-06-13,36-45,North
1363,2fa78b2e-d0be-4aa5-8914-909838e1382f,29,F,Tamil Nadu,Chennai,Retail,Mass,Personal Loan,2024-04-03,26-35,South
1364,40b76a0c-e6b8-4b80-b246-db2515a5c351,51,M,Maharashtra,Mumbai,Retail,Mass,Home Loan,2020-11-19,46-55,West
1365,7a487492-050d-41ce-bb30-293152c078fd,47,M,Delhi,Delhi,Retail,Wealth,Credit Card,2022-10-28,46-55,North
1366,c17cef83-af61-4ac0-b67c-fe61f93dee97,18,F,Telangana,Hyderabad,Retail,High Value,Auto Loan,2025-06-17,18-25,South
1367,cdbbe1c0-f8ce-4370-8fe9-06d3b8d1a829,34,M,Karnataka,Bengaluru,Retail,Mass,Credit Card,2023-11-08,26-35,South
1368,6f2120d9-c5a3-42e7-92e5-cab0f22e505a,39,M,Maharashtra,Mumbai,Retail,Mass,Home Loan,2024-09-01,36-45,West
1369,6bd6aa9f-77fc-4991-8925-79f43f826c00,47,F,Maharashtra,Mumbai,SME,Premium,Credit Card,2022-06-27,46-55,West
1370,bc255937-ba27-469f-9138-b83cee5703c7,48,M,Karnataka,Bengaluru,Retail,Mass,Home Loan,2021-04-17,46-55,South
1371,b21f0816-325e-4118-8492-fc008c891198,41,M,Maharashtra,Mumbai,Retail,Wealth,Auto Loan,2025-10-15,36-45,West
1372,c57299cb-a0a9-4db9-9e29-5bcd78836dfe,45,M,West Bengal,Kolkata,Retail,Mass,Credit Card,2021-09-23,36-45,East
1373,fbcc84af-f28d-43c7-94ee-d6b1c37cb246,38,M,Delhi,Delhi,Retail,Mass,Personal Loan,2020-12-26,36-45,North
1374,dc6f1768-70a4-4e06-8637-ed67cfb29d74,29,F,Haryana,Gurugram,Retail,Mass,Credit Card,2020-07-23,26-35,North
1375,1beb6493-b7eb-47de-8c79-6a1cbf939374,34,M,Kerala,Kochi,Retail,Mass,Personal Loan,2022-05-20,26-35,South
1376,01cf50d0-e39e-444f-9bee-66367ca79a94,38,F,Maharashtra,Mumbai,Retail,Premium,Personal Loan,2024-04-14,36-45,West
1377,59dfaa59-5fc4-45f9-b663-1a4cf5912ffb,37,F,Tamil Nadu,Chennai,Retail,Premium,Credit Card,2025-03-17,36-45,South
1378,0363ac58-79a8-403e-8043-713730775136,18,F,Gujarat,Ahmedabad,Corporate,Mass,Home Loan,2020-10-30,18-25,West
1379,d8706ffe-0ef8-42f8-a587-4fc09de2d9a0,33,F,Tamil Nadu,Chennai,Retail,Mass,Personal Loan,2023-09-29,26-35,South
1380,ba8d4f2f-7459-40ad-b7e8-5a43aa8cd71c,38,F,Delhi,Delhi,Retail,Premium,Personal Loan,2024-02-14,36-45,North
1381,a3fba519-eec0-4551-8019-a0301195840d,34,F,Delhi,Delhi,SME,Premium,Auto Loan,2021-12-26,26-35,North
1382,2a5026bb-df12-41b7-98be-048e9ebe37ed,35,M,Maharashtra,Mumbai,Retail,Mass,Personal Loan,2022-02-01,26-35,West
1383,6a19dbcb-ae33-474a-ba83-540e13d0b320,43,M,Telangana,Hyderabad,Retail,Mass,Personal Loan,2021-07-28,36-45,South
1384,f15c3b6c-01b8-41d2-bae0-60d87efc09eb,25,F,Andhra Pradesh,Visakhapatnam,Retail,Mass,Credit Card,2021-03-03,18-25,South
1385,0f1aed62-8bda-46bc-9e28-aba72af51651,18,M,Rajasthan,Jaipur,Retail,Mass,Home Loan,2021-03-14,18-25,North
1386,19a46909-0bd2-423e-bd15-a054fc3293e0,33,F,Maharashtra,Mumbai,Retail,Premium,Credit Card,2025-01-25,26-35,West
1387,b32b9f64-4ee0-4dbe-b182-378b4e6a78ff,47,M,Maharashtra,Pune,Retail,Mass,Credit Card,2025-01-27,46-55,West
1388,7d3b5001-aa7c-4775-84c4-594d8349da0d,58,F,Karnataka,Bengaluru,Retail,Mass,Personal Loan,2024-11-16,56-65,South
1389,d9128cf4-85d1-4d05-9067-ea4384a7dcf5,47,M,Gujarat,Ahmedabad,Retail,Premium,Personal Loan,2022-07-27,46-55,West
1390,6218e458-209e-449a-ae25-0df207276c19,20,F,Maharashtra,Mumbai,Retail,Mass,Home Loan,2022-10-28,18-25,West
1391,59390a0c-344d-4089-8870-d15dd0112b1c,35,M,West Bengal,Kolkata,SME,Mass,Home Loan,2021-04-23,26-35,East
1392,dc0f1eb8-54f7-47f0-bbad-5976d5a23d8c,41,M,Uttar Pradesh,Noida,SME,Mass,Personal Loan,2021-05-20,36-45,North
1393,94f4eb35-6c2f-4940-8b3c-29d606153c0e,40,F,Maharashtra,Mumbai,Retail,High Value,Personal Loan,2021-07-20,36-45,West
1394,d13213eb-da06-42bd-bb51-02226c58f72c,44,F,Maharashtra,Mumbai,Retail,Premium,Personal Loan,2025-07-28,36-45,West
1395,db64b10d-9b9a-47c9-acb5-3ff7ed9b8ad7,26,F,Uttar Pradesh,Noida,Retail,Mass,Personal Loan,2022-03-12,26-35,North
1396,9c314981-2172-4ee6-bfa7-725791699c9c,38,F,Maharashtra,Mumbai,Retail,Premium,Personal Loan,2021-05-06,36-45,West
1397,79bd825b-789a-49e1-bea1-7b3499a751ef,43,M,Telangana,Hyderabad,Retail,Mass,Personal Loan,2020-08-16,36-45,South
1398,111aba13-24b9-448f-bcf3-37b5a61aad67,47,F,West Bengal,Kolkata,Retail,Mass,Home Loan,2024-02-15,46-55,East
1399,682115a6-0cc4-4e61-ae9f-d3ef616e2558,28,M,Telangana,Hyderabad,Retail,Mass,Personal Loan,2021-10-01,26-35,South
1400,912a633d-be40-4272-965a-49c9632eb56c,33,M,Delhi,Delhi,Retail,Mass,Credit Card,2023-10-12,26-35,North
1401,2985fddf-76bc-4900-a89e-cb90ea5c9778,18,M,Delhi,Delhi,Retail,Mass,Credit Card,2025-02-14,18-25,North
1402,e9bbfe27-2d46-4e29-96d2-1effa5a69c82,30,M,Maharashtra,Mumbai,Retail,High Value,Home Loan,2024-02-22,26-35,West
1403,578ac565-673b-4602-9165-58f55b661d0d,31,F,Rajasthan,Jaipur,Retail,Mass,None,2024-08-17,26-35,North
1404,d42a98de-b8ba-4efd-aeb4-20026161042f,25,F,Karnataka,Bengaluru,Retail,Premium,Credit Card,2021-01-05,18-25,South
1405,cd78af41-45ef-4828-a2b2-d09d003d40dc,39,M,Maharashtra,Mumbai,Retail,Premium,Personal Loan,2025-01-15,36-45,West
1406,74cc3357-66e5-4a6e-814f-cd4d9a038f2f,37,F,Karnataka,Bengaluru,Corporate,Mass,Credit Card,2025-04-15,36-45,South
1407,70659593-97d7-4f92-bb56-ae123aeee0d8,18,M,Rajasthan,Jaipur,Retail,Mass,Personal Loan,2022-10-30,18-25,North
1408,c9ff8436-a635-4f65-bc9c-fc64c9a59b47,40,M,Maharashtra,Mumbai,Retail,Mass,Personal Loan,2022-11-10,36-45,West
1409,a72909dd-213e-40dc-9a27-dee0fce3c5f8,26,F,Uttar Pradesh,Noida,Retail,Mass,Personal Loan,2022-12-06,26-35,North
1410,94d41a0b-336b-4208-b8b3-a33172feb038,43,M,Maharashtra,Pune,Retail,Mass,Auto Loan,2025-03-11,36-45,West
1411,61396444-eeac-45a1-ac3d-70b06de94cf4,22,M,Uttar Pradesh,Noida,Retail,Wealth,Personal Loan,2023-04-10,18-25,North
1412,ca0c28aa-4fe0-469c-915f-971e1406525a,38,F,Kerala,Kochi,Retail,High Value,Credit Card,2020-12-01,36-45,South
1413,abb278ef-1c66-410d-9345-d284671ff41e,34,M,Uttar Pradesh,Noida,Retail,Mass,Credit Card,2025-07-06,26-35,North
1414,7f47930e-f039-428a-bf5a-f66fcf2bf886,41,M,West Bengal,Kolkata,Retail,Mass,Credit Card,2021-08-20,36-45,East
1415,5dfbf1af-a3de-4552-987f-35c994423943,39,F,Maharashtra,Mumbai,SME,Mass,Personal Loan,2025-04-25,36-45,West
1416,21970c87-390b-4061-94cf-9f723d81dab2,34,M,Haryana,Gurugram,Corporate,Wealth,Auto Loan,2024-09-21,26-35,North
1417,d7082487-68ab-4e3a-8a3e-32a0c925532f,19,F,Telangana,Hyderabad,Retail,Mass,Credit Card,2021-01-31,18-25,South
1418,1dff505e-cfa0-4846-b6a4-a7991082f873,20,F,Telangana,Hyderabad,Retail,Mass,Credit Card,2024-05-16,18-25,South
1419,a07058cb-82a8-4e08-85f2-29fd54cae219,30,M,Gujarat,Ahmedabad,Retail,Premium,Credit Card,2023-02-22,26-35,West
1420,ee78c4c1-e5de-4008-a37c-5459f4b31fcd,37,M,Kerala,Kochi,Retail,Mass,Home Loan,2023-11-30,36-45,South
1421,13d5ed12-774f-490c-96a6-84806b81a005,30,M,Maharashtra,Pune,Retail,Mass,Home Loan,2022-08-22,26-35,West
1422,2b5605ce-5a61-4414-b50b-cec749a942c0,45,F,Delhi,Delhi,Retail,Premium,Credit Card,2023-10-14,36-45,North
1423,fb2f2f5d-fd2c-4744-a9fc-32bd7552a0a5,34,M,Delhi,Delhi,Retail,Mass,Personal Loan,2023-07-29,26-35,North
1424,9db35768-e788-4477-9f7c-4c2e1698c829,26,F,Delhi,Delhi,Retail,Mass,Personal Loan,2021-07-12,26-35,North
1425,e37134d6-a347-4a72-a883-c0d2bcfd71d9,34,M,Delhi,Delhi,Retail,Mass,Personal Loan,2022-12-20,26-35,North
1426,47d8e198-445c-42f9-bc7d-f62f9aab32de,40,F,Delhi,Delhi,Retail,Mass,Personal Loan,2022-11-29,36-45,North
1427,c7d168d5-cc94-4fef-8996-1ec15421a6bc,41,M,Maharashtra,Mumbai,Retail,Wealth,Personal Loan,2021-08-04,36-45,West
1428,61db5109-d95f-4b9a-b4ed-abc28b794617,60,M,Maharashtra,Mumbai,Retail,Mass,Personal Loan,2023-08-30,56-65,West
1429,6dd681eb-5e0d-42fd-8db9-356a07ec432c,29,M,Maharashtra,Pune,Retail,Premium,Auto Loan,2021-06-29,26-35,West
1430,c15dbad6-3686-48f0-b790-54c685d742d5,37,F,Delhi,Delhi,Retail,Mass,Home Loan,2022-01-24,36-45,North
1431,5803024e-1faa-43da-aef1-b0233f84a131,43,O,West Bengal,Kolkata,SME,Premium,Home Loan,2021-03-01,36-45,East
1432,43d4bbfc-8833-490f-b9bd-365181ac0419,37,M,Tamil Nadu,Chennai,Retail,Wealth,Credit Card,2023-07-01,36-45,South
1433,f901b9dd-60b5-441e-bbf0-69541b770b12,31,M,Maharashtra,Mumbai,SME,Mass,Credit Card,2022-12-11,26-35,West
1434,ca545cde-115b-4ee3-a7f7-df33f1d34896,19,M,Maharashtra,Mumbai,Retail,Wealth,Personal Loan,2025-04-20,18-25,West
1435,b0d484f5-e0d3-474b-a3e6-a1aaa09e29fe,31,M,Karnataka,Bengaluru,Retail,Premium,Credit Card,2025-05-24,26-35,South
1436,1a866a59-04de-40e8-ae39-2dc3979df5ce,25,F,Kerala,Kochi,Retail,Premium,Personal Loan,2025-06-01,18-25,South
1437,dbfe8870-7e82-4444-a0ed-96085435f623,18,F,Karnataka,Bengaluru,Retail,Mass,Credit Card,2022-07-15,18-25,South
1438,f31e82a2-04b9-4aeb-bf63-1524aa45e599,28,F,Telangana,Hyderabad,Retail,Premium,None,2024-03-21,26-35,South
1439,f251bd37-c538-4ef8-994c-fd74c8418a4a,25,M,West Bengal,Kolkata,Retail,Mass,Auto Loan,2024-06-03,18-25,East
1440,19a84ca8-fdab-44de-a732-80535303ea85,45,M,Kerala,Kochi,Retail,Wealth,Personal Loan,2022-09-14,36-45,South
1441,bcb3bfa3-db25-4449-9c83-94b3808616ef,45,F,Karnataka,Bengaluru,Retail,High Value,Credit Card,2023-10-28,36-45,South
1442,b0800e92-cbe0-4a09-aadf-1823a813734b,27,M,Maharashtra,Mumbai,SME,Mass,Personal Loan,2025-04-07,26-35,West
1443,533608d6-7713-4f46-8ed1-0a25c47f200c,34,F,Maharashtra,Mumbai,Corporate,High Value,Personal Loan,2022-12-14,26-35,West
1444,c8ea50e7-3a1a-424e-a007-936dca5ddbb7,18,M,Maharashtra,Mumbai,Retail,High Value,Personal Loan,2022-12-28,18-25,West
1445,cdd3b9ff-1647-4f1c-9a99-02e31036c565,32,M,Maharashtra,Mumbai,Retail,Mass,Personal Loan,2025-03-28,26-35,West
1446,04d35760-fafb-4353-9db6-6ff4ebd18656,42,F,Telangana,Hyderabad,SME,Mass,Credit Card,2024-07-11,36-45,South
1447,2f734fdb-170c-432f-9b57-9d2c6d994ce3,47,M,West Bengal,Kolkata,Retail,Mass,Credit Card,2024-09-14,46-55,East
1448,b4ed3b90-7bd7-409e-a48b-6dca2ad9dd90,29,F,Telangana,Hyderabad,Retail,Mass,Personal Loan,2022-03-13,26-35,South
1449,df851fd6-b8d4-4a5a-b92e-4ccdf1ec0e3e,50,M,Tamil Nadu,Chennai,Retail,Mass,None,2024-08-21,46-55,South
1450,ad027116-d2c7-48a3-9434-c401a0423d3c,19,M,Karnataka,Bengaluru,Retail,Wealth,Credit Card,2025-11-06,18-25,South
1451,f48042a8-dc7d-4e67-90ae-054328644fb3,23,M,Haryana,Gurugram,Retail,Mass,Credit Card,2024-07-17,18-25,North
1452,790d2af3-21e3-4f7d-8ca0-a4802b908d06,46,M,Tamil Nadu,Chennai,Retail,Premium,Credit Card,2023-06-08,46-55,South
1453,6bfff9b6-6141-451b-a49f-704cc4647fd5,58,M,Uttar Pradesh,Noida,Retail,Premium,Credit Card,2021-10-16,56-65,North
1454,1a5c8d6f-4a74-4140-90ae-235905e70ddb,43,M,West Bengal,Kolkata,Retail,Premium,Credit Card,2025-09-19,36-45,East
1455,069d8bbb-d7e0-4d11-b8ae-7f7a76ea42d2,37,F,Karnataka,Bengaluru,Retail,Mass,Credit Card,2021-03-06,36-45,South
1456,abed60ae-7364-4d5d-904d-c7eb757b100a,18,F,Maharashtra,Mumbai,Retail,Mass,Auto Loan,2024-03-11,18-25,West
1457,5bb0e9cd-4943-44e2-86bf-9bb1cc864511,18,M,Karnataka,Bengaluru,Retail,Premium,Personal Loan,2024-02-16,18-25,South
1458,db13b7e6-11e0-4819-bf11-768c78a49b52,39,M,Delhi,Delhi,Corporate,Mass,Credit Card,2025-12-01,36-45,North
1459,3b5a99af-903d-40c6-84d8-9203b5ad3400,33,M,West Bengal,Kolkata,Retail,Mass,Personal Loan,2024-06-28,26-35,East
1460,3ee26fc6-c491-4dd7-b5f3-4322b3fc6c02,24,F,Delhi,Delhi,Retail,Premium,Auto Loan,2023-06-08,18-25,North
1461,51145f9f-c3b7-4ab7-aba1-fd9d78110aae,38,F,Maharashtra,Pune,Retail,Mass,Personal Loan,2022-07-29,36-45,West
1462,a0855a4b-a536-4077-8b7f-05f315877195,39,M,Telangana,Hyderabad,Retail,Mass,Personal Loan,2021-10-20,36-45,South
1463,93fa060d-84cd-476c-a733-7ddf54d0ac2b,49,M,Maharashtra,Mumbai,Retail,Mass,None,2023-02-21,46-55,West
1464,824f50dc-1c18-42e9-8df6-47b42c17018a,39,M,Karnataka,Bengaluru,Retail,Mass,Credit Card,2025-06-15,36-45,South
1465,a37e789a-12c9-41af-bbb0-5306a3ca8f22,52,M,Tamil Nadu,Chennai,Retail,Premium,Personal Loan,2023-11-11,46-55,South
1466,1ef741be-19a2-4069-8fdb-ffe0edfbd8cb,38,M,Tamil Nadu,Chennai,Retail,Mass,Personal Loan,2021-12-23,36-45,South
1467,6ff3ab86-6247-44bb-8237-75fbaa4e8b36,36,F,Delhi,Delhi,Retail,High Value,Credit Card,2022-07-02,36-45,North
1468,e974a548-1294-4ed1-8498-873b6c2bf4a8,50,M,Karnataka,Bengaluru,SME,High Value,None,2022-10-21,46-55,South
1469,5fd025d3-ed89-47fa-9e93-9f62eea8874b,26,M,Maharashtra,Pune,Retail,Mass,Credit Card,2023-03-22,26-35,West
1470,aba06af2-c6ed-4855-a5f1-b736af88bc7b,71,M,Maharashtra,Mumbai,Retail,Mass,Personal Loan,2023-03-29,65+,West
1471,33f43046-1c0a-46ed-bfb2-c4e6d61d8ff0,42,F,West Bengal,Kolkata,Retail,Mass,Credit Card,2020-07-25,36-45,East
1472,6239d577-1b1a-4374-8e7e-2093fa783169,42,M,Maharashtra,Mumbai,Retail,High Value,Credit Card,2022-09-21,36-45,West
1473,445fe6ab-57fc-4f9a-b2cc-79ee1e246c06,44,M,Maharashtra,Mumbai,Retail,Premium,Personal Loan,2022-09-25,36-45,West
1474,8177e37a-0c7d-4a88-bb98-162008f4f2cc,60,M,Delhi,Delhi,Retail,Mass,Auto Loan,2024-03-01,56-65,North
1475,5f2f4e3d-63d5-450f-92a9-0122bf96836c,47,F,Telangana,Hyderabad,Retail,Mass,Personal Loan,2023-04-27,46-55,South
1476,b1abf155-a646-4e43-b094-e915551c61ce,18,M,Telangana,Hyderabad,Retail,Mass,Auto Loan,2022-02-11,18-25,South
1477,266e2723-361e-43fe-93b6-0b1b098100f6,54,F,Delhi,Delhi,Retail,Mass,Home Loan,2021-04-21,46-55,North
1478,1a6b8a18-dfaa-45da-9de5-0137a1c9b679,33,M,Andhra Pradesh,Visakhapatnam,Retail,Mass,Personal Loan,2021-09-25,26-35,South
1479,f4186f56-a5a8-4c31-9c29-0e0f5129abb0,39,M,Delhi,Delhi,Retail,Mass,Credit Card,2022-05-18,36-45,North
1480,7af1d358-f3b2-4ca9-a380-48c50998187c,22,F,Delhi,Delhi,Retail,Premium,Home Loan,2021-09-28,18-25,North
1481,1398eb3a-dc13-454e-bd65-f003ebd7e383,44,F,Delhi,Delhi,Retail,Mass,Credit Card,2025-10-28,36-45,North
1482,8591b492-5739-4330-aacc-aa49839c4307,30,M,Maharashtra,Mumbai,Retail,Mass,Credit Card,2024-07-12,26-35,West
1483,7f5015e4-bc6d-43cb-b610-c4dbf423f6b0,39,F,Telangana,Hyderabad,Retail,Premium,Personal Loan,2024-09-02,36-45,South
1484,2575c4e3-2de4-4aea-864d-c76fca2c9ac0,34,M,Karnataka,Bengaluru,Retail,Wealth,Personal Loan,2022-06-04,26-35,South
1485,07448b23-f347-4972-b2fd-dfb6662cc709,61,M,Tamil Nadu,Chennai,Retail,Mass,Credit Card,2021-11-17,56-65,South
1486,a3b9164c-9649-4c65-8bb3-e08ea04c7b6f,61,F,Maharashtra,Mumbai,Retail,High Value,Personal Loan,2025-03-11,56-65,West
1487,bb92d5ba-4dd0-41b6-bd92-d19c43526686,38,F,Andhra Pradesh,Vijayawada,Corporate,Mass,Personal Loan,2024-12-12,36-45,South
1488,0c0194c1-1cf5-41d8-a97d-bcdf0efd68e7,38,M,Delhi,Delhi,Retail,High Value,Credit Card,2023-04-17,36-45,North
1489,52306506-9acb-4e2e-89c6-ee6dc2b30e91,33,F,Gujarat,Ahmedabad,Retail,Mass,Personal Loan,2020-09-13,26-35,West
1490,de9e1cf7-24fc-4da7-bb27-dba49d87d11d,51,M,Delhi,Delhi,Retail,Premium,Home Loan,2025-12-27,46-55,North
1491,3f23693f-585a-4602-ad31-968610b7cf81,34,M,Maharashtra,Mumbai,Retail,Mass,Home Loan,2021-03-10,26-35,West
1492,268cc726-b563-4a66-932e-b58cd492b265,32,F,Haryana,Gurugram,SME,Wealth,Home Loan,2024-12-10,26-35,North
1493,75f78f20-e9b3-4f8b-95be-ce998882f2f0,49,M,Tamil Nadu,Chennai,Retail,Wealth,Personal Loan,2024-07-13,46-55,South
1494,74c8af4a-d81b-4206-aa45-7ca52ac67698,31,F,Haryana,Gurugram,Retail,Mass,Credit Card,2022-07-18,26-35,North
1495,e2ac4610-978b-4a3a-b519-e2fbf3644159,37,F,Delhi,Delhi,Corporate,Mass,Home Loan,2022-01-05,36-45,North
1496,140a649d-2867-4e76-afa3-4bf63505a1dd,19,F,Tamil Nadu,Chennai,Retail,Mass,Credit Card,2021-03-20,18-25,South
1497,fa574fee-748e-4a51-9b8e-2b1b7146b494,46,M,Uttar Pradesh,Noida,Retail,Mass,Credit Card,2025-12-22,46-55,North
1498,08ebdf39-d314-44be-9407-726f063dd31c,61,F,Tamil Nadu,Chennai,Retail,Premium,Credit Card,2025-09-25,56-65,South
1499,14a2c8d9-b6d7-4345-b5c7-35195e7c524c,46,F,Karnataka,Bengaluru,Retail,Premium,Personal Loan,2023-05-21,46-55,South
1500,0c951033-5d1a-47f1-98ce-87b245b5468d,55,F,Tamil Nadu,Chennai,Retail,Mass,Personal Loan,2022-12-11,46-55,South
1501,3f6a36d6-b746-4247-a904-054083efb9ee,27,M,Tamil Nadu,Chennai,Retail,Mass,Credit Card,2024-07-29,26-35,South
1502,3bbbe219-09da-40cf-ab69-64c4773fae3f,40,M,Rajasthan,Jaipur,SME,High Value,Personal Loan,2022-07-08,36-45,North
1503,fa7d6447-0d9d-429a-91bc-3276c4022d29,26,M,Delhi,Delhi,Retail,Mass,Auto Loan,2024-07-20,26-35,North
1504,0faa27d3-e49b-41a8-9c90-03e4ffc3bfa8,35,M,Delhi,Delhi,Retail,Premium,Credit Card,2020-11-24,26-35,North
1505,f3ecb4d7-120c-46a9-96f5-535f60b21db4,47,M,Haryana,Gurugram,Retail,Mass,Personal Loan,2025-01-12,46-55,North
1506,b63f5ddb-9fa7-4a02-be45-52681c8ad199,39,F,Telangana,Hyderabad,Retail,Mass,Credit Card,2022-06-01,36-45,South
1507,02158060-3a64-49ff-81e4-1918bcd6f39c,21,F,Maharashtra,Pune,SME,Mass,Credit Card,2023-02-06,18-25,West
1508,b145b038-2b9e-4c03-8dcc-c0aac76154ab,22,M,Delhi,Delhi,Retail,Mass,Personal Loan,2025-06-09,18-25,North
1509,4d850387-c107-4afa-b72a-52391e02556a,21,M,Karnataka,Bengaluru,Retail,Premium,None,2022-09-10,18-25,South
1510,a2a1c66f-47a2-410b-8434-bc30f5336bf5,43,F,Maharashtra,Pune,SME,Mass,Credit Card,2025-03-14,36-45,West
1511,54a63d25-3ee0-4abd-bd28-6f5d1fee4d7d,62,M,Maharashtra,Mumbai,SME,Premium,Credit Card,2023-01-18,56-65,West
1512,91c57b28-3c4c-4147-83d7-740b9bd2b157,54,F,Maharashtra,Mumbai,SME,Premium,Home Loan,2022-07-10,46-55,West
1513,c6853c7d-9ce6-40eb-89ea-476edf59ab04,18,M,Tamil Nadu,Chennai,Retail,Mass,Credit Card,2025-08-10,18-25,South
1514,669bfb4d-98fb-4f7f-b116-7a55feede5cb,55,M,Maharashtra,Pune,Retail,Mass,Credit Card,2024-10-27,46-55,West
1515,a262abc5-02d4-4613-ade0-d47e9619812d,49,M,Gujarat,Ahmedabad,Retail,Premium,Personal Loan,2024-05-20,46-55,West
1516,fb7b2171-f4dd-4115-bb1f-9404d508045c,19,F,Karnataka,Bengaluru,Retail,Premium,Personal Loan,2020-12-02,18-25,South
1517,3d5bb4ac-055a-4ed4-b0f1-ae6eb417245c,34,M,Maharashtra,Mumbai,SME,Mass,Credit Card,2024-10-16,26-35,West
1518,152edb05-7cb3-4b50-b320-3c49c11f85f6,51,F,Rajasthan,Jaipur,Retail,Mass,Credit Card,2020-12-17,46-55,North
1519,e0fa5f3e-b2d0-4e70-b952-ed1ba0533c2b,44,M,Maharashtra,Mumbai,Retail,Premium,Credit Card,2023-01-30,36-45,West
1520,29dcb713-548f-4649-9698-2568638e538c,22,M,Maharashtra,Mumbai,SME,Mass,Credit Card,2020-10-22,18-25,West
1521,bbe635d0-cf28-4c1d-a98f-f18f36186956,45,F,Karnataka,Bengaluru,Corporate,Premium,Credit Card,2021-06-14,36-45,South
1522,e768b1ad-5e9f-484c-af8e-b8668fe22833,18,M,Telangana,Hyderabad,Retail,Mass,Home Loan,2024-05-26,18-25,South
1523,134a640f-8ae8-4664-941e-0ec35c0b5cc8,35,M,Gujarat,Ahmedabad,SME,Premium,None,2022-12-09,26-35,West
1524,936bc7fe-6d09-4695-9036-2c741b2bcae1,51,M,Maharashtra,Pune,Retail,Mass,Personal Loan,2022-01-29,46-55,West
1525,8f34e2fc-8721-4dd5-b461-40f708cb9fdf,38,F,Maharashtra,Pune,Retail,Premium,Auto Loan,2025-07-29,36-45,West
1526,3862d870-09fe-44c3-b944-e28bdc9634a6,32,M,Maharashtra,Mumbai,Retail,Mass,Home Loan,2022-05-16,26-35,West
1527,acc4dc49-e6cf-42f5-9218-6932c2bcee4d,48,M,Delhi,Delhi,Corporate,Mass,Personal Loan,2023-06-27,46-55,North
1528,7c7d584c-24d8-4a93-8df5-c0f48fd29793,49,F,Delhi,Delhi,SME,Mass,Personal Loan,2025-10-22,46-55,North
1529,d52c61b0-a99f-48cc-a5d4-d362eff3c03c,53,F,Maharashtra,Mumbai,Retail,Premium,Personal Loan,2021-04-03,46-55,West
1530,ed02d261-8c20-4962-947c-9b769887808a,48,F,Karnataka,Bengaluru,Retail,Mass,Credit Card,2024-07-19,46-55,South
1531,4fe4e1b7-d8da-42c4-bc72-e7caa74e09be,50,F,Karnataka,Bengaluru,Retail,Mass,Credit Card,2021-03-20,46-55,South
1532,4b040522-057d-4369-86e1-3bb2ec436d82,46,F,Maharashtra,Mumbai,Retail,Premium,Credit Card,2024-11-14,46-55,West
1533,9d9584fa-a6a1-44ee-bce9-13e97409a5cc,41,M,Telangana,Hyderabad,Retail,Mass,Home Loan,2023-01-14,36-45,South
1534,cbcbf478-a5c5-43e8-bb79-54eaca04285d,39,M,Maharashtra,Pune,Retail,Mass,Personal Loan,2023-12-22,36-45,West
1535,1938afa1-c0d8-4573-80d6-d69d296b5402,35,F,Maharashtra,Mumbai,Retail,Premium,Credit Card,2021-02-11,26-35,West
1536,fbf6e77c-58c6-4285-a602-d93351c20daf,23,F,Delhi,Delhi,Retail,Premium,Auto Loan,2020-10-13,18-25,North
1537,0b3b098e-c7e0-4f33-9558-56dfda83ef57,26,F,Haryana,Gurugram,Retail,High Value,None,2021-10-14,26-35,North
1538,c5445f10-070e-4179-9138-a6f5d8b96bae,34,F,Maharashtra,Pune,Retail,Mass,Home Loan,2021-05-16,26-35,West
1539,f02c5bee-36b9-4e4a-bc5b-618a7823faec,40,M,Haryana,Gurugram,Corporate,Mass,Personal Loan,2021-10-17,36-45,North
1540,ea416b03-e458-4a2d-9620-35bdcdd7dd7a,55,M,Delhi,Delhi,Retail,Premium,Personal Loan,2024-05-25,46-55,North
1541,35340b4e-a911-42d3-860d-ee991a21a1f0,37,F,Haryana,Gurugram,Retail,Mass,Personal Loan,2020-12-18,36-45,North
1542,040ac512-0df3-45a7-8851-cccd7ddf31e7,50,M,Karnataka,Bengaluru,Retail,Premium,Credit Card,2023-02-06,46-55,South
1543,356ad9f9-6c90-495c-8a67-065dfab25c4e,50,F,Delhi,Delhi,SME,Mass,Personal Loan,2024-02-15,46-55,North
1544,92fb0c02-a55b-4ea3-b7ed-c5c0fd23a994,35,F,Maharashtra,Mumbai,Retail,High Value,Auto Loan,2024-12-13,26-35,West
1545,15da2564-a48f-4c02-a560-415af640cef0,45,M,Delhi,Delhi,Retail,Premium,Credit Card,2022-02-12,36-45,North
1546,4cc0fd52-5fe6-4341-8619-609df7eeb9b1,35,F,Delhi,Delhi,Retail,Mass,Credit Card,2024-06-26,26-35,North
1547,6f46b522-af7b-4abc-b0e7-9bc53c02dcb2,53,F,Karnataka,Bengaluru,SME,Mass,Personal Loan,2022-06-06,46-55,South
1548,96121e34-f794-4ad1-a6e3-e7a54d54843e,45,F,Maharashtra,Pune,Retail,Mass,Credit Card,2025-08-24,36-45,West
1549,f4ba7ac0-e820-4b5b-917c-ffcb71e1ff01,23,M,Karnataka,Bengaluru,Retail,Mass,Credit Card,2022-07-12,18-25,South
1550,2b3bbd6f-e0fa-4740-8b23-58385700470e,39,F,Karnataka,Bengaluru,Retail,Premium,Credit Card,2022-06-26,36-45,South
1551,c9176f44-c65a-4b63-a35a-8cdef4427b6d,57,M,Maharashtra,Mumbai,Retail,Mass,Personal Loan,2023-02-17,56-65,West
1552,378e2b5e-2b86-4c3e-b185-dfc85b92ad7a,35,M,Delhi,Delhi,Corporate,Mass,Home Loan,2022-05-29,26-35,North
1553,f903dd0d-c689-429d-8193-24ea3cbe2949,43,M,Karnataka,Bengaluru,Corporate,Mass,Personal Loan,2020-07-24,36-45,South
1554,83a32c2e-05d3-4dca-adab-ae6004d491d9,44,F,Delhi,Delhi,Retail,Premium,Personal Loan,2021-05-30,36-45,North
1555,3af4893e-fe86-4b3c-845f-eb5d0b5d8c49,25,F,Karnataka,Bengaluru,Retail,Mass,None,2023-08-06,18-25,South
1556,15267631-8829-4c21-a83a-abef30cf6de2,44,M,Maharashtra,Pune,SME,Mass,Personal Loan,2021-03-25,36-45,West
1557,7b804560-f48e-40e0-a19d-87c36ca5b342,21,F,West Bengal,Kolkata,Corporate,High Value,Personal Loan,2020-10-11,18-25,East
1558,db0268d0-0304-4530-8132-7006369b0d8f,30,M,Delhi,Delhi,Retail,Mass,Credit Card,2025-02-15,26-35,North
1559,7ce1106f-8d3e-4e3a-a9b4-8929b0fd0ca8,50,F,Tamil Nadu,Chennai,Retail,Mass,Credit Card,2024-01-15,46-55,South
1560,fc022aea-bc6e-4a87-bce9-9b3ed8ffbd2c,42,M,Uttar Pradesh,Noida,Retail,Wealth,Personal Loan,2021-12-07,36-45,North
1561,f16f6abf-1417-4210-8e57-ce5135008d1d,34,F,Andhra Pradesh,Visakhapatnam,SME,Mass,Personal Loan,2023-03-09,26-35,South
1562,325593f2-7e4f-4282-b677-e8f413aa2763,43,M,Tamil Nadu,Chennai,Retail,High Value,Personal Loan,2025-04-07,36-45,South
1563,404d9466-2fbd-446f-8979-622fcbf75037,37,F,Gujarat,Ahmedabad,Retail,Premium,Credit Card,2023-06-01,36-45,West
1564,98c133d1-5375-4e55-b539-fb00d2d9570c,38,M,Gujarat,Ahmedabad,Retail,Premium,Personal Loan,2023-12-16,36-45,West
1565,ae9ac3eb-a549-421b-a3a9-c0da9cc00c2c,45,F,Haryana,Gurugram,Retail,Mass,Home Loan,2021-12-16,36-45,North
1566,207e879d-e370-4b93-87ba-2c2b27142374,29,F,Delhi,Delhi,Retail,Mass,Auto Loan,2023-03-07,26-35,North
1567,85ead55e-38a2-44e3-8840-ad364d072d19,38,M,Maharashtra,Mumbai,Retail,Mass,Personal Loan,2025-03-28,36-45,West
1568,b09b1996-f378-4b4d-828f-ab69693225b7,34,M,Maharashtra,Mumbai,Retail,Mass,Personal Loan,2025-09-25,26-35,West
1569,86566568-18a2-479f-b9a7-4ad7f1b1f9c4,18,F,Delhi,Delhi,Retail,Mass,Personal Loan,2024-06-06,18-25,North
1570,9987ac41-5731-49fe-b67f-6bbdc7811599,26,F,Delhi,Delhi,Retail,Mass,Personal Loan,2025-02-22,26-35,North
1571,935bda2f-ea7b-4cbe-bd73-5ebee33ce444,56,M,Delhi,Delhi,Retail,Premium,Personal Loan,2021-03-16,56-65,North
1572,406373d1-9e61-4389-8fa3-6a9228e61fb3,42,M,Telangana,Hyderabad,Retail,Mass,Home Loan,2024-07-08,36-45,South
1573,84e88aed-30b7-46e6-8dc1-58aa2cdd567b,22,M,Telangana,Hyderabad,Retail,Premium,Personal Loan,2022-07-13,18-25,South
1574,166d0a94-0560-44de-ab71-5f1cdc3930ca,19,F,Uttar Pradesh,Noida,Retail,High Value,Credit Card,2025-04-21,18-25,North
1575,07d5480d-c4c7-48eb-b5fb-d69905657088,36,F,Maharashtra,Mumbai,Retail,Premium,Credit Card,2023-08-02,36-45,West
1576,01114eb1-046a-4b68-852e-1ce53998ff84,56,M,Karnataka,Bengaluru,Retail,Premium,Home Loan,2020-11-20,56-65,South
1577,dc857642-45f5-4020-aee1-7491698274b2,35,F,Haryana,Gurugram,Retail,Premium,Personal Loan,2022-06-25,26-35,North
1578,c14ae70c-528c-4062-8d73-4b17dce630df,53,F,Uttar Pradesh,Noida,SME,Mass,Personal Loan,2024-06-04,46-55,North
1579,2efd4d78-79b0-4eba-adbb-2d2e662a4243,42,F,Andhra Pradesh,Visakhapatnam,SME,Mass,None,2021-11-28,36-45,South
1580,6689bd18-5b69-43b8-85fe-db3df1495617,43,M,Gujarat,Ahmedabad,Retail,High Value,Personal Loan,2023-04-05,36-45,West
1581,0bdb9f4d-c4c7-43a5-99a6-34ed76909e7e,21,M,Gujarat,Ahmedabad,Retail,Premium,Credit Card,2024-09-18,18-25,West
1582,4fe45799-cc6c-4ae9-8206-a3bc19efcdd0,49,M,Karnataka,Bengaluru,Retail,Premium,Credit Card,2020-07-18,46-55,South
1583,f9d468c5-9e6e-40fe-b9ac-81f183be1e63,33,M,Delhi,Delhi,Retail,Wealth,Credit Card,2020-11-13,26-35,North
1584,1a579997-3277-4039-90b7-5452d646d140,48,M,Karnataka,Bengaluru,SME,Mass,Personal Loan,2022-11-25,46-55,South
1585,f3a41b5f-a7d5-4cc9-ba4a-bfab1b2e2bed,28,M,Tamil Nadu,Chennai,Retail,Mass,Personal Loan,2025-10-27,26-35,South
1586,893faa36-d5c7-4ff8-93b3-8d0f7c7c1553,40,M,West Bengal,Kolkata,Retail,Premium,Credit Card,2023-10-02,36-45,East
1587,4fe56d0b-6490-444d-b8b4-e7eb236ac5c2,42,F,Karnataka,Bengaluru,Retail,Mass,Credit Card,2023-03-11,36-45,South
1588,da8e4db2-9e33-4d90-9ec8-5b15566e605f,36,M,Telangana,Hyderabad,Retail,Mass,Home Loan,2020-11-29,36-45,South
1589,bdc57e43-3fd3-4116-b4b0-f3f2539a15b3,42,F,Karnataka,Bengaluru,SME,Premium,Credit Card,2021-12-28,36-45,South
1590,f247e5d7-c45d-40d4-829c-6d0d9ed5732f,34,M,Maharashtra,Mumbai,Retail,Premium,Auto Loan,2024-10-14,26-35,West
1591,becfd8e2-a814-4ad8-9c9c-2ade90e6907c,30,F,Maharashtra,Mumbai,Retail,Mass,None,2023-03-18,26-35,West
1592,c411a737-d30d-449f-97d8-b33461d26880,57,M,Maharashtra,Mumbai,Retail,Premium,Credit Card,2025-01-07,56-65,West
1593,f6a40e1b-ad48-4e23-a1d5-434c6d814d2b,50,F,West Bengal,Kolkata,SME,Mass,Personal Loan,2023-05-30,46-55,East
1594,5322382b-3fa3-422f-9546-3e9501251681,28,F,Delhi,Delhi,Retail,High Value,Credit Card,2023-01-27,26-35,North
1595,4ecad93b-6276-430b-91b3-6e2b390c3d5f,44,M,Uttar Pradesh,Noida,Retail,Mass,Credit Card,2023-03-19,36-45,North
1596,2ac96908-31a7-4a1c-b55f-cef1d2747d27,29,F,Tamil Nadu,Chennai,Retail,High Value,Credit Card,2023-08-31,26-35,South
1597,c29d8725-6b0d-443a-b236-479cdde00f57,23,M,Maharashtra,Mumbai,Retail,Mass,Personal Loan,2023-08-11,18-25,West
1598,c1e88b92-8033-4414-b1a8-c62a0f44bdd6,50,F,Maharashtra,Mumbai,Retail,Mass,Credit Card,2021-08-22,46-55,West
1599,bfeb9f5b-022e-4a54-b373-2713c88659f2,18,M,Haryana,Gurugram,Retail,Mass,Personal Loan,2023-03-27,18-25,North
1600,999a388b-6574-4ff9-b1fb-b47615cd133f,49,M,Karnataka,Bengaluru,Retail,Mass,Personal Loan,2025-10-09,46-55,South
1601,8cc27eee-3214-469b-8739-525230c0d97b,34,M,West Bengal,Kolkata,Retail,Mass,Home Loan,2021-12-12,26-35,East
1602,3adb6f35-2d16-43b2-bca0-22856713959e,35,F,Maharashtra,Mumbai,Retail,Premium,Credit Card,2022-08-15,26-35,West
1603,343f8928-edbf-40c0-94f4-c45478d1043c,42,M,Tamil Nadu,Chennai,Retail,Premium,Credit Card,2022-03-12,36-45,South
1604,5e397094-d978-4732-82a9-9c1a98fb07b4,44,F,Haryana,Gurugram,Retail,Mass,Credit Card,2022-02-10,36-45,North
1605,e8cfd831-3492-4926-ac9c-ca669ade2e5e,28,M,Karnataka,Bengaluru,Retail,Premium,Credit Card,2025-01-20,26-35,South
1606,7eb4932d-e8a1-4993-9821-286f68e342af,46,M,Karnataka,Bengaluru,Retail,High Value,Personal Loan,2020-09-06,46-55,South
1607,fa488985-6277-4232-b50e-e7c092d12b20,39,M,Rajasthan,Jaipur,Retail,Premium,Credit Card,2020-07-31,36-45,North
1608,4651e002-fd88-46fc-9bb3-209216de0b9c,22,F,Karnataka,Bengaluru,Retail,Mass,Personal Loan,2025-03-16,18-25,South
1609,37d1e41e-dd17-44a0-926a-53d40bbbd012,35,F,Delhi,Delhi,Retail,Mass,Credit Card,2024-10-21,26-35,North
1610,174c28f3-79b2-4888-bc5e-9defc8e5e4fb,54,M,Delhi,Delhi,Retail,High Value,Personal Loan,2024-08-27,46-55,North
1611,25c1d858-c678-4b14-87be-fabce8250528,58,F,Karnataka,Bengaluru,Retail,Mass,None,2020-09-17,56-65,South
1612,aaa5bc9f-ffc3-4840-9afe-2280f573dbd1,46,M,Maharashtra,Pune,Retail,Mass,Home Loan,2020-11-24,46-55,West
1613,a1f22f4c-3a19-4c5c-be4e-b61f5dd97eb1,23,M,Maharashtra,Pune,Corporate,Premium,Credit Card,2024-07-20,18-25,West
1614,b8e94ef8-b41a-4848-bb9b-d9bfc8dd22ca,43,M,Delhi,Delhi,Retail,Mass,Personal Loan,2022-07-20,36-45,North
1615,5d7898a7-ded9-44e8-9bb7-66a87149018a,48,M,Uttar Pradesh,Noida,SME,Premium,Credit Card,2024-09-02,46-55,North
1616,7d687a5d-01e5-4479-9252-946130a6b31c,46,M,Karnataka,Bengaluru,Retail,Mass,Credit Card,2025-10-17,46-55,South
1617,9f5b96c2-8c09-4d1e-a169-4205e2e76735,47,F,Maharashtra,Mumbai,Retail,Premium,Credit Card,2024-09-28,46-55,West
1618,ad946871-f6f2-4451-8b3e-d7d60a44611b,42,M,Telangana,Hyderabad,Retail,Wealth,Credit Card,2025-07-31,36-45,South
1619,8d298af1-9d75-4317-9de1-4e55092fd478,37,F,Andhra Pradesh,Visakhapatnam,Retail,Wealth,Auto Loan,2021-05-12,36-45,South
1620,83e48164-a589-4fd2-a5d1-d95e8654f257,30,F,Maharashtra,Mumbai,Retail,High Value,Credit Card,2021-09-14,26-35,West
1621,05663e30-bf50-4a04-a72d-87f7a07cf54e,18,F,Karnataka,Bengaluru,Retail,High Value,Credit Card,2024-12-29,18-25,South
1622,d5b095ce-6fc0-414b-8641-9f1cc29720b5,42,F,Telangana,Hyderabad,Corporate,Mass,Credit Card,2022-11-24,36-45,South
1623,b00c1317-ccb3-4a2c-8246-80bae8bc6b13,40,F,Haryana,Gurugram,Retail,Wealth,Credit Card,2024-11-17,36-45,North
1624,c5a27c8d-0c98-4963-876d-ea6f6c5204a2,44,M,Maharashtra,Mumbai,SME,High Value,Credit Card,2022-11-28,36-45,West
1625,4a185f7c-75a7-4f25-87e8-614b4206ef98,21,M,Delhi,Delhi,Retail,Mass,Home Loan,2021-02-05,18-25,North
1626,d5fe652a-c86b-4a7d-9d7f-a9bdd6b3552f,45,M,Maharashtra,Pune,Retail,Mass,Personal Loan,2021-03-09,36-45,West
1627,eb268407-b4ac-48cd-aed0-a3934c5939f8,62,F,Delhi,Delhi,Retail,Mass,Personal Loan,2021-06-10,56-65,North
1628,20c8fb87-8ceb-4707-967c-4d0cbe280112,38,M,Maharashtra,Mumbai,Retail,Mass,Personal Loan,2024-09-06,36-45,West
1629,09fba285-8177-474d-a62b-bf454e7f908d,37,F,Maharashtra,Mumbai,Corporate,Premium,Auto Loan,2024-12-16,36-45,West
1630,871be0e3-aa1c-45dc-ad9e-e8a1f1e0b640,41,F,Delhi,Delhi,SME,Mass,Credit Card,2025-02-15,36-45,North
1631,a588896b-0a0b-438f-a1d7-d3838554d3e3,62,M,Delhi,Delhi,Corporate,Mass,Credit Card,2025-04-22,56-65,North
1632,81e8183b-3d31-48ca-bbd8-ba4df8577a68,25,F,Uttar Pradesh,Noida,Corporate,Mass,Credit Card,2022-08-23,18-25,North
1633,9988516d-e87c-4bd9-8b7d-30f6411ca2bb,40,M,Tamil Nadu,Chennai,Retail,Mass,Credit Card,2022-05-26,36-45,South
1634,cf22a13e-127f-4a8f-890a-9a74dcc8d3c4,28,M,Tamil Nadu,Chennai,Retail,Wealth,Auto Loan,2021-03-04,26-35,South
1635,387dbc02-ec5a-4040-af5f-6db49f6219a1,31,F,Andhra Pradesh,Vijayawada,SME,Mass,None,2025-07-05,26-35,South
1636,9ef9a4c6-589f-43e8-9827-750b1b735985,37,M,Delhi,Delhi,Retail,Mass,Home Loan,2024-07-20,36-45,North
1637,83b54b8b-c446-4ff1-a9a6-e04638d67799,54,M,Delhi,Delhi,Retail,Mass,Home Loan,2022-01-07,46-55,North
1638,a67f6b10-0765-4a75-b891-d311432d863d,59,M,West Bengal,Kolkata,Retail,High Value,Personal Loan,2022-04-10,56-65,East
1639,cbbc717c-4dbe-4f98-aaef-794648e7ef81,43,M,Karnataka,Bengaluru,Retail,High Value,Personal Loan,2023-08-31,36-45,South
1640,dadeff86-507d-48a2-9b9c-a43b24e26f77,33,F,Maharashtra,Pune,Retail,Mass,Credit Card,2025-03-03,26-35,West
1641,45457571-d36c-41ad-9486-fa1ba1f2663f,67,F,Maharashtra,Pune,Retail,Mass,Credit Card,2023-05-09,65+,West
1642,4e42d292-7c2c-42f8-b93a-cc5e42eef9e2,32,M,Maharashtra,Mumbai,Retail,Mass,Personal Loan,2025-01-23,26-35,West
1643,e55c0a84-3b9b-42c2-a222-94005533ea42,31,M,Delhi,Delhi,Retail,Mass,Credit Card,2023-01-26,26-35,North
1644,594c3f5d-2c01-4ca5-9694-3260f882ebe6,18,M,Karnataka,Bengaluru,Retail,Premium,Personal Loan,2021-01-24,18-25,South
1645,2c85577d-9f48-4f63-bd8c-aab2d1acb965,54,F,Maharashtra,Mumbai,Retail,Mass,Personal Loan,2024-12-06,46-55,West
1646,40f3ef62-c7fe-4703-8533-f12fdbe4b447,49,F,Delhi,Delhi,Retail,Mass,Personal Loan,2025-05-11,46-55,North
1647,64a1600c-c37f-4969-bbc6-a0db478938fc,67,M,Karnataka,Bengaluru,Retail,Mass,Home Loan,2021-12-18,65+,South
1648,a110d15a-cc62-4d1c-a1a2-20dc93b0a90b,21,M,Haryana,Gurugram,Retail,Mass,Credit Card,2025-11-14,18-25,North
1649,019c1117-345c-4e3c-80c2-000c63a471ca,55,F,Gujarat,Ahmedabad,Retail,Mass,Credit Card,2020-08-14,46-55,West
1650,5ed2c2a9-a69c-4ef1-8067-1380c4e26b75,38,F,Haryana,Gurugram,Retail,Mass,Home Loan,2021-10-05,36-45,North
1651,65f379c0-505c-4cec-addc-b970639aaea7,47,M,Karnataka,Bengaluru,Retail,Mass,Home Loan,2023-10-18,46-55,South
1652,a4d51c38-3fd8-4803-98b3-dc95e2708670,18,F,Karnataka,Bengaluru,Retail,Mass,Credit Card,2024-01-07,18-25,South
1653,711e6997-a6b2-4e64-951a-59c9150329a7,55,M,Karnataka,Bengaluru,Retail,Mass,Home Loan,2023-11-20,46-55,South
1654,5296ee4e-72aa-42bc-ac03-3e5fa21cb558,47,M,Maharashtra,Mumbai,Retail,Wealth,Personal Loan,2023-10-31,46-55,West
1655,e65edf84-1cb9-4812-84d7-f41b5d328104,37,F,West Bengal,Kolkata,Retail,Mass,Credit Card,2021-05-28,36-45,East
1656,c6eec544-4dc5-4cd7-b201-f1782bcbea88,45,M,Delhi,Delhi,Retail,Mass,Personal Loan,2021-08-16,36-45,North
1657,fb346d31-afae-4753-8edf-e2a952554092,28,M,Karnataka,Bengaluru,Retail,Mass,Credit Card,2024-11-18,26-35,South
1658,f3ac13bf-a99e-4566-9b77-4716d853ff96,31,F,Uttar Pradesh,Noida,Retail,Premium,Credit Card,2025-01-07,26-35,North
1659,8a034d04-926d-4606-aed9-9c9cb2e10b98,32,F,Delhi,Delhi,Retail,High Value,Personal Loan,2023-01-16,26-35,North
1660,d0ff007b-39db-48d6-9976-b24a034bcc8c,18,M,Maharashtra,Mumbai,Retail,Premium,Credit Card,2022-06-11,18-25,West
1661,d03320f5-b915-49fd-90aa-e7197fd26b55,48,F,Maharashtra,Mumbai,Retail,Premium,Credit Card,2022-01-08,46-55,West
1662,876db763-e0ce-460e-a3ef-41ee513d66a4,52,F,Tamil Nadu,Chennai,Retail,Premium,Credit Card,2024-04-14,46-55,South
1663,c499cc2f-ad55-45d7-a97b-f719e9870199,29,F,Haryana,Gurugram,Retail,Mass,Personal Loan,2023-05-13,26-35,North
1664,e4d117c4-58c7-46b3-a3f4-910108d13607,42,F,Karnataka,Bengaluru,Retail,High Value,Personal Loan,2025-06-07,36-45,South
1665,333dc9bd-7e84-49f4-9905-e313918bcd35,34,F,West Bengal,Kolkata,Retail,Premium,Credit Card,2023-07-05,26-35,East
1666,b13ff2f3-ef7a-4a2a-870c-ec60263b4229,41,M,Uttar Pradesh,Noida,Retail,Mass,Home Loan,2022-03-29,36-45,North
1667,018d9bd4-45af-4963-a40c-5acd967a2e69,30,M,Uttar Pradesh,Noida,Retail,Mass,Auto Loan,2024-05-03,26-35,North
1668,a7dd5646-225c-4e4d-b881-123cdff724e8,27,F,Karnataka,Bengaluru,Retail,Mass,Personal Loan,2024-04-04,26-35,South
1669,266e4481-56ca-4d82-88df-8d1e1acabdd9,50,O,Maharashtra,Mumbai,Retail,Mass,Credit Card,2023-06-22,46-55,West
1670,9830aa8c-760f-49e0-ac97-9b33a409b424,37,M,Uttar Pradesh,Noida,Retail,Premium,Credit Card,2021-04-04,36-45,North
1671,19b396ce-4f37-4661-8459-6c169c5d0768,62,M,Karnataka,Bengaluru,Retail,Mass,None,2022-09-11,56-65,South
1672,a8ad1520-2bff-4cf3-a8ae-74508aaf3357,38,F,Tamil Nadu,Chennai,Retail,Premium,Personal Loan,2020-12-20,36-45,South
1673,d2a0ad0a-2560-441a-8b65-9c50605fe667,26,M,Maharashtra,Pune,SME,Wealth,Credit Card,2025-08-31,26-35,West
1674,6e80461c-19da-454e-93be-9e6b760d2bc9,52,M,Maharashtra,Mumbai,Retail,Mass,Credit Card,2021-05-09,46-55,West
1675,5914290c-7301-48bd-b8a1-1d29805a4738,45,F,Haryana,Gurugram,Retail,Mass,Personal Loan,2025-10-06,36-45,North
1676,b09cf0a4-adda-4002-989b-fadfc78d4338,46,F,West Bengal,Kolkata,SME,Premium,Personal Loan,2024-03-28,46-55,East
1677,6251d6d2-8873-4b0e-80fb-4d766f64322a,52,F,Maharashtra,Pune,Retail,Premium,Personal Loan,2023-09-01,46-55,West
1678,fd876799-8095-429d-8eb5-5da425289a26,30,F,Delhi,Delhi,Retail,Mass,Credit Card,2024-09-15,26-35,North
1679,a37562e2-e27d-4f3f-8dcb-4b0a1b281453,36,M,Gujarat,Ahmedabad,Retail,Mass,Credit Card,2020-08-02,36-45,West
1680,87c4edff-75dd-4657-b1e5-26ccce3ace13,35,F,Telangana,Hyderabad,Retail,Premium,Credit Card,2021-02-11,26-35,South
1681,86f8424f-fdc5-4f67-8388-2b8cc0bdf41d,22,M,Maharashtra,Pune,Retail,High Value,Personal Loan,2022-11-16,18-25,West
1682,4a45606b-8078-4bbf-9146-74fbef709302,34,M,Haryana,Gurugram,Retail,Mass,Auto Loan,2023-07-11,26-35,North
1683,3904bb3a-ed9e-4b02-ac73-122cc2a137c2,54,F,Maharashtra,Pune,Retail,Mass,Credit Card,2021-10-31,46-55,West
1684,21714220-be5a-4bb5-b1bd-daad009e513d,40,F,Karnataka,Bengaluru,Retail,Wealth,None,2022-02-16,36-45,South
1685,6304014d-22b5-4b0a-a9ac-164e16f63f29,21,F,Maharashtra,Mumbai,Retail,Mass,Personal Loan,2023-05-16,18-25,West
1686,88fbb4cd-c9be-4505-865c-2384a6dbfcd7,19,M,Karnataka,Bengaluru,Retail,Mass,Home Loan,2021-06-22,18-25,South
1687,4ecce070-31ad-4e7c-b4aa-32d6ca55a588,57,F,Telangana,Hyderabad,Retail,Mass,Auto Loan,2024-12-12,56-65,South
1688,e8dc19a1-8958-44c8-91db-a3367b73a66c,36,F,Telangana,Hyderabad,Retail,Mass,Home Loan,2024-06-25,36-45,South
1689,11764aed-9ecd-4ae6-ab88-9fd3bc626a93,30,F,Telangana,Hyderabad,Retail,Mass,Home Loan,2025-11-27,26-35,South
1690,41418306-93d5-4908-9c90-7e106bdc936f,34,F,Delhi,Delhi,Retail,Premium,Credit Card,2025-05-08,26-35,North
1691,04aa1822-0d60-4c29-b4d3-2601c14d92bd,20,M,Haryana,Gurugram,Retail,Premium,Credit Card,2024-11-30,18-25,North
1692,e3733e86-6c62-4d46-ad2c-0b6fc0b6b9a3,55,F,West Bengal,Kolkata,Retail,Mass,Credit Card,2022-08-01,46-55,East
1693,8ef3ca28-4c2f-4733-8713-282d8e763664,33,F,Karnataka,Bengaluru,Retail,Mass,Credit Card,2021-04-26,26-35,South
1694,daa94282-c751-43ab-bdbb-da2bc5de9482,54,F,Maharashtra,Pune,Retail,Mass,None,2022-10-09,46-55,West
1695,bdd7bd65-55d8-4b7d-afed-b54030927407,38,F,Tamil Nadu,Chennai,SME,Premium,Personal Loan,2023-07-26,36-45,South
1696,b534d139-0fdc-4b56-af0a-14ff6a1fdde9,55,F,Telangana,Hyderabad,Retail,Premium,Credit Card,2024-07-10,46-55,South
1697,1526ec83-1204-4fec-a827-90ec48f3efba,41,M,Maharashtra,Mumbai,Retail,Premium,Auto Loan,2025-06-13,36-45,West
1698,f7378e29-8d61-44a8-b3a0-13a195a4f612,48,M,Haryana,Gurugram,Retail,Premium,Personal Loan,2022-10-20,46-55,North
1699,940b3b32-d53e-4e9b-adca-91bd0528a62a,46,F,Rajasthan,Jaipur,Retail,High Value,Personal Loan,2025-03-26,46-55,North
1700,3a414a5f-8b7f-40aa-96a9-74c6e1d1b953,45,F,Maharashtra,Pune,Retail,Premium,Personal Loan,2021-09-04,36-45,West
1701,c399daa2-1756-4e77-9e49-776cd3cd10ee,42,F,West Bengal,Kolkata,Retail,Mass,Home Loan,2023-10-07,36-45,East
1702,dd1cd7ff-d0b0-45e4-8572-21208c6ff54a,35,M,Andhra Pradesh,Vijayawada,SME,Wealth,Auto Loan,2024-02-01,26-35,South
1703,194a3cc0-3db6-4bae-a3f0-b14035a0261a,60,M,Delhi,Delhi,Retail,High Value,Personal Loan,2025-11-09,56-65,North
1704,2f115590-9db5-4a07-90a9-47f1064e4b67,27,F,Tamil Nadu,Chennai,SME,Mass,Credit Card,2024-09-04,26-35,South
1705,c0d2201d-ac3e-4f42-948a-69817e3a72bc,38,F,Delhi,Delhi,Retail,Mass,Credit Card,2025-12-06,36-45,North
1706,2e414aed-4233-48fe-8f35-bbe3718bd361,38,M,Andhra Pradesh,Vijayawada,Retail,Premium,Credit Card,2022-01-12,36-45,South
1707,6688afc8-f052-4d8f-8ce0-c9119fa3e53c,42,F,Maharashtra,Mumbai,SME,Mass,Credit Card,2023-04-28,36-45,West
1708,5a3e1107-adfb-4b60-9724-8084298e8876,32,M,Delhi,Delhi,Retail,Premium,None,2021-09-13,26-35,North
1709,e59c9aed-4e93-47c7-982b-493a5f0a6990,41,M,Gujarat,Ahmedabad,Retail,Mass,Personal Loan,2022-11-28,36-45,West
1710,c7c34568-662d-4cb1-81c9-e32cb24a978b,35,M,Karnataka,Bengaluru,Retail,Mass,Personal Loan,2020-10-11,26-35,South
1711,ab190429-6f83-45ac-8b63-44eedba6188a,19,M,Haryana,Gurugram,Retail,Mass,Credit Card,2021-09-17,18-25,North
1712,40a632a6-76cd-436b-ae26-b4ea77fd673a,38,M,Delhi,Delhi,Retail,High Value,Credit Card,2025-03-12,36-45,North
1713,f6bbdd27-a883-4bbc-8674-86dc97a08fee,24,F,Kerala,Kochi,SME,Mass,Credit Card,2025-05-13,18-25,South
1714,339a8e14-7ff9-4a4b-ad0a-036b5154b584,18,F,Gujarat,Ahmedabad,Retail,Premium,Personal Loan,2021-02-18,18-25,West
1715,aab24d5c-3fc6-48ae-bb35-2cb3a6f0b8f1,39,F,Karnataka,Bengaluru,Retail,Mass,Personal Loan,2024-07-12,36-45,South
1716,3b1a745f-656c-490d-8fd3-e556d89e20e4,43,M,Maharashtra,Pune,Retail,Mass,Auto Loan,2021-10-24,36-45,West
1717,c6730eea-ae47-40f6-b3c7-bf6a373d719d,44,M,Karnataka,Bengaluru,Retail,Mass,Personal Loan,2022-07-24,36-45,South
1718,0953d5bb-ee63-456a-902b-48953a61371a,44,M,Tamil Nadu,Chennai,Retail,Mass,Credit Card,2022-02-28,36-45,South
1719,42e5ff14-bd92-49fd-910d-0aa309a6c649,18,F,Tamil Nadu,Chennai,Retail,Premium,Home Loan,2024-07-17,18-25,South
1720,05608fe5-186f-4b62-8814-23042d144af7,21,M,Haryana,Gurugram,Corporate,Premium,Personal Loan,2024-04-15,18-25,North
1721,273be269-5c1a-4377-b97c-a7998f077f50,61,F,Maharashtra,Mumbai,Retail,Mass,Personal Loan,2022-12-19,56-65,West
1722,b4c4820b-7761-4041-88c6-e9c693672b59,25,F,Karnataka,Bengaluru,Retail,Mass,Credit Card,2025-11-18,18-25,South
1723,805254c8-b03b-45d4-8e58-d618ed1d62ea,45,F,Maharashtra,Pune,Retail,Premium,Credit Card,2024-04-18,36-45,West
1724,5fc7c15e-df06-421e-a70c-2c2deb7e9e83,29,M,Telangana,Hyderabad,Retail,Premium,Personal Loan,2023-03-23,26-35,South
1725,aae5f310-49af-4d49-a999-dd1b6579fb89,38,M,Delhi,Delhi,Corporate,Mass,Credit Card,2024-11-19,36-45,North
1726,4ca2ddb1-ef7d-4b66-94c6-3730d803b883,30,M,Maharashtra,Mumbai,Retail,Premium,Personal Loan,2024-06-09,26-35,West
1727,eb06c454-2a51-4170-b9c2-ea4af006311f,44,M,Karnataka,Bengaluru,Retail,Mass,Personal Loan,2020-08-13,36-45,South
1728,68d2cff0-5f44-42c3-a4c3-b2163de98017,39,F,Uttar Pradesh,Noida,Retail,Mass,Personal Loan,2024-06-01,36-45,North
1729,198daa8e-10e0-45aa-94e1-f261170eb9a6,32,M,Maharashtra,Mumbai,SME,Premium,Personal Loan,2021-01-23,26-35,West
1730,2c5af920-f4d5-42eb-857f-dd4a0934f892,25,F,Delhi,Delhi,Retail,Premium,Credit Card,2020-12-04,18-25,North
1731,de889e00-8045-4bd2-8bf2-8583fc997505,41,M,West Bengal,Kolkata,Retail,Premium,Auto Loan,2022-04-25,36-45,East
1732,acbd5a1d-62d9-4856-aaaf-8684fbd7bdc6,23,O,Maharashtra,Mumbai,Retail,Mass,Personal Loan,2025-03-02,18-25,West
1733,d721c548-4d90-49de-8a61-923d464ea261,43,O,Maharashtra,Pune,Retail,Mass,Credit Card,2024-11-16,36-45,West
1734,b7e8a121-a720-4b25-9030-3f6359401f5c,69,M,Karnataka,Bengaluru,Retail,Premium,Credit Card,2020-11-20,65+,South
1735,8815da44-a93c-47d0-af13-140c303f17e0,54,F,Uttar Pradesh,Noida,Retail,Mass,Credit Card,2025-12-30,46-55,North
1736,b6343db2-d610-425c-9cc4-1bff3fbbbfcb,46,M,Maharashtra,Pune,Retail,Mass,Credit Card,2023-03-31,46-55,West
1737,4ed57a5b-6326-4e17-90b6-a63ad704a018,36,F,Gujarat,Ahmedabad,Corporate,Premium,Personal Loan,2022-09-27,36-45,West
1738,1178a737-5156-46c7-9942-9ac9318b6f79,18,F,Karnataka,Bengaluru,Retail,Mass,Credit Card,2021-05-31,18-25,South
1739,6780cf4d-9e2b-40af-bec5-0b4e63228b81,22,F,Telangana,Hyderabad,Retail,Mass,Personal Loan,2021-02-06,18-25,South
1740,57d1ecea-b512-412d-8882-871b1bb9f769,53,F,Maharashtra,Pune,Retail,Mass,Home Loan,2024-06-13,46-55,West
1741,20f14915-9771-4297-9128-41a72995e634,28,M,Karnataka,Bengaluru,Retail,High Value,Personal Loan,2023-04-02,26-35,South
1742,21436dcf-bab2-497d-a54b-bb3e54fd5562,29,F,Karnataka,Bengaluru,Retail,Mass,Credit Card,2022-07-14,26-35,South
1743,e98f26b8-7441-4507-a90c-466581e7fe26,36,F,Maharashtra,Mumbai,Retail,Mass,Credit Card,2020-09-19,36-45,West
1744,0d3b510f-cdcc-4b42-9f88-f14b5b626dd0,25,M,Rajasthan,Jaipur,Retail,Mass,Credit Card,2022-12-15,18-25,North
1745,753fc15e-70cf-4b60-ae41-375634f2b09d,23,M,Maharashtra,Pune,Retail,Mass,Personal Loan,2025-05-03,18-25,West
1746,95bd38de-cb30-4775-b2a4-856afb8d3b51,37,F,Tamil Nadu,Chennai,Retail,Mass,Credit Card,2020-12-10,36-45,South
1747,ae5483ee-7c53-486a-b86c-c3ce7dcbcb49,27,F,Maharashtra,Pune,Retail,Premium,Credit Card,2023-03-14,26-35,West
1748,ed2f9a1d-cf89-4637-80cc-01112811cbc7,29,M,Telangana,Hyderabad,Retail,Mass,Credit Card,2025-01-08,26-35,South
1749,c62726c6-3be1-4d89-8781-871d25e42016,28,F,Delhi,Delhi,SME,Mass,Personal Loan,2024-12-17,26-35,North
1750,bc041046-cbdd-4774-8957-1696ad92ff4f,44,F,Delhi,Delhi,Retail,Mass,Personal Loan,2024-11-18,36-45,North
1751,37844da1-c309-456f-b0cd-b515f9dc4495,35,M,Tamil Nadu,Chennai,Retail,Mass,Personal Loan,2022-01-20,26-35,South
1752,c527f0d4-7d06-4aaf-b82b-cb5d805e2db9,35,M,Karnataka,Bengaluru,Retail,Mass,Home Loan,2020-10-22,26-35,South
1753,25c14eaa-cfbe-49be-aeb5-eb83eff4def4,45,F,Gujarat,Ahmedabad,Retail,Premium,Credit Card,2023-08-03,36-45,West
1754,d8912edb-1b62-418e-ad50-19815e714e7d,36,F,Haryana,Gurugram,Retail,Premium,Credit Card,2025-06-20,36-45,North
1755,53399e97-0023-45c9-8a6f-50a64eda5da9,34,F,Karnataka,Bengaluru,Retail,Premium,Credit Card,2021-02-20,26-35,South
1756,fa0c05de-b384-495b-947e-88b04f217808,43,M,Telangana,Hyderabad,Retail,Mass,Credit Card,2022-07-12,36-45,South
1757,48d2cb48-266b-48bf-8f6a-1b225ebac76e,46,F,Maharashtra,Mumbai,Retail,High Value,Credit Card,2022-11-17,46-55,West
1758,31079103-85c1-4b4f-afd8-2b5fdfc1d615,36,F,Kerala,Kochi,Retail,Premium,Credit Card,2025-09-02,36-45,South
1759,bc47163e-dc29-449b-8bc7-ad58051bc896,38,F,Gujarat,Ahmedabad,Retail,Mass,Credit Card,2020-09-08,36-45,West
1760,b8bc5a6f-7563-414d-90aa-7e6cee558e66,28,M,West Bengal,Kolkata,SME,Mass,Personal Loan,2025-08-01,26-35,East
1761,0b4692eb-e28f-4a57-8bca-f67f27c11ad8,27,F,Karnataka,Bengaluru,Retail,Premium,Home Loan,2022-08-30,26-35,South
1762,81dee62b-6844-4f1a-93df-eb0363a3762a,47,M,Maharashtra,Mumbai,Retail,Mass,None,2022-09-25,46-55,West
1763,9a75ab1c-0d68-46c4-8ed8-ec5320fbad95,43,M,Karnataka,Bengaluru,Retail,Mass,Credit Card,2023-03-11,36-45,South
1764,7a92a587-aa19-480f-9a86-8195861a57c9,43,F,Maharashtra,Mumbai,Retail,Premium,Auto Loan,2022-12-26,36-45,West
1765,6e2d9946-8566-4ab7-9183-3545d29052a1,41,F,Maharashtra,Mumbai,Retail,Mass,None,2023-10-29,36-45,West
1766,2f4c3b0e-efb0-4e58-b0da-e072ae6c3437,38,M,Maharashtra,Mumbai,Retail,Wealth,Credit Card,2022-11-12,36-45,West
1767,10822a9c-70d3-4f80-b3ff-41e3e9370b18,46,F,Andhra Pradesh,Vijayawada,Retail,Mass,Credit Card,2024-01-05,46-55,South
1768,98dc9520-1a20-41b2-b7c1-bb878baf6df7,49,M,Maharashtra,Mumbai,Retail,Mass,Credit Card,2023-05-30,46-55,West
1769,f674aa4f-377e-44d8-ba86-e126cea3a8ff,48,M,Maharashtra,Mumbai,Retail,Mass,Personal Loan,2022-04-16,46-55,West
1770,67f461a7-821f-4ae9-8c4a-b5f4755229d1,36,M,Haryana,Gurugram,Corporate,Mass,Personal Loan,2021-12-09,36-45,North
1771,7c4b0b07-b8a3-4f2d-ba22-dc6b3551ed4b,54,M,Telangana,Hyderabad,Retail,High Value,Credit Card,2025-03-01,46-55,South
1772,e4f41f35-aa17-4058-899c-222b067c0479,40,F,Maharashtra,Pune,Retail,Premium,Home Loan,2020-07-27,36-45,West
1773,79c24ef1-bf47-46b0-b102-47cd5d387aa7,45,F,Tamil Nadu,Chennai,Retail,High Value,Personal Loan,2025-06-22,36-45,South
1774,929939f2-7862-4c73-9a4a-18d56c9e8143,41,F,Gujarat,Ahmedabad,Retail,Mass,Home Loan,2024-06-29,36-45,West
1775,33fad1bf-2a2a-4584-a0bb-ccfe01377d1d,40,M,Tamil Nadu,Chennai,Retail,Mass,Credit Card,2024-02-08,36-45,South
1776,199adf66-809d-441c-9228-d765b610f629,29,M,Telangana,Hyderabad,Corporate,Mass,Credit Card,2024-03-26,26-35,South
1777,2ec18850-a1f7-4a95-9586-7455d1de813e,46,M,Maharashtra,Pune,Retail,Mass,Personal Loan,2024-01-29,46-55,West
1778,7ec73d5a-f5c1-4de9-b37a-a4b021605da2,72,F,Delhi,Delhi,Retail,High Value,Credit Card,2024-03-26,65+,North
1779,79f86d62-343d-42c6-987b-d4d1d92b65b0,33,M,Karnataka,Bengaluru,Retail,Mass,Personal Loan,2023-08-13,26-35,South
1780,acb4dc58-7f63-4329-b79c-f07f38ed516e,38,M,Delhi,Delhi,Retail,Mass,Personal Loan,2021-10-28,36-45,North
1781,5de88495-bcba-45e7-8231-4a8cb6ea6121,32,F,Maharashtra,Mumbai,Retail,Mass,Personal Loan,2021-06-22,26-35,West
1782,23ca3a4a-5094-4ddb-8d97-7720d4d255ff,32,F,Haryana,Gurugram,Corporate,Premium,Personal Loan,2024-02-05,26-35,North
1783,4322a264-5790-481b-839c-8fed1c88c77d,56,M,Karnataka,Bengaluru,Retail,Mass,Personal Loan,2024-08-03,56-65,South
1784,8f4bccdd-2b0c-49a3-9c56-3262af7b020d,29,M,Maharashtra,Mumbai,Retail,Premium,Credit Card,2022-04-19,26-35,West
1785,93325649-fa03-432f-986d-a658a97439f1,32,F,Karnataka,Bengaluru,Retail,Premium,Credit Card,2025-09-04,26-35,South
1786,a2eb2dfb-79ef-464d-bd5e-becc501e01d1,18,M,Uttar Pradesh,Noida,Retail,Premium,Personal Loan,2023-07-25,18-25,North
1787,d4c86953-8aa0-4fa7-9046-b5a7628e0fb6,28,M,Karnataka,Bengaluru,Retail,Mass,Auto Loan,2024-10-18,26-35,South
1788,39855584-93ac-445f-b54a-28c2b572dfaa,18,F,Tamil Nadu,Chennai,Retail,Mass,Credit Card,2022-09-04,18-25,South
1789,90964c01-598f-42f7-81c7-f62746139dd2,45,M,Uttar Pradesh,Noida,Retail,Mass,Auto Loan,2025-07-29,36-45,North
1790,4d54a94e-2277-41bf-9d72-f8d23ab1757a,71,M,Maharashtra,Mumbai,Retail,High Value,Credit Card,2021-06-18,65+,West
1791,bc4cb8f0-52da-4b3e-8877-918a7a420173,33,M,Maharashtra,Pune,Retail,Wealth,Personal Loan,2024-07-11,26-35,West
1792,70f89429-bb2f-43ed-a4f1-99a65a3bda9a,18,M,Karnataka,Bengaluru,SME,Mass,Auto Loan,2023-03-10,18-25,South
1793,c3eae869-482e-4bd4-b85b-4e2ff838a52b,48,M,Karnataka,Bengaluru,Retail,Mass,Auto Loan,2022-11-14,46-55,South
1794,ccab2661-8d8d-44d8-a99e-d9474757acc6,29,M,Tamil Nadu,Chennai,Retail,Mass,Credit Card,2023-05-27,26-35,South
1795,a40e7822-9e33-44c0-b46e-4b29645d85b0,53,F,Gujarat,Ahmedabad,Retail,Premium,Credit Card,2023-07-21,46-55,West
1796,afab6789-20cb-44b3-ab71-c00df5de2118,34,M,Karnataka,Bengaluru,Retail,Mass,Credit Card,2024-07-17,26-35,South
1797,2890c8e6-9143-4089-9b40-95a6debf8032,30,F,Telangana,Hyderabad,Retail,Mass,Credit Card,2021-10-09,26-35,South
1798,c04bcff0-4a87-4a1d-9782-ccb9811f63a7,35,F,Karnataka,Bengaluru,Retail,Premium,Home Loan,2023-03-07,26-35,South
1799,b99584f6-84af-4ab9-a14d-09facacccd1f,47,M,Telangana,Hyderabad,Retail,Mass,Credit Card,2024-10-27,46-55,South
1800,b9db5e6b-6f38-4cd5-b7b2-4bcc1d817ae0,35,M,Tamil Nadu,Chennai,Retail,Mass,Personal Loan,2024-07-26,26-35,South
1801,67382e46-ba93-42ce-bd60-638f366d0117,32,F,Tamil Nadu,Chennai,Retail,Mass,Personal Loan,2023-08-08,26-35,South
1802,4ee9c3df-e87b-4ef9-b031-da692a5a28af,35,O,Tamil Nadu,Chennai,Retail,Mass,Personal Loan,2021-05-20,26-35,South
1803,9ca9cf95-0969-479c-8e1c-6ab37b9b5c7a,22,F,Maharashtra,Mumbai,Retail,Premium,Personal Loan,2020-09-27,18-25,West
1804,e4fffc9d-e5ca-4e8c-a8df-fede22b59183,42,M,Tamil Nadu,Chennai,Retail,Mass,Credit Card,2023-11-16,36-45,South
1805,60348aab-fb42-4732-a2d2-c46f5396b4c1,18,M,Tamil Nadu,Chennai,Retail,Mass,Auto Loan,2023-11-03,18-25,South
1806,38bef015-d6cb-4f7f-aa22-9d28e1637e0b,32,M,Tamil Nadu,Chennai,Retail,Mass,Personal Loan,2025-04-18,26-35,South
1807,3d737291-1583-4ba4-9519-5e1ca5e96b93,47,F,Maharashtra,Mumbai,Retail,Mass,Personal Loan,2023-01-06,46-55,West
1808,b229b9b7-5029-489a-993a-7b8bfb907ccb,41,F,Delhi,Delhi,Retail,Premium,Personal Loan,2024-09-09,36-45,North
1809,78145541-aac7-4425-b6f3-94f9fc7286b0,45,M,Delhi,Delhi,Retail,Premium,Credit Card,2021-07-07,36-45,North
1810,17657e43-263b-428a-a464-6e69dbef71fb,37,F,Maharashtra,Mumbai,Retail,Mass,Credit Card,2023-01-28,36-45,West
1811,4f12a2b8-049b-445e-bca0-fd6a554db528,52,M,Karnataka,Bengaluru,Retail,Mass,Credit Card,2024-10-15,46-55,South
1812,14fb2bf7-2b68-43ca-9d7c-d2531add32f5,49,F,Delhi,Delhi,Retail,Mass,None,2020-12-26,46-55,North
1813,fb77b54c-3713-44d5-86e3-5f6a5bc7658a,43,M,Maharashtra,Pune,Retail,Mass,None,2021-07-16,36-45,West
1814,a2e8137f-fdf2-4a68-9930-d54a3b9b8d7f,49,F,Karnataka,Bengaluru,Retail,Mass,Home Loan,2024-05-10,46-55,South
1815,1f4e8419-b1e7-4077-84e5-88df7a5f284e,47,F,Haryana,Gurugram,Retail,High Value,Home Loan,2025-05-06,46-55,North
1816,2efb0fac-4997-4083-a4b1-113ab6791e1b,32,F,Telangana,Hyderabad,Retail,Mass,Credit Card,2024-07-22,26-35,South
1817,5d42a8c6-a23c-422a-8c7a-d6b85157cf26,21,M,Maharashtra,Pune,Retail,Mass,Credit Card,2023-12-10,18-25,West
1818,91fdd203-110e-40cb-9016-99c9c899b44c,43,F,Delhi,Delhi,Retail,Mass,Credit Card,2023-10-11,36-45,North
1819,402160ee-f41b-4de1-bc84-8bb615204a64,44,F,Delhi,Delhi,Retail,Premium,Home Loan,2021-07-02,36-45,North
1820,4260b67b-5d5b-4116-b402-f0d33cec71d9,51,M,Tamil Nadu,Chennai,Retail,Mass,Personal Loan,2020-09-14,46-55,South
1821,f72c7222-a005-4492-ac11-7d56f69a4bae,26,M,West Bengal,Kolkata,Retail,High Value,Personal Loan,2021-11-29,26-35,East
1822,96ebe158-6209-44f1-aa0b-3cd38079ef8c,27,F,Delhi,Delhi,Retail,Mass,Personal Loan,2021-05-17,26-35,North
1823,8e110e2b-75f1-4619-98a7-84651a5b2aa8,43,M,Telangana,Hyderabad,Retail,Premium,Credit Card,2025-04-26,36-45,South
1824,b1a72b2c-cd3e-4881-9608-f7077049423a,37,M,Tamil Nadu,Chennai,Retail,Premium,Credit Card,2025-03-08,36-45,South
1825,7b104b78-d5a3-45ab-81bf-1abdec160664,18,M,Maharashtra,Pune,Retail,Mass,Personal Loan,2021-01-11,18-25,West
1826,582fb36a-5911-42ad-b45d-b70e308cd94e,42,M,Maharashtra,Mumbai,Retail,Mass,Credit Card,2022-08-23,36-45,West
1827,468ff465-30a6-41a9-afee-29fb27054e86,18,M,Telangana,Hyderabad,Retail,Mass,Credit Card,2024-09-17,18-25,South
1828,360881db-820d-48de-a72b-212759729e03,26,F,Delhi,Delhi,Retail,Premium,Home Loan,2021-09-01,26-35,North
1829,aeb952eb-124f-4c4c-9a00-d912cd5c82bb,54,M,West Bengal,Kolkata,Retail,High Value,Personal Loan,2025-01-17,46-55,East
1830,163d0bd3-d597-4ace-8946-3c69ac90da47,59,F,Delhi,Delhi,Corporate,Mass,Personal Loan,2021-10-18,56-65,North
1831,3f505658-0502-4187-bf9d-2ccc3ba30459,23,M,Delhi,Delhi,SME,Mass,Credit Card,2021-03-02,18-25,North
1832,98aa9922-cd4e-41ff-96eb-df154b7ea052,34,M,Rajasthan,Jaipur,Retail,Mass,Credit Card,2023-04-30,26-35,North
1833,fdbf5d9f-645c-4a09-9307-d470d58077f0,38,M,Delhi,Delhi,Retail,Mass,Home Loan,2022-05-30,36-45,North
1834,d9a2ceae-af01-4cb3-b67a-a99a73f7b0f9,59,F,Maharashtra,Mumbai,Retail,Premium,Credit Card,2021-12-30,56-65,West
1835,a3f671b1-26a4-4ff7-8a85-23478fc2e098,32,F,Karnataka,Bengaluru,Retail,Mass,Auto Loan,2021-03-08,26-35,South
1836,95e5a0ab-e838-41da-94a7-9cef2fd12c1a,32,M,Maharashtra,Mumbai,Retail,Mass,Personal Loan,2022-10-22,26-35,West
1837,0a93f3cb-43ca-4548-9c53-def61716f486,56,M,Maharashtra,Mumbai,Retail,High Value,Credit Card,2024-05-25,56-65,West
1838,bf96b138-67b4-47df-afa2-e8604d6fda7e,33,M,Delhi,Delhi,Retail,Premium,None,2024-11-25,26-35,North
1839,704d4620-1c61-4909-ab70-c02fd7a28464,46,M,Maharashtra,Pune,Retail,Premium,Personal Loan,2024-01-21,46-55,West
1840,a8eea871-64c7-425a-be7b-ee927b863a28,20,F,Maharashtra,Pune,Retail,Mass,Home Loan,2025-09-11,18-25,West
1841,7ed9ccdc-3bd0-4fa1-8fab-393ab5c3b442,35,M,Maharashtra,Mumbai,Retail,High Value,Personal Loan,2022-03-06,26-35,West
1842,2a79422c-5abd-4525-9ce8-c0f01e257e47,18,F,Telangana,Hyderabad,Retail,Mass,Credit Card,2023-12-25,18-25,South
1843,539bf65e-cbf2-4eab-b86f-794859894984,25,F,Maharashtra,Mumbai,SME,Mass,Personal Loan,2022-02-08,18-25,West
1844,eb792651-5212-4343-be92-b1a958b02d21,48,M,West Bengal,Kolkata,Retail,Mass,Credit Card,2025-08-31,46-55,East
1845,6a7a0ed9-23e9-437a-aeeb-95e53287c9bb,37,F,Maharashtra,Mumbai,Retail,High Value,Home Loan,2024-03-29,36-45,West
1846,816c82e4-14a9-432e-9bdb-e1b765476d5e,34,M,Tamil Nadu,Chennai,Retail,Mass,Personal Loan,2023-11-03,26-35,South
1847,41b10164-a8f6-454a-929b-e3941f49fa65,29,F,Karnataka,Bengaluru,Retail,Premium,Personal Loan,2025-07-10,26-35,South
1848,00cbe980-ef8a-47c1-b66c-c689b514aafd,35,M,Tamil Nadu,Chennai,Retail,Premium,Personal Loan,2021-06-19,26-35,South
1849,ca776b42-e827-4e52-80ac-e4ce681b57c4,41,F,Delhi,Delhi,Retail,Premium,Personal Loan,2022-09-24,36-45,North
1850,aa3c8672-f6b8-42f4-b764-7c0f9a82cac1,49,M,Maharashtra,Pune,Corporate,Premium,Credit Card,2021-05-19,46-55,West
1851,c13c89f4-26eb-4af7-947a-de199ef2bfb5,18,M,Karnataka,Bengaluru,Retail,High Value,None,2021-08-12,18-25,South
1852,38307f31-a92d-4e0d-ad6d-03c343e7fa29,28,F,Gujarat,Ahmedabad,Retail,Mass,Personal Loan,2025-10-25,26-35,West
1853,c247ffd8-965a-40d1-9499-09685fcc4667,39,M,Telangana,Hyderabad,Retail,Mass,Credit Card,2021-04-07,36-45,South
1854,21756351-227d-4ba8-98b4-797279661283,36,M,Maharashtra,Pune,SME,Premium,Credit Card,2025-08-15,36-45,West
1855,a8f4ef47-e75e-4518-9efd-7830f519358a,42,F,Uttar Pradesh,Noida,Retail,Mass,Personal Loan,2021-03-26,36-45,North
1856,2afce0db-36fb-4360-b336-88adbe8b9331,41,M,Andhra Pradesh,Visakhapatnam,Corporate,Mass,Personal Loan,2022-05-03,36-45,South
1857,05d67a62-3811-4dc8-98bd-98788b161321,34,F,Karnataka,Bengaluru,Retail,Premium,Credit Card,2021-07-08,26-35,South
1858,77e0b94e-80b4-4729-ba64-23ddbf48d3ef,31,F,Karnataka,Bengaluru,Retail,Mass,Credit Card,2023-04-08,26-35,South
1859,48b096e9-5741-40a3-8919-2ba3c489d4e6,35,F,Karnataka,Bengaluru,Retail,Premium,Home Loan,2025-02-15,26-35,South
1860,89011610-37cf-44a0-afd3-70004c43c539,51,M,Karnataka,Bengaluru,Retail,Mass,Credit Card,2025-03-09,46-55,South
1861,5d28015b-9be4-45a3-9f5d-a53855da1bbe,29,M,Telangana,Hyderabad,Retail,High Value,Credit Card,2025-05-09,26-35,South
1862,a1ff9cc7-8a7c-4998-94a7-bae5e049b6d4,37,F,Andhra Pradesh,Visakhapatnam,Corporate,Mass,Auto Loan,2021-08-04,36-45,South
1863,e37ab8fb-37d3-436f-b34c-fb947de6b0aa,40,M,Andhra Pradesh,Visakhapatnam,Retail,Premium,Auto Loan,2023-01-30,36-45,South
1864,c39e7707-68b4-424f-8b2a-0c22120e3457,56,M,Telangana,Hyderabad,Retail,High Value,Auto Loan,2024-10-26,56-65,South
1865,47f06813-8380-41d4-9bb6-2d48b385aa3f,34,M,Tamil Nadu,Chennai,SME,Mass,Personal Loan,2025-04-27,26-35,South
1866,e28abad4-9050-4f1a-8dd3-fc202ab5d08b,49,M,Uttar Pradesh,Noida,SME,Mass,None,2025-07-29,46-55,North
1867,cf40b410-53fe-4823-9f2e-3be46acdd4fc,52,F,West Bengal,Kolkata,Corporate,Mass,Home Loan,2024-08-03,46-55,East
1868,f2fc7727-1610-4538-b271-f8e23ba3a2f8,37,F,Karnataka,Bengaluru,SME,Mass,Home Loan,2021-11-24,36-45,South
1869,32994486-3832-4a79-a60c-15f98ad91339,35,F,Telangana,Hyderabad,Retail,Mass,Credit Card,2021-02-12,26-35,South
1870,2d2270c2-d9a3-4188-9608-65f20ee51b15,34,F,Uttar Pradesh,Noida,SME,Mass,None,2022-09-03,26-35,North
1871,51eb8c27-7c00-40c8-ab52-91a7e2e16a32,34,M,Karnataka,Bengaluru,Retail,High Value,Credit Card,2020-07-20,26-35,South
1872,50faa67d-f261-4929-8348-d8f20c59c611,48,M,Delhi,Delhi,Retail,Mass,Credit Card,2023-11-05,46-55,North
1873,656bb87a-944c-4d36-9ccf-93ebbff4793d,40,M,Andhra Pradesh,Vijayawada,Retail,Mass,Credit Card,2024-03-07,36-45,South
1874,3354478a-bdb6-4cff-828d-2c3330c3db14,40,F,Andhra Pradesh,Vijayawada,Retail,Mass,Credit Card,2022-03-18,36-45,South
1875,36e91df4-739a-418d-ba0b-cdd6c48039a1,24,M,Gujarat,Ahmedabad,Retail,Mass,Home Loan,2025-04-07,18-25,West
1876,f6bbb4ae-ad2a-4f8a-80a2-e87deff3c37c,26,F,Haryana,Gurugram,Retail,Mass,Personal Loan,2021-01-05,26-35,North
1877,5f7b32ef-f0fd-4a34-be94-1f296e524300,63,M,Karnataka,Bengaluru,Retail,Wealth,Personal Loan,2021-09-24,56-65,South
1878,7e1140e3-7919-4726-96e7-57433cbcc4ff,35,F,Karnataka,Bengaluru,Retail,Premium,Credit Card,2025-10-25,26-35,South
1879,c87e9da9-4890-49b5-b26e-97b8187af988,28,F,Telangana,Hyderabad,Retail,Mass,Credit Card,2024-12-23,26-35,South
1880,23262c2a-b6e4-4798-a786-df0dfa45f2d0,55,F,Telangana,Hyderabad,Retail,Premium,Credit Card,2022-07-26,46-55,South
1881,7433afc6-a670-4b52-a725-64c37e919b78,41,M,Telangana,Hyderabad,Retail,Mass,Home Loan,2021-12-16,36-45,South
1882,83a7b650-9ba4-4b02-849e-0e7ac0251a30,44,O,Tamil Nadu,Chennai,Retail,Mass,Home Loan,2024-10-22,36-45,South
1883,cbdc7db1-6300-4ca1-a0ed-afef422bb199,36,M,Delhi,Delhi,Retail,Premium,Credit Card,2021-11-30,36-45,North
1884,e7fd9b34-1a12-496a-945b-177ea052a2b8,34,M,Maharashtra,Pune,Retail,Mass,Personal Loan,2023-05-29,26-35,West
1885,72bbf206-a5e3-476c-ab17-7949a89f2a5f,35,M,Karnataka,Bengaluru,Retail,Mass,Credit Card,2022-04-22,26-35,South
1886,8ee4fac1-748f-4c7e-86b2-c86329f0ccee,21,M,Karnataka,Bengaluru,Retail,High Value,Auto Loan,2023-09-07,18-25,South
1887,ff1cb141-82e7-4877-be23-1262253fbecd,36,F,Maharashtra,Mumbai,Retail,Mass,Credit Card,2023-07-08,36-45,West
1888,081d2b6b-2d9b-4194-8122-d136f436f3a6,41,M,Maharashtra,Mumbai,Retail,Mass,Auto Loan,2023-11-14,36-45,West
1889,871c53c0-1206-4f3b-b787-b9addccf6614,60,M,Uttar Pradesh,Noida,Retail,Mass,None,2025-02-22,56-65,North
1890,ac371cde-4508-49e1-8af2-a33a7d74d6a9,39,F,Delhi,Delhi,Retail,Premium,Credit Card,2024-12-17,36-45,North
1891,e93d910b-342f-471f-b75c-152c97228711,18,F,Karnataka,Bengaluru,Retail,Premium,Credit Card,2025-01-31,18-25,South
1892,3eeb93df-0647-471c-9204-ccb69c7f2807,36,F,Maharashtra,Pune,Retail,High Value,Credit Card,2021-08-10,36-45,West
1893,3c70f219-26e9-4cac-bcdf-a514e87da39a,70,F,Telangana,Hyderabad,Retail,Mass,Credit Card,2023-09-08,65+,South
1894,2c279dfb-8e3d-4fd2-af12-a16dd68b9f08,48,M,Maharashtra,Mumbai,Retail,Premium,Personal Loan,2023-12-04,46-55,West
1895,feb53489-f23d-4839-8d2a-5c335f0880d1,28,F,Karnataka,Bengaluru,Retail,Mass,Personal Loan,2021-04-26,26-35,South
1896,c579212e-cae0-42ab-8101-a5b9ffdc6b98,45,M,Maharashtra,Mumbai,Retail,Mass,Personal Loan,2021-02-22,36-45,West
1897,1a832a4c-8721-47e6-b2aa-8f5779e94542,29,M,Tamil Nadu,Chennai,Retail,Mass,Credit Card,2024-09-21,26-35,South
1898,7b0bb6af-defd-4873-9744-4c097fcb9160,21,M,Karnataka,Bengaluru,SME,Premium,Personal Loan,2024-01-23,18-25,South
1899,baecc3c8-3704-4ece-ac24-a558113e2441,33,F,Maharashtra,Mumbai,Retail,Mass,Credit Card,2023-10-01,26-35,West
1900,296c212c-5ceb-40e8-aaab-690fab8d5e05,39,M,Maharashtra,Mumbai,Retail,Premium,Credit Card,2021-05-28,36-45,West
1901,f4eaf4bc-f9a6-40c6-8c8b-62f65cd686b1,18,F,Telangana,Hyderabad,SME,Mass,Credit Card,2022-04-29,18-25,South
1902,1b825fd4-b8f7-4e8b-afa4-7d9dcc836966,24,M,Maharashtra,Mumbai,Retail,Mass,Auto Loan,2023-01-09,18-25,West
1903,3e6591d3-4115-4b85-ab25-7edb9413aa19,38,M,Uttar Pradesh,Noida,Retail,Wealth,Credit Card,2024-09-18,36-45,North
1904,8adf3d6f-a8ee-48dd-9a9d-2cbed081de7b,33,M,Maharashtra,Mumbai,SME,Premium,Personal Loan,2023-11-22,26-35,West
1905,75d8e0d9-5615-45a5-8951-23121c334201,42,M,Tamil Nadu,Chennai,Retail,Mass,None,2025-11-05,36-45,South
1906,8895ca29-a6d8-457b-80b1-9ea73a98da49,23,M,Delhi,Delhi,Retail,Premium,Home Loan,2022-02-23,18-25,North
1907,acc675aa-e4d9-4b21-8a9a-a4657e2be802,46,F,Delhi,Delhi,Retail,Mass,Credit Card,2020-12-21,46-55,North
1908,7dd9f0a5-d360-4ca2-a6ca-1e7773552d6c,23,M,Maharashtra,Mumbai,Retail,Premium,Home Loan,2021-09-11,18-25,West
1909,fe97ccfc-51fe-4d90-9d92-a9dc3dc461bd,57,M,Haryana,Gurugram,Retail,Mass,Personal Loan,2024-04-23,56-65,North
1910,db5ff650-0734-4314-8553-02ff770987eb,18,F,Gujarat,Ahmedabad,Retail,Mass,Home Loan,2023-05-12,18-25,West
1911,70314e95-2f27-461b-a76b-cda8d9d5cad0,24,M,Maharashtra,Mumbai,SME,Mass,Personal Loan,2020-10-04,18-25,West
1912,286f0a1c-7ed0-4d99-a8ee-862942393491,43,M,Maharashtra,Mumbai,Retail,Mass,Credit Card,2023-09-04,36-45,West
1913,c10cbcce-04fe-453f-a8b4-65f0e02444a9,57,M,Gujarat,Ahmedabad,Retail,Mass,Personal Loan,2021-05-29,56-65,West
1914,e34a20cd-a2e5-4fed-8b8f-dce9af6270d2,41,M,Telangana,Hyderabad,Retail,Mass,Home Loan,2022-11-04,36-45,South
1915,035a4e04-e564-4601-a545-825e6b7f2ef8,44,M,Maharashtra,Mumbai,Retail,Wealth,Personal Loan,2023-04-10,36-45,West
1916,4602b015-c124-4c12-b84f-b85ef9ad6dc5,38,F,Karnataka,Bengaluru,Retail,Mass,Personal Loan,2022-10-19,36-45,South
1917,894612e3-9726-444f-8609-374d6fee69b3,25,M,Tamil Nadu,Chennai,Retail,Mass,Personal Loan,2024-10-11,18-25,South
1918,32ef0657-caa0-4e62-bba7-9e21b8db3797,32,F,Maharashtra,Pune,Retail,Mass,Credit Card,2023-09-04,26-35,West
1919,05c13713-c096-47f9-844d-ad74b21ad6fa,23,M,Telangana,Hyderabad,Retail,Premium,Personal Loan,2024-05-03,18-25,South
1920,a790feb2-f1d7-4b12-a62e-f56bc24e1f44,22,F,Rajasthan,Jaipur,Retail,Mass,Credit Card,2021-11-08,18-25,North
1921,d98bd116-46cf-492c-bacc-411b6e58b8fc,42,F,Delhi,Delhi,Retail,Mass,Personal Loan,2022-08-26,36-45,North
1922,d380cd93-6b8c-425b-8058-66363cdac455,24,M,Karnataka,Bengaluru,Retail,Premium,Home Loan,2023-10-25,18-25,South
1923,6ab00ca8-6e74-40c0-8438-cc79aff83eab,41,M,Delhi,Delhi,Retail,Mass,Personal Loan,2021-07-01,36-45,North
1924,351e586d-3a04-4cfa-be15-4a4ef66a13cb,22,M,Delhi,Delhi,Retail,Wealth,Auto Loan,2023-07-11,18-25,North
1925,fd476042-bfd5-46e0-994e-2a3a3defa6d6,41,O,Karnataka,Bengaluru,Retail,Mass,Personal Loan,2020-10-13,36-45,South
1926,f9980b56-b5d8-47c4-97c9-7693405956e9,32,F,Maharashtra,Mumbai,Retail,Premium,Personal Loan,2022-09-09,26-35,West
1927,37bf8005-9d4a-4d3f-9735-4fe06bc5fc8e,54,M,Delhi,Delhi,SME,Mass,Personal Loan,2021-02-25,46-55,North
1928,18aceaeb-963a-44fe-ac7d-c1b37fcb118d,41,F,Maharashtra,Pune,Retail,Premium,Personal Loan,2020-08-07,36-45,West
1929,3f615f57-237f-4893-88c9-9e393b10d8c4,52,M,Maharashtra,Mumbai,Corporate,Premium,Credit Card,2024-03-19,46-55,West
1930,3b012157-3542-4b48-8f41-5c34ebc996b6,28,M,Delhi,Delhi,SME,Mass,Personal Loan,2024-07-29,26-35,North
1931,08d19133-7b6e-4551-8df5-6867b55511c0,38,F,Tamil Nadu,Chennai,Retail,Mass,Auto Loan,2021-06-05,36-45,South
1932,e15d10c5-6025-49ac-a016-45a7699cb170,26,M,Tamil Nadu,Chennai,Retail,Mass,Credit Card,2024-09-25,26-35,South
1933,a5d664a3-e9d3-4684-9578-697a259dc578,33,M,Maharashtra,Pune,SME,Mass,Personal Loan,2021-11-19,26-35,West
1934,2db62565-2138-4e5d-96d9-3af5bad11511,34,F,Haryana,Gurugram,SME,Wealth,Credit Card,2025-01-13,26-35,North
1935,efbd9a75-fbbd-45aa-a355-6fb9b087dfa8,29,M,Maharashtra,Pune,Corporate,Mass,Personal Loan,2021-03-29,26-35,West
1936,ebd4d147-9625-4759-8ec6-45ba6e91b2c5,23,F,Maharashtra,Mumbai,Retail,Premium,Personal Loan,2022-03-25,18-25,West
1937,b28c3fb2-cce3-40e8-813b-92bb92bc82a2,21,M,Delhi,Delhi,Retail,Wealth,Personal Loan,2023-02-24,18-25,North
1938,9e4519ed-15ca-4bd8-99c2-3d3d35e72ec8,18,M,Tamil Nadu,Chennai,SME,Premium,Personal Loan,2023-07-18,18-25,South
1939,1fa1ef78-371c-4a36-965b-e27fe483641d,25,M,Karnataka,Bengaluru,SME,Premium,Personal Loan,2022-07-07,18-25,South
1940,945923ba-275b-457f-ad41-d8afbb2b1a82,45,F,Maharashtra,Mumbai,Retail,Mass,Auto Loan,2023-11-16,36-45,West
1941,cd0d8c27-48c0-4f27-a30f-03df1e3a228f,18,M,Karnataka,Bengaluru,SME,Mass,Credit Card,2023-10-29,18-25,South
1942,c0ca882b-ef69-4ce9-9417-f9faac0a190c,21,M,Delhi,Delhi,Retail,Mass,Auto Loan,2024-11-19,18-25,North
1943,fbadee7b-f331-4a49-a665-c2f7103680d4,59,F,Delhi,Delhi,SME,Mass,Personal Loan,2025-02-20,56-65,North
1944,830e7fda-3752-4d61-84a6-486cbb158261,30,F,Maharashtra,Mumbai,Retail,Mass,Auto Loan,2021-02-14,26-35,West
1945,391e5741-54ec-4c39-a84d-04d7eb21ee65,41,F,Haryana,Gurugram,SME,Mass,Credit Card,2021-11-25,36-45,North
1946,2d5e148a-76d5-43e7-a48d-5190724da0b7,45,F,West Bengal,Kolkata,Retail,Mass,Personal Loan,2023-07-30,36-45,East
1947,0b295657-e460-4dd4-b291-49d5afef3b45,45,M,Karnataka,Bengaluru,Retail,Mass,Home Loan,2021-06-13,36-45,South
1948,2c35dae3-65a9-440f-b677-410b1dc13eb7,19,F,West Bengal,Kolkata,Retail,Mass,Personal Loan,2022-09-04,18-25,East
1949,df9e506d-2f70-4912-91cd-9c0a799f350a,35,F,Maharashtra,Mumbai,Retail,Mass,Credit Card,2022-09-21,26-35,West
1950,d59f9a51-678d-42ac-8ee1-eaca6c32ddb9,18,F,West Bengal,Kolkata,Retail,Mass,Home Loan,2025-05-21,18-25,East
1951,082d9841-6325-4030-9df5-096cf3f1da23,67,F,Rajasthan,Jaipur,Corporate,Mass,Credit Card,2023-01-21,65+,North
1952,f78352de-2a35-40ca-b14a-5a1b07327150,18,M,Maharashtra,Mumbai,Retail,Premium,Credit Card,2025-05-31,18-25,West
1953,8afab505-150b-45e8-a3c5-eef3c9be6b24,25,M,Maharashtra,Pune,SME,Premium,Credit Card,2022-04-05,18-25,West
1954,f8048286-c979-4102-8282-45fadbc44b15,25,F,Kerala,Kochi,Retail,Mass,Personal Loan,2025-08-20,18-25,South
1955,de1c9c03-ca4c-49ee-9c63-d78b47d11bfe,20,M,Gujarat,Ahmedabad,Retail,Mass,None,2023-03-10,18-25,West
1956,d4af05f6-250c-4108-8ad5-9bf9986aaec1,54,M,Kerala,Kochi,Retail,Mass,Personal Loan,2023-12-29,46-55,South
1957,e2109660-7aad-4ca6-991c-d84acb97941a,67,M,Telangana,Hyderabad,Retail,Mass,Personal Loan,2025-04-15,65+,South
1958,4d4ca65e-f67d-451c-b50f-a7a1be73d624,32,F,Maharashtra,Mumbai,Retail,Mass,Personal Loan,2023-06-01,26-35,West
1959,833e3f5d-af83-4dad-a7d4-783f3c7d3fda,22,F,Uttar Pradesh,Noida,Retail,Wealth,Auto Loan,2024-11-26,18-25,North
1960,d88f615f-2d86-43c6-842f-c29e6b109dcf,18,F,Tamil Nadu,Chennai,Retail,Mass,Home Loan,2024-08-30,18-25,South
1961,23fd84b8-2acc-494e-a63d-345707ebb533,35,F,Tamil Nadu,Chennai,Retail,Mass,Credit Card,2021-02-17,26-35,South
1962,c7753463-8c7e-418a-84d8-3449594ca84b,34,F,Delhi,Delhi,Corporate,Premium,None,2024-02-02,26-35,North
1963,86fe261d-a2de-46fd-b58b-530c7e2f5f69,30,F,Telangana,Hyderabad,Retail,Mass,Personal Loan,2023-10-17,26-35,South
1964,8ebd597d-0c7a-49ac-962e-d172a47a06a6,40,M,Maharashtra,Mumbai,Retail,Mass,Auto Loan,2025-12-20,36-45,West
1965,b506d849-8cc0-4a11-9ef5-d4e4ddcfdcaf,42,F,Maharashtra,Pune,Retail,Mass,Personal Loan,2024-05-10,36-45,West
1966,5807d3bc-0696-4161-83a6-949dfbdb9738,41,M,Maharashtra,Mumbai,Retail,High Value,Credit Card,2024-01-30,36-45,West
1967,4b3c6624-ed29-4169-a1ae-eab2ce206432,34,M,Maharashtra,Pune,Retail,Mass,Personal Loan,2022-01-24,26-35,West
1968,1f4ca0fb-f538-4b37-a387-882578dde18b,24,M,Uttar Pradesh,Noida,Retail,Premium,None,2025-05-08,18-25,North
1969,3a063295-f533-4a24-b91f-f920da363bb5,45,F,Delhi,Delhi,Retail,Premium,Auto Loan,2020-11-29,36-45,North
1970,3ef8f99e-afe5-423b-b8d1-01ecdefa26b5,38,F,Telangana,Hyderabad,Retail,Mass,Credit Card,2025-04-20,36-45,South
1971,fc965923-8d13-4d99-ba99-568acde71753,48,F,Karnataka,Bengaluru,Retail,Premium,Personal Loan,2022-06-06,46-55,South
1972,720859c1-c7d0-4673-beef-4941d3b56465,47,F,Rajasthan,Jaipur,Retail,Mass,Personal Loan,2025-12-23,46-55,North
1973,9dcc4297-d8b0-4571-bdef-892cf53103c6,20,F,Maharashtra,Pune,Retail,Mass,Credit Card,2021-07-07,18-25,West
1974,9877be71-70d6-4f03-aba0-23caac5b847c,20,M,Delhi,Delhi,SME,Mass,Personal Loan,2022-03-11,18-25,North
1975,0b380fee-85b1-49bd-80dc-8b82297db889,28,F,Maharashtra,Mumbai,Retail,Wealth,Personal Loan,2021-06-01,26-35,West
1976,2b04ed5a-4e23-4a57-93ab-b5b0ab1e2810,25,F,Karnataka,Bengaluru,Retail,Mass,Credit Card,2020-11-26,18-25,South
1977,470d90fe-9f57-4386-b7a5-c53faed9c87e,47,F,Delhi,Delhi,Retail,Mass,Credit Card,2021-06-09,46-55,North
1978,ef79ea1b-e03d-4561-8fc6-9554f838c1c2,42,M,West Bengal,Kolkata,Retail,High Value,Auto Loan,2022-08-07,36-45,East
1979,081cbc1f-9274-4aa8-b130-a318f686cccd,51,M,Maharashtra,Pune,Retail,Mass,Credit Card,2021-05-31,46-55,West
1980,5dbec5fc-2014-40ca-96c9-282894c15b33,42,F,Karnataka,Bengaluru,Corporate,High Value,Personal Loan,2025-06-23,36-45,South
1981,eb30c212-3c26-4e2f-a1d7-626ff06cee5d,40,M,Uttar Pradesh,Noida,Retail,Premium,Credit Card,2022-06-21,36-45,North
1982,5b0cc58c-dcab-44a5-a47c-1eef31c03ab9,52,M,Delhi,Delhi,Retail,Mass,Personal Loan,2020-08-01,46-55,North
1983,ffa30d37-f4a3-4aa9-88ac-6134443a6818,43,M,Uttar Pradesh,Noida,Retail,Premium,Credit Card,2023-12-09,36-45,North
1984,c268cf8d-4aa3-4cf3-979d-5830c0c260d9,38,M,Karnataka,Bengaluru,Retail,Premium,Home Loan,2020-08-29,36-45,South
1985,9f12ef4e-c9bb-4383-bfcd-9809119ba6f2,55,M,Tamil Nadu,Chennai,Retail,Mass,Personal Loan,2023-03-25,46-55,South
1986,6624ac89-6263-4fbc-ba28-f1d1f25dbae3,39,O,West Bengal,Kolkata,Retail,Wealth,Personal Loan,2023-06-10,36-45,East
1987,62a1fc11-891d-4814-b5c9-16514d32cdd2,34,F,Karnataka,Bengaluru,SME,High Value,Auto Loan,2024-05-11,26-35,South
1988,a632537d-39f0-405a-bdab-20c29077afa1,27,F,Tamil Nadu,Chennai,Retail,High Value,Credit Card,2025-05-31,26-35,South
1989,920865b6-ceae-4121-826d-65ae930b0167,46,M,Andhra Pradesh,Vijayawada,Retail,Premium,Credit Card,2021-03-16,46-55,South
1990,8a4f349c-692a-44f9-9efa-fe61e8f03524,52,M,Maharashtra,Mumbai,Retail,Mass,Credit Card,2022-01-21,46-55,West
1991,792d68da-91f9-4758-b91e-9da258c4820b,37,M,Maharashtra,Mumbai,Retail,Mass,Credit Card,2023-10-24,36-45,West
1992,55276097-0ae9-4240-b101-2977f39595ea,53,M,Tamil Nadu,Chennai,Retail,Mass,Personal Loan,2020-09-27,46-55,South
1993,257d9dbd-e31c-469d-931e-8af56d64e88e,18,M,Karnataka,Bengaluru,Retail,Mass,Home Loan,2024-12-30,18-25,South
1994,78d1609a-67d3-4aa0-b38b-72385d46f1be,37,F,Maharashtra,Mumbai,Retail,Premium,Auto Loan,2021-09-27,36-45,West
1995,2a5bbda0-d231-4cac-9d23-50e4beea7c22,37,O,Delhi,Delhi,Retail,Premium,Personal Loan,2023-07-12,36-45,North
1996,7c11c930-4448-408d-9b4a-5971706f9902,29,M,Maharashtra,Pune,SME,Mass,Personal Loan,2022-08-02,26-35,West
1997,7ead4e05-f7d6-4950-8312-dae82132cbef,66,M,Karnataka,Bengaluru,Retail,Mass,Credit Card,2025-10-19,65+,South
1998,c45a0f38-ad94-4e7f-a7b1-9c93a86de556,37,M,Karnataka,Bengaluru,Retail,Premium,Credit Card,2022-08-29,36-45,South
1999,8f5ec4fc-4b9c-498a-a88a-68b8a93b4c5a,33,M,Uttar Pradesh,Noida,Corporate,Mass,Credit Card,2022-04-14,26-35,North
2000,8593b73b-577b-4ecb-83e3-19538b41c76a,38,M,Telangana,Hyderabad,Retail,Wealth,Credit Card,2020-08-25,36-45,South
