call_key,call_id,customer_key,prediction_timestamp,escalation_after_t3,detected_intent_at_t3,running_confidence_t3,fallback_count_t3,current_sentiment_t3,running_sentiment_score_t3,call_duration_so_far_t3,bot_version,language,campaign_type,attempt_number,days_past_due_at_call,dpd_bucket_at_call,risk_segment_at_call,outstanding_amount_at_call,previous_call_count,previous_escalation_count,previous_fallback_count,customer_segment,age_group,loan_type
3081,adbd1d1c-028a-458e-93e0-0ee73b91848c,259,2026-01-01 09:03:44,0,19.0,0.9469,0,Positive,0.4285333333333334,17.0,v2.0,English,Insurance Renewal,1,0.0,0,Low,0.0,0.0,0.0,0.0,Premium,56-65,Personal Loan
7058,b6ff5181-5216-4605-9302-532b2c9b6ca2,167,2026-01-01 09:06:19,0,8.0,0.7886000000000001,1,Positive,0.3295,28.0,v1.0,Telugu,Customer Support,1,0.0,0,Low,0.0,0.0,0.0,0.0,Mass,36-45,Credit Card
1241,9da2ef83-189f-4109-b741-d91c832a97bb,88,2026-01-01 09:53:44,0,10.0,0.9476333333333334,0,Positive,0.6649666666666667,37.0,v2.0,English,Loan Collections,1,0.0,0,Low,0.0,0.0,0.0,0.0,Mass,56-65,Credit Card
6383,a83bd032-a8b5-4ef6-b121-06987f31f578,191,2026-01-01 10:02:17,0,10.0,0.9454333333333333,0,Positive,0.5422333333333333,38.0,v1.1,English,Loan Collections,1,0.0,0,Low,0.0,0.0,0.0,0.0,Mass,26-35,Credit Card
3118,08bf01e9-ca3c-4787-a4ac-238ac0d9ff27,1063,2026-01-01 10:22:35,0,16.0,0.7792,0,Neutral,0.16486666666666663,38.0,v1.0,Hindi,Lead Qualification,1,0.0,0,Low,0.0,0.0,0.0,0.0,Mass,46-55,Credit Card
9795,15cb2ba2-2db8-4988-9509-7ed879b63d8b,275,2026-01-01 10:37:12,0,16.0,0.3098666666666667,0,Negative,-0.3214666666666666,39.0,v1.0,Hindi,Payment Reminder,1,76.0,61-90,High,49282.18,0.0,0.0,0.0,High Value,36-45,Credit Card
7064,bc76ec91-1415-495a-b419-052cdb8c3326,1560,2026-01-01 11:17:28,1,8.0,0.4208,2,Neutral,0.30193333333333333,32.0,v1.0,Tamil,Loan Application,1,57.0,31-60,Medium,73224.06,0.0,0.0,0.0,Wealth,36-45,Personal Loan
9172,d8c5a97f-d3ee-445a-b2ce-8d57017861bd,2000,2026-01-01 11:54:40,1,16.0,0.6940666666666667,2,Positive,0.3988,38.0,v1.0,Hindi,Loan Application,1,0.0,0,Low,0.0,0.0,0.0,0.0,Wealth,36-45,Credit Card
8654,bc59dea2-51e7-4226-9eec-382a659c7d69,1461,2026-01-01 11:55:50,1,16.0,0.7811666666666666,1,Neutral,0.22343333333333334,36.0,v1.0,English,Insurance Renewal,1,0.0,0,Low,0.0,0.0,0.0,0.0,Mass,36-45,Personal Loan
8592,903c0de7-7e9c-43b8-a529-c4872b532b4f,3,2026-01-01 12:24:50,1,17.0,0.2466,2,Neutral,-0.09043333333333332,34.0,v1.0,Tamil,Loan Collections,1,0.0,0,Low,0.0,0.0,0.0,0.0,Premium,18-25,Personal Loan
5581,2110d4fe-f257-4f72-b5c1-0890dfe90caa,228,2026-01-01 13:26:49,1,6.0,0.41009999999999996,1,Negative,0.004799999999999989,30.0,v1.0,English,Insurance Renewal,1,0.0,0,Low,0.0,0.0,0.0,0.0,Mass,18-25,Credit Card
8163,4df14d6e-934c-4cfd-8d46-22e7ed3d74d7,345,2026-01-01 13:51:31,1,,0.15176666666666666,3,Negative,-0.7551,27.0,v1.0,Tamil,Loan Application,1,96.0,90+,High,71080.6,0.0,0.0,0.0,Premium,26-35,Credit Card
2348,26953bb0-5450-49c4-9085-2de981b91416,1704,2026-01-01 14:24:08,1,,0.20299999999999999,3,Negative,-0.33726666666666666,35.0,v1.0,Telugu,Payment Reminder,1,109.0,90+,High,112560.41,0.0,0.0,0.0,Mass,26-35,Credit Card
7334,d7eca803-a37f-43df-a6e1-774264a0e030,308,2026-01-01 14:47:40,1,6.0,0.4244333333333333,1,Neutral,-0.06406666666666666,34.0,v1.0,Hindi,Loan Application,1,79.0,61-90,High,47474.16,0.0,0.0,0.0,Premium,36-45,Credit Card
4034,68618c0f-50c0-4ef1-8524-e7e81dac1e61,1292,2026-01-01 15:50:11,1,17.0,0.5573,1,Neutral,0.12496666666666667,31.0,v2.0,English,Insurance Renewal,1,50.0,31-60,Medium,56891.28,0.0,0.0,0.0,Mass,26-35,Credit Card
1367,09571d7a-8a5c-43c1-a319-bd8156e92a55,787,2026-01-01 15:56:23,1,,0.4062666666666666,3,Negative,-0.6175666666666667,33.0,v1.0,English,Loan Collections,1,0.0,0,Low,0.0,0.0,0.0,0.0,Mass,36-45,Personal Loan
8523,a84dffa6-5843-4633-82a6-909ee0226dd2,21,2026-01-01 16:23:46,1,6.0,0.5257000000000001,0,Neutral,-0.07713333333333332,32.0,v1.0,Hindi,Loan Collections,1,0.0,0,Low,0.0,0.0,0.0,0.0,Wealth,46-55,Personal Loan
3666,b3612826-7c39-42f3-9428-c34f935fe671,1530,2026-01-01 17:03:21,1,10.0,0.461,1,Neutral,0.08956666666666667,41.0,v1.0,Tamil,Payment Reminder,1,57.0,31-60,Medium,35883.67,0.0,0.0,0.0,Mass,46-55,Credit Card
7697,89450991-4e0d-4c5b-bce0-1b5d1a181ef2,1476,2026-01-01 17:19:11,0,10.0,0.9337,0,Positive,0.2891,23.0,v1.1,English,Loan Application,1,0.0,0,Low,0.0,0.0,0.0,0.0,Mass,18-25,Auto Loan
6148,c8c7cc3c-6bd0-4f4c-8cbf-2475d2538435,59,2026-01-01 18:26:16,1,11.0,0.2917,2,Neutral,-0.3695,37.0,v1.0,Tamil,Loan Application,1,0.0,0,Low,0.0,0.0,0.0,0.0,Premium,36-45,Auto Loan
2216,685b9e86-e911-486c-81a9-b93e236d47c1,1488,2026-01-01 18:33:08,1,15.0,0.5142333333333333,1,Neutral,0.03996666666666667,32.0,v1.0,Telugu,Insurance Renewal,1,0.0,0,Low,0.0,0.0,0.0,0.0,High Value,36-45,Credit Card
4065,94c08679-1537-47c3-bf8b-b8137dacd9a1,1096,2026-01-01 19:13:31,1,,0.39716666666666667,3,Neutral,0.01553333333333333,36.0,v1.0,Telugu,Lead Qualification,1,0.0,0,Low,0.0,0.0,0.0,0.0,Mass,46-55,Personal Loan
4134,c8b69123-7c04-4dc3-90e7-1f59e353ab87,1061,2026-01-01 19:57:27,0,11.0,0.8489333333333334,1,Neutral,0.22583333333333333,27.0,v1.0,Hindi,Payment Reminder,1,0.0,0,Low,0.0,0.0,0.0,0.0,Mass,26-35,Credit Card
8398,9fb47309-b61c-46fa-9356-c7ee355e9a3c,280,2026-01-02 08:12:05,0,11.0,0.8817666666666666,0,Positive,0.5357,26.0,v1.1,English,Payment Reminder,1,26.0,1-30,Low,62583.63,0.0,0.0,0.0,Premium,26-35,Credit Card
5969,482c2d08-29b7-46b4-bcb6-3d08377b8481,1519,2026-01-02 08:54:10,0,14.0,0.5156999999999999,0,Neutral,-0.14206666666666667,37.0,v1.0,Hindi,Loan Collections,1,0.0,0,Low,0.0,0.0,0.0,0.0,Premium,36-45,Credit Card
2518,ca4a3096-6aaf-42bb-8d1a-dcd79cb03f0e,1976,2026-01-02 10:49:50,0,19.0,0.7881999999999999,1,Neutral,0.2178,33.0,v1.0,Tamil,Loan Collections,1,0.0,0,Low,0.0,0.0,0.0,0.0,Mass,18-25,Credit Card
5490,e909a3e2-9d6c-4c3d-807c-f20bfd1a4968,379,2026-01-02 11:08:17,1,,0.5636666666666666,3,Neutral,-0.23096666666666668,39.0,v1.0,English,Customer Support,1,61.0,61-90,High,76251.36,0.0,0.0,0.0,Mass,36-45,Home Loan
9455,2ca41cb4-2727-43c1-96a0-42fd0468e277,472,2026-01-02 12:37:42,0,17.0,0.6417,0,Neutral,0.08723333333333334,43.0,v2.0,English,Loan Collections,1,0.0,0,Low,0.0,0.0,0.0,0.0,Premium,56-65,Auto Loan
3755,42a93d85-c20b-431f-ada1-8687eb7d3465,820,2026-01-02 13:12:25,0,1.0,0.8108333333333334,0,Positive,0.47856666666666664,25.0,v1.0,Hindi,Payment Reminder,1,0.0,0,Low,0.0,0.0,0.0,0.0,Mass,26-35,Credit Card
3154,fd76eec2-fcce-45f1-a744-e48d51a95c1f,373,2026-01-02 13:34:53,1,2.0,0.6301,1,Neutral,0.0857,40.0,v1.0,English,Loan Collections,1,0.0,0,Low,0.0,0.0,0.0,0.0,Premium,46-55,Personal Loan
2388,235fe507-3997-4718-872c-52c46acaf9f8,1640,2026-01-02 13:37:37,0,5.0,0.8532000000000001,2,Positive,0.5381333333333334,28.0,v1.0,Hindi,Insurance Renewal,1,0.0,0,Low,0.0,0.0,0.0,0.0,Mass,26-35,Credit Card
6208,ed7471d1-7118-4a49-90a8-2b03575e2076,756,2026-01-02 14:39:27,1,6.0,0.4811,2,Neutral,0.08223333333333334,33.0,v1.0,Hindi,Lead Qualification,1,0.0,0,Low,0.0,0.0,0.0,0.0,Premium,36-45,Credit Card
3862,af373f43-da3f-46d8-b511-fbb9f554ea74,1211,2026-01-02 14:49:30,1,17.0,0.3820333333333334,2,Negative,-0.4965333333333333,21.0,v1.0,Telugu,Payment Reminder,1,0.0,0,Low,0.0,0.0,0.0,0.0,Mass,36-45,Personal Loan
9465,2e4e5b29-5555-4ad1-a1d8-338e2bb7f9b0,573,2026-01-02 14:52:33,0,12.0,0.8194666666666667,0,Positive,0.5918,39.0,v1.1,English,Lead Qualification,1,0.0,0,Low,0.0,0.0,0.0,0.0,Premium,26-35,Credit Card
8369,4f371205-550d-4aec-af97-27101a34b5de,1331,2026-01-02 15:52:36,1,19.0,0.4742333333333333,2,Negative,-0.2748333333333333,42.0,v1.1,English,Loan Collections,1,70.0,61-90,High,25034.89,0.0,0.0,0.0,Mass,46-55,Personal Loan
7716,4264aa79-824b-4f07-a5de-3100b1774cf8,878,2026-01-02 16:13:23,1,,0.23629999999999998,3,Neutral,-0.23523333333333332,27.0,v1.0,Telugu,Loan Collections,1,55.0,31-60,Medium,42345.22,0.0,0.0,0.0,Premium,46-55,Credit Card
1917,8931eedf-2e17-4c21-a316-be3a13e12711,1304,2026-01-02 16:29:07,1,,0.3748,3,Neutral,-0.33180000000000004,26.0,v1.1,English,Customer Support,1,89.0,61-90,High,45066.19,0.0,0.0,0.0,Mass,26-35,Personal Loan
7615,74dc4cea-1cb0-4b53-b11e-04ea25efa681,3,2026-01-02 16:58:35,0,13.0,0.7655666666666666,1,Positive,0.5539999999999999,38.0,v1.1,English,Payment Reminder,1,0.0,0,Low,0.0,1.0,1.0,2.0,Premium,18-25,Personal Loan
4551,512a0231-4f73-4521-8799-4c18aaf19285,1950,2026-01-02 17:00:02,1,10.0,0.49946666666666667,2,Negative,-0.3594,40.0,v1.0,Telugu,Lead Qualification,1,76.0,61-90,High,41628.1,0.0,0.0,0.0,Mass,18-25,Home Loan
4543,08e9e6b1-d0ed-441b-8236-e86504d24ab9,1853,2026-01-02 17:19:07,0,7.0,0.7987333333333333,1,Neutral,0.16990000000000002,34.0,v1.0,Telugu,Lead Qualification,1,0.0,0,Low,0.0,0.0,0.0,0.0,Mass,36-45,Credit Card
9494,7ecbe928-213b-4ec9-bd61-1d6ca5c8f0dd,1025,2026-01-02 19:06:23,1,16.0,0.4232,2,Neutral,-0.3607666666666667,34.0,v1.0,Tamil,Loan Collections,1,100.0,90+,High,65357.04,0.0,0.0,0.0,Premium,56-65,Personal Loan
2657,140460f1-4d9a-443f-8721-c25cb0f2f83e,332,2026-01-02 19:18:39,1,4.0,0.6554666666666668,2,Neutral,0.20633333333333334,38.0,v1.0,English,Lead Qualification,1,0.0,0,Low,0.0,0.0,0.0,0.0,Mass,46-55,Credit Card
901,cc540a3c-7ece-42a4-a2cc-c6be654c4c3c,1762,2026-01-03 09:17:26,1,1.0,0.3174,2,Negative,-0.46226666666666666,36.0,v1.0,Telugu,Loan Collections,1,0.0,0,Low,0.0,0.0,0.0,0.0,Mass,46-55,
83,75462440-de7b-49e5-a48d-1f202ae0b7b4,1105,2026-01-03 09:39:33,1,15.0,0.7327,1,Positive,0.25686666666666663,29.0,v2.0,English,Lead Qualification,1,0.0,0,Low,0.0,0.0,0.0,0.0,Wealth,26-35,Home Loan
1214,272eeca7-0e78-42e4-96d2-c0e63563c127,371,2026-01-03 09:54:17,0,13.0,0.7314666666666666,0,Positive,0.2915666666666667,38.0,v1.0,English,Insurance Renewal,1,0.0,0,Low,0.0,0.0,0.0,0.0,Mass,36-45,Credit Card
7105,0d2054f7-5271-45a9-918e-ec8afd87ff75,1489,2026-01-03 11:27:05,0,1.0,0.8943666666666666,0,Neutral,0.47859999999999997,33.0,v1.1,English,Customer Support,1,0.0,0,Low,0.0,0.0,0.0,0.0,Mass,26-35,Personal Loan
252,0d83a63e-0f96-420d-913c-7443cf2c2998,259,2026-01-03 11:47:15,0,9.0,0.9298000000000001,0,Positive,0.49266666666666664,38.0,v2.0,English,Payment Reminder,1,0.0,0,Low,0.0,1.0,0.0,0.0,Premium,56-65,Personal Loan
8638,8351e91d-35ec-4856-ac8f-fe1aabbba7ec,42,2026-01-03 12:02:05,0,11.0,0.8833000000000001,1,Positive,0.25046666666666667,41.0,v1.0,Tamil,Loan Collections,1,14.0,1-30,Low,66223.17,1.0,0.0,0.0,Mass,36-45,Credit Card
5560,08b1fd69-f07b-499b-ac0b-ed8858493952,1438,2026-01-03 12:47:32,0,10.0,0.8477333333333332,1,Positive,0.2743666666666667,34.0,v1.0,Tamil,Payment Reminder,1,0.0,0,Low,0.0,0.0,0.0,0.0,Premium,26-35,
8582,e8634fb7-14d3-4450-8f97-ed56534d6c92,299,2026-01-03 12:54:28,0,11.0,0.8279,1,Neutral,0.3499666666666667,26.0,v1.0,English,Loan Application,1,0.0,0,Low,0.0,0.0,0.0,0.0,Mass,18-25,Credit Card
4386,70403f45-8344-4c40-879d-72a17e131cb0,1602,2026-01-03 12:54:52,1,4.0,0.8005333333333334,2,Positive,0.3914666666666667,44.0,v2.0,English,Loan Collections,1,0.0,0,Low,0.0,0.0,0.0,0.0,Premium,26-35,Credit Card
3929,4bdc3928-f08b-4b80-b935-6373356b758a,422,2026-01-03 13:29:04,0,14.0,0.5336,1,Neutral,-0.08426666666666667,28.0,v1.0,Telugu,Customer Support,1,0.0,0,Low,0.0,0.0,0.0,0.0,Mass,36-45,Personal Loan
8989,76af235a-ac2c-4bae-ac93-ef05d4772901,1252,2026-01-03 14:02:08,0,4.0,0.8699333333333333,0,Neutral,0.26826666666666665,39.0,v2.0,English,Payment Reminder,1,0.0,0,Low,0.0,0.0,0.0,0.0,Premium,36-45,Credit Card
5737,15407ac2-9567-432a-99d8-288e8d25ea6d,750,2026-01-03 14:15:13,1,7.0,0.6595333333333333,2,Negative,0.2839666666666667,37.0,v1.0,English,Insurance Renewal,1,40.0,31-60,Medium,77874.83,0.0,0.0,0.0,Mass,36-45,Auto Loan
6963,d8c21204-d719-4b81-8f3f-6b13c4cd4270,1610,2026-01-03 14:24:17,1,17.0,0.36883333333333335,1,Negative,-0.38809999999999995,18.0,v1.0,Tamil,Loan Collections,1,0.0,0,Low,0.0,0.0,0.0,0.0,High Value,46-55,Personal Loan
9139,c252893a-9aac-4d76-9ff7-2d73b6e8243b,1519,2026-01-03 14:30:58,1,17.0,0.4182333333333333,2,Negative,-0.3783666666666667,29.0,v2.0,English,Loan Application,1,107.0,90+,High,81143.18,1.0,0.0,0.0,Premium,36-45,Credit Card
3784,da686357-eac2-493e-b8af-45516b2508e4,1132,2026-01-03 14:37:15,1,19.0,0.5309666666666667,1,Neutral,0.0401,30.0,v1.0,Telugu,Lead Qualification,1,93.0,90+,High,35000.54,1.0,0.0,0.0,Mass,18-25,Personal Loan
1929,16d51c48-ffba-4998-9f05-be27485b3621,1464,2026-01-03 15:22:37,0,5.0,0.5378,1,Neutral,0.022500000000000003,27.0,v1.0,Telugu,Loan Application,1,18.0,1-30,Low,103394.37,0.0,0.0,0.0,Mass,36-45,Credit Card
5999,34fbd558-5918-49ad-939d-27231c417cc0,284,2026-01-03 16:02:52,0,11.0,0.7811,1,Neutral,0.2696,39.0,v1.0,Tamil,Insurance Renewal,1,0.0,0,Low,0.0,0.0,0.0,0.0,Mass,26-35,Credit Card
7496,916e25fb-e043-404b-9e6e-57d9df6fbbf6,1116,2026-01-03 16:17:23,1,7.0,0.7189,2,Neutral,-0.17699999999999996,29.0,v1.0,Hindi,Customer Support,1,46.0,31-60,Medium,77727.73,1.0,0.0,0.0,Mass,46-55,Home Loan
4801,89cef9c1-e369-4714-82cd-58fdfc37811a,746,2026-01-03 16:55:55,1,4.0,0.4054666666666667,2,Negative,-0.38010000000000005,48.0,v1.1,English,Loan Collections,1,118.0,90+,High,67638.98,0.0,0.0,0.0,Mass,46-55,Personal Loan
3284,9ce71112-3043-4530-b5df-458ba3fdd28b,1834,2026-01-03 16:59:27,1,,0.11016666666666668,3,Negative,-0.6854,42.0,v1.0,Telugu,Insurance Renewal,1,103.0,90+,High,30527.99,0.0,0.0,0.0,Premium,56-65,Credit Card
4675,c2a8e67f-084f-4327-9db0-c251b7638a48,8,2026-01-03 17:29:57,0,9.0,0.7165666666666667,0,Neutral,-0.22323333333333337,40.0,v1.0,Hindi,Loan Collections,1,0.0,0,Low,0.0,0.0,0.0,0.0,Mass,26-35,Personal Loan
605,12dcb0ea-89cc-4127-93b6-e5f0db8b31b6,1767,2026-01-03 18:25:57,0,7.0,0.906,0,Positive,0.3728,41.0,v1.1,English,Loan Application,1,0.0,0,Low,0.0,0.0,0.0,0.0,Mass,46-55,Credit Card
7281,234d48b9-fbf9-495d-9648-33e191b32754,1573,2026-01-03 18:46:24,0,4.0,0.6248,0,Neutral,0.15213333333333334,33.0,v1.0,Telugu,Loan Application,1,0.0,0,Low,0.0,0.0,0.0,0.0,Premium,18-25,Personal Loan
6943,2aea58da-52f7-4cbc-88fc-e400cc036462,1134,2026-01-03 18:46:50,1,15.0,0.7147333333333333,2,Positive,0.2578,31.0,v1.1,English,Loan Collections,1,0.0,0,Low,0.0,0.0,0.0,0.0,Mass,36-45,Credit Card
6551,4fb1fa25-b2b5-49d8-9e1e-204a50f94d7c,396,2026-01-03 19:47:32,0,2.0,0.5985666666666667,1,Neutral,-0.1445,27.0,v1.0,Hindi,Loan Collections,1,45.0,31-60,Medium,20399.78,0.0,0.0,0.0,High Value,36-45,Credit Card
6147,3f8bcfe6-297e-4233-a59b-14bf75bce93c,922,2026-01-03 20:00:22,0,10.0,0.8463333333333334,0,Neutral,0.3085333333333333,44.0,v1.0,Hindi,Customer Support,1,4.0,1-30,Low,45462.75,0.0,0.0,0.0,High Value,18-25,Credit Card
329,8ce03cf0-b0c9-481a-a504-8786df5b61bf,1317,2026-01-04 08:00:39,1,7.0,0.7898,1,Positive,0.1203,39.0,v1.0,English,Insurance Renewal,1,30.0,1-30,Low,105008.05,0.0,0.0,0.0,Mass,26-35,Auto Loan
4099,270aa9d4-1840-4bdc-9c9f-74ad3de43f3e,1323,2026-01-04 09:12:25,0,1.0,0.8986666666666667,0,Neutral,0.19963333333333333,38.0,v1.0,Telugu,Lead Qualification,1,0.0,0,Low,0.0,0.0,0.0,0.0,Mass,18-25,Credit Card
7514,7faeae39-7f8f-4c67-b882-6e816f08b2d6,1818,2026-01-04 09:31:32,1,16.0,0.2569333333333333,1,Negative,-0.6908333333333333,35.0,v1.0,English,Customer Support,1,107.0,90+,High,87040.53,0.0,0.0,0.0,Mass,36-45,Credit Card
4153,a3ad45d0-ff70-4b80-a1f9-a5ea6f397e49,1184,2026-01-04 09:43:38,0,13.0,0.8849,1,Positive,0.5642666666666667,29.0,v2.0,English,Lead Qualification,1,22.0,1-30,Low,54226.77,0.0,0.0,0.0,Mass,36-45,Personal Loan
6835,cde92cf9-230c-4703-bb6d-f243aadb8561,396,2026-01-04 10:09:53,1,13.0,0.7826666666666666,2,Neutral,-0.06403333333333334,32.0,v1.0,English,Lead Qualification,1,0.0,0,Low,0.0,1.0,0.0,1.0,High Value,36-45,Credit Card
5169,8f8626e5-cde2-4f5f-bdb7-e707bcf7d4dc,856,2026-01-04 10:31:10,0,18.0,0.7179333333333333,1,Positive,0.24549999999999997,39.0,v1.1,English,Loan Collections,1,0.0,0,Low,0.0,0.0,0.0,0.0,High Value,26-35,Personal Loan
4858,1eda4166-de0a-4517-b8be-3a44dcdfc2b9,1602,2026-01-04 11:33:21,1,18.0,0.1942,2,Negative,-0.5696666666666667,31.0,v1.0,English,Insurance Renewal,1,107.0,90+,High,50213.72,1.0,1.0,3.0,Premium,26-35,Credit Card
7401,ccd11fa7-6a41-4a80-a825-d57bd3fd0715,809,2026-01-04 11:36:37,1,16.0,0.28163333333333335,2,Negative,-0.4008,41.0,v1.0,English,Payment Reminder,1,51.0,31-60,Medium,77510.16,0.0,0.0,0.0,Wealth,46-55,Credit Card
6413,5d079c63-6ca8-4f4e-a157-802dd2faf402,1056,2026-01-04 12:11:42,0,18.0,0.6751,1,Positive,0.09413333333333333,28.0,v1.0,Hindi,Loan Collections,1,0.0,0,Low,0.0,0.0,0.0,0.0,Premium,65+,Auto Loan
3224,4eb4491c-0252-4f0c-93be-5d5c97382a48,1293,2026-01-04 12:51:14,1,10.0,0.8450000000000001,2,Neutral,0.3309333333333333,32.0,v1.0,Hindi,Loan Application,1,0.0,0,Low,0.0,0.0,0.0,0.0,Mass,18-25,Personal Loan
254,3bce8731-56d9-4198-8071-a376af6f137d,237,2026-01-04 13:44:32,1,,0.37893333333333334,3,Neutral,-0.5247666666666667,36.0,v1.0,Tamil,Loan Collections,1,67.0,61-90,High,31258.17,0.0,0.0,0.0,Mass,26-35,Personal Loan
5996,ab2e812c-5b53-45e3-8975-4af27efdfe95,930,2026-01-04 13:54:38,1,2.0,0.4724333333333333,1,Negative,-0.2534666666666667,35.0,v1.0,English,Loan Application,1,64.0,61-90,High,31960.92,0.0,0.0,0.0,Premium,36-45,Credit Card
6176,c409ac6c-74d9-4496-b36d-54f358a569ee,1742,2026-01-04 14:35:53,0,9.0,0.7944,0,Positive,0.4774,32.0,v1.0,Hindi,Loan Collections,1,0.0,0,Low,0.0,0.0,0.0,0.0,Mass,26-35,Credit Card
8642,e0cd00ae-3d8a-4470-afb7-7d1436172a0e,552,2026-01-04 15:02:36,0,9.0,0.5106333333333334,0,Neutral,-0.17066666666666666,51.0,v1.0,Tamil,Lead Qualification,1,0.0,0,Low,0.0,0.0,0.0,0.0,Mass,56-65,Credit Card
2754,caa3ac26-1218-4dd3-8ef6-744fc02959c1,885,2026-01-04 15:37:50,0,7.0,0.9246,0,Positive,0.5674,37.0,v2.0,English,Loan Collections,1,0.0,0,Low,0.0,0.0,0.0,0.0,Wealth,36-45,Credit Card
1785,166a0bb9-6cc1-462e-9c41-cd35534aa797,899,2026-01-04 15:43:50,0,16.0,0.8399000000000001,1,Neutral,0.18056666666666668,48.0,v1.0,Telugu,Customer Support,1,0.0,0,Low,0.0,0.0,0.0,0.0,Premium,36-45,Home Loan
8743,5abd9f32-7023-42d6-8847-4e41272f3e3e,284,2026-01-04 16:25:13,1,14.0,0.8749333333333333,1,Positive,0.40073333333333333,43.0,v2.0,English,Insurance Renewal,2,0.0,0,Low,0.0,1.0,0.0,1.0,Mass,26-35,Credit Card
8294,d1729911-15dc-4421-8032-a45d7e49d020,1736,2026-01-04 17:23:32,0,5.0,0.8836333333333334,0,Positive,0.5397333333333333,39.0,v1.0,Tamil,Lead Qualification,1,0.0,0,Low,0.0,0.0,0.0,0.0,Mass,46-55,Credit Card
9620,eb07fc03-1d23-4230-b96c-0791d0788a89,167,2026-01-04 19:00:39,0,16.0,0.7235,0,Neutral,0.2111333333333333,34.0,v1.0,English,Customer Support,2,0.0,0,Low,0.0,1.0,0.0,1.0,Mass,36-45,Credit Card
2506,5ccb90f5-663a-4996-9ee2-240634a74e17,1314,2026-01-04 19:50:31,1,17.0,0.42793333333333333,1,Neutral,-0.19999999999999998,35.0,v1.0,English,Lead Qualification,1,0.0,0,Low,0.0,0.0,0.0,0.0,Premium,26-35,Auto Loan
5094,91715e49-06c8-4e16-b14a-11a24e4a05d2,70,2026-01-05 08:06:28,1,7.0,0.4551,1,Negative,-0.3045333333333333,24.0,v1.0,English,Insurance Renewal,1,105.0,90+,High,52715.21,0.0,0.0,0.0,Mass,18-25,Credit Card
9397,1ae335bf-d051-4c60-9315-9510698fa9e7,1107,2026-01-05 08:11:21,0,3.0,0.5884333333333333,1,Positive,0.26826666666666665,34.0,v2.0,English,Customer Support,1,82.0,61-90,High,35957.59,0.0,0.0,0.0,High Value,36-45,Personal Loan
6919,8771392e-23db-4e4a-bb3c-bb95499570f6,1612,2026-01-05 08:50:41,1,3.0,0.6530333333333332,1,Neutral,0.08289999999999999,46.0,v1.1,English,Loan Collections,1,0.0,0,Low,0.0,0.0,0.0,0.0,Mass,46-55,Home Loan
2008,9d0577cb-e318-4bc6-af56-ec949945e151,1902,2026-01-05 09:22:47,0,4.0,0.8199333333333333,1,Positive,0.32503333333333334,34.0,v1.1,English,Insurance Renewal,1,0.0,0,Low,0.0,0.0,0.0,0.0,Mass,18-25,Auto Loan
6731,e8142622-5ab2-4eb4-be47-d0390ecdf507,995,2026-01-05 09:33:33,0,12.0,0.7001666666666667,1,Positive,0.2289,31.0,v1.0,Telugu,Loan Collections,1,0.0,0,Low,0.0,0.0,0.0,0.0,Premium,46-55,Personal Loan
2068,92ba1110-b196-4c1e-bedc-6fdacd276a6f,680,2026-01-05 09:39:50,1,,0.7945666666666668,3,Neutral,0.48046666666666665,40.0,v2.0,English,Customer Support,1,0.0,0,Low,0.0,0.0,0.0,0.0,Mass,46-55,Home Loan
4895,bee5a3f0-7761-48b0-856a-13a258c86a56,151,2026-01-05 12:10:22,1,19.0,0.6765,2,Neutral,-0.07276666666666667,49.0,v1.0,English,Customer Support,1,0.0,0,Low,0.0,0.0,0.0,0.0,Mass,26-35,Home Loan
9895,210d7f04-f601-4d45-94fd-7d6e42caa591,334,2026-01-05 12:26:52,1,3.0,0.5111333333333333,2,Neutral,-0.16676666666666665,27.0,v1.0,Telugu,Insurance Renewal,1,0.0,0,Low,0.0,0.0,0.0,0.0,Mass,46-55,Personal Loan
8023,12cd694b-36fc-4ada-9a3e-3ed247227552,1514,2026-01-05 13:21:38,0,4.0,0.7352666666666666,0,Neutral,-0.11766666666666666,40.0,v1.1,English,Insurance Renewal,1,0.0,0,Low,0.0,0.0,0.0,0.0,Mass,46-55,Credit Card
6051,b12b7219-ee20-45a8-b8fa-c94f7619034e,262,2026-01-05 13:28:59,0,11.0,0.7868666666666666,0,Positive,0.3367,24.0,v1.0,Hindi,Loan Collections,1,0.0,0,Low,0.0,0.0,0.0,0.0,High Value,36-45,Personal Loan
6030,bc990d6c-c7f5-4e8d-813c-676dfdd2cfc0,740,2026-01-05 14:13:43,0,13.0,0.8823,0,Neutral,0.13793333333333332,47.0,v1.1,English,Loan Application,1,0.0,0,Low,0.0,0.0,0.0,0.0,Mass,46-55,Personal Loan
589,508acb7f-233d-45f2-ba23-e6347f719a6a,1685,2026-01-05 14:32:15,0,13.0,0.8495666666666667,0,Positive,0.2214,38.0,v1.0,Hindi,Insurance Renewal,1,0.0,0,Low,0.0,0.0,0.0,0.0,Mass,18-25,Personal Loan
8506,7e2ade32-f696-4b0b-8721-1b19ce846920,787,2026-01-05 14:47:43,0,18.0,0.88,1,Neutral,0.0894,27.0,v2.0,English,Loan Collections,1,0.0,0,Low,0.0,1.0,1.0,6.0,Mass,36-45,Personal Loan
1417,af8a1967-dc90-4e17-aa18-0fc7e2255e47,788,2026-01-05 15:39:29,0,12.0,0.7814333333333333,0,Neutral,0.11349999999999999,29.0,v1.1,English,Payment Reminder,1,44.0,31-60,Medium,41078.9,0.0,0.0,0.0,Premium,26-35,Personal Loan
2130,c646a730-953c-4fcb-940b-a93ece371564,441,2026-01-05 15:40:29,1,12.0,0.6581,1,Neutral,0.09513333333333333,31.0,v1.0,English,Loan Application,1,0.0,0,Low,0.0,0.0,0.0,0.0,Premium,18-25,Credit Card
9240,71bc73b8-1ac4-461a-a808-be112978171c,1028,2026-01-05 16:59:06,0,19.0,0.7113666666666667,1,Positive,0.4632666666666667,32.0,v2.0,English,Payment Reminder,1,79.0,61-90,High,63815.3,0.0,0.0,0.0,Premium,26-35,Personal Loan
4236,e37f5ec6-eb65-46e4-a580-c407798281a0,389,2026-01-05 17:32:08,1,9.0,0.30006666666666665,2,Negative,-0.2670666666666666,39.0,v1.0,Telugu,Loan Collections,1,0.0,0,Low,0.0,0.0,0.0,0.0,Premium,26-35,Auto Loan
6725,1b399572-6eea-4dee-9688-3c11467b45b7,244,2026-01-05 17:32:28,0,2.0,0.6246,1,Neutral,0.09763333333333335,35.0,v1.0,Hindi,Loan Collections,1,0.0,0,Low,0.0,0.0,0.0,0.0,Mass,26-35,Home Loan
5847,10fd1569-d09c-469c-85a8-53765fdc21e7,171,2026-01-06 08:01:14,0,6.0,0.8123333333333332,0,Positive,0.07213333333333333,36.0,v2.0,English,Customer Support,1,0.0,0,Low,0.0,0.0,0.0,0.0,Premium,36-45,Credit Card
7189,bd4cef3d-ef6e-44bb-abf0-93bc8b44ec85,223,2026-01-06 08:03:41,0,18.0,0.5979666666666666,0,Neutral,-0.11133333333333334,32.0,v1.0,Tamil,Lead Qualification,1,0.0,0,Low,0.0,0.0,0.0,0.0,Mass,36-45,Auto Loan
1141,46ca61d1-cca3-4899-9ca6-62a6ef8181ce,1951,2026-01-06 08:19:25,1,13.0,0.6181666666666666,2,Neutral,-0.09073333333333333,34.0,v1.0,English,Payment Reminder,1,44.0,31-60,Medium,58120.51,0.0,0.0,0.0,Mass,65+,Credit Card
1386,7a0685a8-c384-4d17-b379-e74e894bce5a,1197,2026-01-06 08:48:05,1,,0.4101333333333333,3,Neutral,-0.33993333333333337,31.0,v1.0,Tamil,Loan Collections,1,42.0,31-60,Medium,20672.66,0.0,0.0,0.0,Mass,26-35,Credit Card
6135,8e5f81ec-3804-4ea5-b53d-da87bbeb60b7,69,2026-01-06 09:40:35,1,13.0,0.6530999999999999,2,Neutral,-0.09090000000000002,41.0,v1.1,English,Customer Support,1,0.0,0,Low,0.0,1.0,0.0,0.0,Mass,36-45,Credit Card
8556,e1364b82-d810-47fa-aaeb-69a68950e7dd,1688,2026-01-06 09:41:03,1,17.0,0.3945666666666667,0,Negative,-0.38189999999999996,22.0,v1.0,English,Lead Qualification,1,0.0,0,Low,0.0,0.0,0.0,0.0,Mass,36-45,Home Loan
2494,68be8b86-633b-4d72-8d6d-a7787c6eaf40,1768,2026-01-06 10:01:29,1,16.0,0.7494666666666667,2,Positive,0.17763333333333334,23.0,v2.0,English,Loan Collections,1,98.0,90+,High,60755.12,0.0,0.0,0.0,Mass,46-55,Credit Card
8952,1122b3ce-dc11-409f-be1a-c55985398e68,1735,2026-01-06 11:42:19,0,13.0,0.8016,0,Positive,0.27109999999999995,22.0,v1.0,Tamil,Customer Support,1,0.0,0,Low,0.0,0.0,0.0,0.0,Mass,46-55,Credit Card
466,259456c5-adb8-4594-9dc5-1a35806aa33b,8,2026-01-06 12:04:16,0,14.0,0.6471333333333333,0,Neutral,0.19346666666666668,44.0,v1.1,English,Payment Reminder,1,0.0,0,Low,0.0,1.0,0.0,1.0,Mass,26-35,Personal Loan
7694,e6a0d4d7-6dd6-4eb2-a464-bcd0c1b1e0a6,1537,2026-01-06 12:07:49,0,7.0,0.9509333333333334,0,Positive,0.5970666666666666,26.0,v2.0,English,Customer Support,1,0.0,0,Low,0.0,0.0,0.0,0.0,High Value,26-35,
5178,b0a9e44f-49f2-4224-b2f6-f8f002709681,490,2026-01-06 12:49:21,0,19.0,0.844,0,Positive,0.47773333333333334,45.0,v1.1,English,Loan Collections,1,0.0,0,Low,0.0,1.0,0.0,0.0,Mass,46-55,Credit Card
1786,d92ff754-e70c-4791-9ce9-7b652273a1f4,686,2026-01-06 13:04:46,1,15.0,0.3357333333333334,2,Negative,-0.4260333333333333,18.0,v1.0,Tamil,Loan Collections,1,104.0,90+,High,38205.72,0.0,0.0,0.0,Premium,36-45,Personal Loan
3292,5acdb82e-81b9-4c7f-a192-1b8d83b261fe,1559,2026-01-06 13:19:02,0,13.0,0.9508000000000001,0,Positive,0.6341666666666667,36.0,v2.0,English,Customer Support,1,0.0,0,Low,0.0,1.0,0.0,0.0,Mass,46-55,Credit Card
7216,47231e75-e8cc-41f7-ad54-c3da360698be,815,2026-01-06 13:21:49,0,7.0,0.8072333333333334,0,Positive,0.2172666666666667,32.0,v1.0,Tamil,Loan Collections,1,0.0,0,Low,0.0,0.0,0.0,0.0,Mass,46-55,Personal Loan
548,2648f6a7-0327-44aa-8dc0-bf7394ab7a34,1557,2026-01-06 13:59:18,0,10.0,0.8511000000000001,0,Positive,0.41816666666666663,28.0,v1.0,English,Customer Support,1,0.0,0,Low,0.0,0.0,0.0,0.0,High Value,18-25,Personal Loan
6887,7f2ae692-c6b7-45b2-a55b-526e6e9d2872,1002,2026-01-06 14:46:01,0,13.0,0.9129999999999999,0,Positive,0.6143333333333333,40.0,v2.0,English,Loan Collections,1,0.0,0,Low,0.0,0.0,0.0,0.0,Mass,36-45,Personal Loan
8258,4499dc05-686d-4238-85b0-67ea75c1ba7e,1488,2026-01-06 15:01:51,0,10.0,0.8711000000000001,0,Positive,0.4417,37.0,v1.0,Hindi,Loan Collections,1,0.0,0,Low,0.0,2.0,1.0,3.0,High Value,36-45,Credit Card
1722,ec739b9a-10f8-4625-968d-3ce529a6b10d,731,2026-01-06 15:02:30,0,12.0,0.6241,0,Neutral,-0.18366666666666664,33.0,v1.0,Tamil,Loan Application,1,76.0,61-90,High,69547.35,0.0,0.0,0.0,Mass,36-45,Credit Card
5864,5e22a1aa-6fc7-4a3d-a73d-10181c99d231,67,2026-01-06 15:06:55,1,17.0,0.36866666666666664,2,Negative,-0.37796666666666673,42.0,v1.0,Telugu,Lead Qualification,1,0.0,0,Low,0.0,0.0,0.0,0.0,High Value,26-35,Credit Card
8698,170ed7b3-f037-431d-9aec-e834be36f1fc,1691,2026-01-06 15:22:21,0,16.0,0.8957333333333333,0,Neutral,0.22466666666666665,49.0,v1.1,English,Customer Support,1,0.0,0,Low,0.0,0.0,0.0,0.0,Premium,18-25,Credit Card
128,561c726a-1ecc-4979-a9da-c89cd89d4abb,106,2026-01-06 15:46:33,0,9.0,0.5948,1,Neutral,0.053233333333333334,29.0,v1.0,Telugu,Insurance Renewal,1,60.0,31-60,Medium,53724.37,0.0,0.0,0.0,Premium,18-25,Credit Card
9914,efd373a4-3570-4000-a749-2764955b4623,1526,2026-01-06 15:57:48,0,18.0,0.6697000000000001,1,Neutral,0.1323,45.0,v1.0,Tamil,Lead Qualification,1,0.0,0,Low,0.0,0.0,0.0,0.0,Mass,26-35,Home Loan
8859,aa003404-15f2-4bbd-b4da-a8d06a46acac,1951,2026-01-06 16:23:04,1,1.0,0.5722,1,Neutral,-0.21373333333333333,32.0,v1.0,English,Loan Application,1,0.0,0,Low,0.0,1.0,1.0,4.0,Mass,65+,Credit Card
1280,f165ed6f-eec3-46cc-b7d3-a55023fd9c91,787,2026-01-06 16:43:57,1,15.0,0.4947,0,Neutral,-0.3755,32.0,v1.0,Tamil,Loan Application,1,0.0,0,Low,0.0,2.0,1.0,7.0,Mass,36-45,Personal Loan
6358,fa2fccf5-7f16-4b75-bcf9-5e33d957fe17,1789,2026-01-06 17:01:17,1,,0.14603333333333332,3,Negative,-0.7108666666666666,25.0,v1.0,Hindi,Loan Collections,1,92.0,90+,High,42082.77,1.0,0.0,0.0,Mass,36-45,Auto Loan
310,96ce8796-435b-403b-ad24-b6ac3841ea39,519,2026-01-06 17:03:08,0,13.0,0.9319000000000001,1,Positive,0.7138666666666666,32.0,v2.0,English,Loan Collections,1,27.0,1-30,Low,26979.45,0.0,0.0,0.0,Mass,36-45,Home Loan
7333,b530ff9b-228f-4b56-8620-3aaacd0e0e04,1036,2026-01-06 17:59:16,0,9.0,0.8826999999999999,0,Positive,0.6211666666666668,31.0,v1.1,English,Loan Application,1,0.0,0,Low,0.0,0.0,0.0,0.0,Mass,36-45,Personal Loan
1735,ac86ad85-d1fd-473d-82d9-d7d2c62916e4,1510,2026-01-06 18:35:03,0,5.0,0.9655,1,Positive,0.6015,32.0,v2.0,English,Loan Collections,1,9.0,1-30,Low,42139.13,0.0,0.0,0.0,Mass,36-45,Credit Card
8115,63f0c4ac-a676-4c63-bd41-9904bb158cbe,1471,2026-01-06 18:39:20,1,2.0,0.5296666666666666,2,Neutral,0.04073333333333335,28.0,v1.0,English,Lead Qualification,1,0.0,0,Low,0.0,0.0,0.0,0.0,Mass,36-45,Credit Card
2995,fda8ee74-bdde-4968-a8f1-261faa7c4b1e,1445,2026-01-06 18:58:20,0,18.0,0.7336999999999999,0,Neutral,0.015133333333333332,39.0,v1.0,Telugu,Loan Application,1,0.0,0,Low,0.0,0.0,0.0,0.0,Mass,26-35,Personal Loan
8633,c8dfebbf-18d6-44d9-a630-507a8247770d,222,2026-01-06 18:59:27,0,18.0,0.5713,1,Neutral,0.22106666666666666,43.0,v1.0,Hindi,Loan Collections,1,0.0,0,Low,0.0,0.0,0.0,0.0,Mass,36-45,Credit Card
231,eee6390c-c032-493c-8e2d-f5c7d01ec19c,159,2026-01-06 18:59:48,0,7.0,0.7084666666666667,1,Neutral,0.3434333333333333,35.0,v1.0,Hindi,Payment Reminder,1,0.0,0,Low,0.0,0.0,0.0,0.0,Mass,36-45,Personal Loan
481,b0014a1d-7ad8-4756-909c-c4b2e5465048,1737,2026-01-06 19:16:07,0,18.0,0.8803666666666667,0,Positive,0.49720000000000003,32.0,v2.0,English,Customer Support,1,0.0,0,Low,0.0,0.0,0.0,0.0,Premium,36-45,Personal Loan
618,f0769206-d8bf-4734-b992-83c30def450a,170,2026-01-06 19:20:52,0,7.0,0.8834333333333334,0,Positive,0.23160000000000003,27.0,v2.0,English,Loan Collections,1,56.0,31-60,Medium,17199.83,0.0,0.0,0.0,Mass,36-45,Personal Loan
9365,df35869e-492f-4d9d-83cd-69af4c2f7571,784,2026-01-06 19:43:27,1,8.0,0.6423333333333333,2,Neutral,0.27553333333333335,40.0,v1.0,Tamil,Payment Reminder,1,0.0,0,Low,0.0,0.0,0.0,0.0,Mass,65+,Personal Loan
1907,3e1aa951-52d7-4a17-b176-ea7126836a1a,623,2026-01-06 19:50:37,1,3.0,0.20420000000000002,2,Negative,-0.25853333333333334,32.0,v1.0,Tamil,Insurance Renewal,1,110.0,90+,High,65615.37,0.0,0.0,0.0,Mass,26-35,Home Loan
5975,e84dfc5c-95a7-4bde-93b4-da8a64c55522,1384,2026-01-07 08:03:11,0,1.0,0.6984,1,Neutral,0.21453333333333333,30.0,v1.0,Tamil,Loan Application,1,69.0,61-90,High,57646.4,0.0,0.0,0.0,Mass,18-25,Credit Card
5250,5f4153da-810f-4077-a36a-c529cca3e82f,1071,2026-01-07 09:12:12,0,11.0,0.7891333333333334,2,Positive,0.47669999999999996,35.0,v1.0,Tamil,Loan Collections,1,0.0,0,Low,0.0,0.0,0.0,0.0,High Value,36-45,Credit Card
5794,8dc09864-706a-4edc-b629-a6aa83022e29,419,2026-01-07 09:19:24,0,12.0,0.7110333333333333,1,Neutral,0.2456,47.0,v1.0,Hindi,Loan Application,1,0.0,0,Low,0.0,0.0,0.0,0.0,Mass,56-65,Personal Loan
9466,354bbdc9-e14a-4b88-8a2d-0b1b77ce0482,1786,2026-01-07 09:37:33,0,1.0,0.6688000000000001,0,Neutral,-0.18123333333333333,43.0,v1.0,Telugu,Loan Collections,1,73.0,61-90,High,8214.08,0.0,0.0,0.0,Premium,18-25,Personal Loan
6848,abdc10e0-7398-43de-9191-7d4d66e2d661,429,2026-01-07 09:57:20,0,19.0,0.8006333333333333,0,Neutral,0.3343,28.0,v1.0,Hindi,Lead Qualification,1,0.0,0,Low,0.0,0.0,0.0,0.0,Mass,26-35,Credit Card
948,7c58910e-08b2-47d0-ad50-ca17e5329cc4,1083,2026-01-07 10:35:32,0,19.0,0.7986666666666666,1,Positive,0.42873333333333336,36.0,v1.0,Hindi,Lead Qualification,1,4.0,1-30,Low,36664.58,0.0,0.0,0.0,Premium,36-45,Personal Loan
8864,c000a5c1-96f9-4680-ac86-0f1299c5e270,804,2026-01-07 11:47:08,0,13.0,0.7995333333333333,1,Positive,0.2797,28.0,v1.0,Tamil,Lead Qualification,1,0.0,0,Low,0.0,0.0,0.0,0.0,Mass,46-55,Credit Card
6004,3d9bf5d7-0857-40f0-9731-753291b65b2d,1437,2026-01-07 12:17:07,1,8.0,0.5157999999999999,2,Negative,-0.1854,38.0,v1.0,Hindi,Loan Application,1,113.0,90+,High,110410.49,0.0,0.0,0.0,Mass,18-25,Credit Card
2056,79614045-82c4-4b3b-8a34-d6123db84cca,542,2026-01-07 12:17:14,0,15.0,0.5281666666666667,0,Neutral,-0.08219999999999998,40.0,v1.0,Telugu,Loan Application,1,0.0,0,Low,0.0,0.0,0.0,0.0,Mass,36-45,Personal Loan
2655,5ef2ec2e-c80e-4620-aa6e-872de28692e9,1655,2026-01-07 12:56:09,1,,0.5934,3,Neutral,-0.13993333333333333,29.0,v1.0,Tamil,Loan Collections,1,0.0,0,Low,0.0,0.0,0.0,0.0,Mass,36-45,Credit Card
2264,6621a83c-4a2d-4e6d-807e-acf5410d5f87,975,2026-01-07 14:12:47,0,8.0,0.6469,1,Neutral,0.18226666666666666,46.0,v1.0,Tamil,Insurance Renewal,1,0.0,0,Low,0.0,0.0,0.0,0.0,Mass,26-35,Home Loan
6,b5ec64fe-4b3b-43b4-930c-55a55e0a1dc2,1662,2026-01-07 14:27:11,0,7.0,0.8111333333333334,0,Neutral,0.2136,33.0,v1.0,Tamil,Loan Collections,1,0.0,0,Low,0.0,0.0,0.0,0.0,Premium,46-55,Credit Card
4685,885a902f-e1da-4e69-b079-e1e4e93d56ff,531,2026-01-07 14:57:05,0,5.0,0.7837999999999999,1,Positive,0.3153333333333333,36.0,v2.0,English,Loan Collections,1,79.0,61-90,High,37656.46,0.0,0.0,0.0,Mass,36-45,Personal Loan
4238,bee9fca6-a4d8-4e22-82d5-0e160f5aaeef,1301,2026-01-07 15:38:19,0,19.0,0.8475333333333334,1,Positive,0.5827666666666667,35.0,v2.0,English,Loan Collections,1,0.0,0,Low,0.0,0.0,0.0,0.0,Mass,36-45,
7309,432b8643-2232-4929-aa63-a0dd3e5fdaab,1845,2026-01-07 17:47:27,1,4.0,0.28403333333333336,2,Negative,-0.3064,52.0,v1.0,Hindi,Loan Application,1,82.0,61-90,High,73516.8,0.0,0.0,0.0,High Value,36-45,Home Loan
4208,88b4480c-b746-4c9e-9013-de8c975d9895,1672,2026-01-07 18:30:15,0,10.0,0.9274,0,Positive,0.5328333333333334,47.0,v1.1,English,Lead Qualification,1,0.0,0,Low,0.0,0.0,0.0,0.0,Premium,36-45,Personal Loan
2198,e2c7819f-0431-4d34-8c9d-4af4ac80ce7e,1828,2026-01-07 18:40:48,0,8.0,0.9133333333333334,0,Positive,0.3651333333333333,40.0,v2.0,English,Customer Support,1,0.0,0,Low,0.0,0.0,0.0,0.0,Premium,26-35,Home Loan
9021,f2571e42-4dc7-4137-9ab8-2a5f6fea3371,406,2026-01-07 18:52:33,0,4.0,0.5147333333333334,0,Neutral,-0.16756666666666664,49.0,v1.0,Tamil,Loan Collections,1,0.0,0,Low,0.0,0.0,0.0,0.0,Mass,56-65,Credit Card
8034,0562284d-99c8-4d66-bd70-0c08403e16db,585,2026-01-07 19:33:54,1,8.0,0.5772666666666666,1,Neutral,-0.11423333333333334,44.0,v1.1,English,Loan Application,1,88.0,61-90,High,58656.39,0.0,0.0,0.0,Premium,36-45,Credit Card
4151,632855f9-e840-4d31-99b9-b2da329281f2,1146,2026-01-07 19:39:28,0,3.0,0.7190333333333333,1,Neutral,0.09516666666666668,40.0,v2.0,English,Lead Qualification,1,0.0,0,Low,0.0,0.0,0.0,0.0,Mass,18-25,Credit Card
8637,9e45fa90-7db4-4dc7-b1e6-48e148fdd670,33,2026-01-08 08:23:50,0,12.0,0.9106333333333333,1,Positive,0.5649666666666667,30.0,v1.1,English,Payment Reminder,1,0.0,0,Low,0.0,0.0,0.0,0.0,Premium,26-35,Personal Loan
305,165e4850-31ce-4856-a704-0231852533b5,294,2026-01-08 08:25:42,0,19.0,0.5372333333333333,0,Neutral,0.007300000000000001,40.0,v1.0,Telugu,Insurance Renewal,1,63.0,61-90,High,46371.74,0.0,0.0,0.0,Premium,36-45,Personal Loan
8245,76c5c8cf-7c79-4efd-b8e6-add0e3247935,998,2026-01-08 09:02:41,0,16.0,0.7330666666666668,0,Neutral,0.14883333333333335,39.0,v1.0,English,Lead Qualification,1,50.0,31-60,Medium,61076.78,0.0,0.0,0.0,Mass,26-35,Auto Loan
9211,9312273d-f523-40d6-818e-5ff736e6bc16,279,2026-01-08 09:07:53,0,3.0,0.7222333333333334,1,Neutral,0.27753333333333335,30.0,v2.0,English,Loan Application,1,0.0,0,Low,0.0,0.0,0.0,0.0,Mass,56-65,Personal Loan
4828,f1e38172-3185-4b3b-b7c3-45990a5560be,1553,2026-01-08 09:29:51,1,17.0,0.077,2,Negative,-0.8327666666666667,36.0,v1.0,English,Insurance Renewal,1,107.0,90+,High,65340.9,0.0,0.0,0.0,Mass,36-45,Personal Loan
7558,010d5f32-dd00-4b01-8f92-efcbfb0ea5bf,28,2026-01-08 09:45:07,1,11.0,0.7052333333333333,1,Positive,0.1824,40.0,v1.0,Tamil,Loan Collections,1,48.0,31-60,Medium,25405.83,0.0,0.0,0.0,Mass,36-45,Credit Card
1277,184b12db-4c21-4eff-9bc8-296f52bb7b43,1449,2026-01-08 11:09:30,0,11.0,0.8249666666666666,1,Neutral,0.22716666666666666,45.0,v1.0,English,Loan Collections,1,0.0,0,Low,0.0,0.0,0.0,0.0,Mass,46-55,
9904,3aaf2b67-d815-417e-a84e-13c676374c96,274,2026-01-08 13:12:31,0,13.0,0.7491,1,Neutral,0.3134,41.0,v1.0,Telugu,Lead Qualification,1,0.0,0,Low,0.0,0.0,0.0,0.0,Mass,56-65,Personal Loan
1575,156d0a05-697a-4c6a-9611-4a95369a0c0d,1918,2026-01-08 14:59:38,0,12.0,0.7992,0,Neutral,0.11339999999999999,21.0,v1.0,Hindi,Loan Collections,1,0.0,0,Low,0.0,0.0,0.0,0.0,Mass,26-35,Credit Card
8792,3ae00440-274a-4659-9240-f2954271ccbe,1603,2026-01-08 15:44:53,0,11.0,0.7557666666666667,1,Neutral,0.3293,39.0,v1.0,English,Loan Application,1,0.0,0,Low,0.0,0.0,0.0,0.0,Premium,36-45,Credit Card
2401,c40bda1f-ed10-489f-b40c-169fd39991e8,82,2026-01-08 16:19:39,1,11.0,0.5076,2,Neutral,-0.3086333333333333,24.0,v1.0,English,Loan Collections,1,1.0,1-30,Low,78481.65,0.0,0.0,0.0,Premium,26-35,Auto Loan
7463,6beb69e8-f8a6-4c82-b522-db6199ea33e5,720,2026-01-08 16:57:28,0,11.0,0.8703666666666666,0,Positive,0.39019999999999994,37.0,v1.0,Telugu,Loan Application,1,0.0,0,Low,0.0,0.0,0.0,0.0,Mass,26-35,Home Loan
6695,36f625f1-d3e7-4eaf-a6f3-2e7103a52dec,559,2026-01-08 16:59:47,0,14.0,0.8588,0,Positive,0.5247666666666667,27.0,v2.0,English,Customer Support,1,0.0,0,Low,0.0,0.0,0.0,0.0,Premium,46-55,Auto Loan
3756,02aab2ee-19b9-4f63-849c-d60aea04d90f,940,2026-01-08 18:19:36,0,1.0,0.7635666666666667,1,Neutral,0.1557666666666667,37.0,v1.0,English,Insurance Renewal,1,0.0,0,Low,0.0,0.0,0.0,0.0,Mass,26-35,Personal Loan
8541,3dc0fb51-9487-488a-aa4a-512f7ddd0e7c,1532,2026-01-08 19:24:29,1,4.0,0.8049,0,Neutral,0.17856666666666668,39.0,v2.0,English,Insurance Renewal,1,10.0,1-30,Low,12672.74,0.0,0.0,0.0,Premium,46-55,Credit Card
6041,c4c8a1ea-a6df-4881-9ae4-c0cfefc50866,975,2026-01-09 08:24:06,1,3.0,0.4738,2,Negative,-0.3181333333333333,30.0,v1.0,Hindi,Customer Support,1,0.0,0,Low,0.0,1.0,0.0,1.0,Mass,26-35,Home Loan
4619,7f6dadf8-147a-4ae0-9493-23d756d73656,1971,2026-01-09 08:24:45,0,11.0,0.7857333333333333,0,Positive,0.3925,36.0,v1.0,Tamil,Loan Collections,1,0.0,0,Low,0.0,0.0,0.0,0.0,Premium,46-55,Personal Loan
9791,c6a51d15-5b78-4e27-87eb-821d75dee17c,453,2026-01-09 09:24:32,0,1.0,0.6946,0,Positive,0.36036666666666667,41.0,v1.0,English,Payment Reminder,1,0.0,0,Low,0.0,0.0,0.0,0.0,Premium,26-35,Personal Loan
8014,9fd5a8c5-b6e6-4536-abd8-ec8ee1b16c01,402,2026-01-09 10:12:44,0,19.0,0.6448999999999999,0,Neutral,0.1888,34.0,v1.0,English,Loan Collections,1,19.0,1-30,Low,67926.87,0.0,0.0,0.0,High Value,36-45,Credit Card
1258,1cd11d4e-afa9-4dfd-b036-c64e27abd003,662,2026-01-09 11:14:03,0,12.0,0.7862,0,Neutral,-0.01920000000000001,26.0,v1.0,English,Loan Collections,1,0.0,0,Low,0.0,0.0,0.0,0.0,Premium,36-45,Home Loan
1182,1fc07a66-2b51-4bb2-aa25-4895c4b17d1f,283,2026-01-09 11:24:48,1,18.0,0.5488333333333333,2,Negative,-0.2601,40.0,v1.0,Tamil,Lead Qualification,1,0.0,0,Low,0.0,0.0,0.0,0.0,Premium,36-45,Home Loan
28,9d87f6ee-ca6e-4091-9893-e48fae3e1237,1183,2026-01-09 11:57:44,0,7.0,0.7953,0,Neutral,0.19230000000000003,40.0,v1.0,Tamil,Lead Qualification,1,21.0,1-30,Low,33257.68,0.0,0.0,0.0,Premium,46-55,
1642,a9bfd522-a207-42cd-9785-9649b8f405af,1821,2026-01-09 12:23:15,0,7.0,0.9626333333333333,1,Positive,0.5578333333333333,28.0,v2.0,English,Loan Collections,1,0.0,0,Low,0.0,1.0,0.0,0.0,High Value,26-35,Personal Loan
8047,49186e50-1a23-4b78-86e5-1694cc856400,1027,2026-01-09 12:32:09,1,17.0,0.4210666666666667,2,Negative,-0.2758666666666667,38.0,v1.0,Tamil,Customer Support,1,0.0,0,Low,0.0,0.0,0.0,0.0,Mass,56-65,Personal Loan
5521,896d96c0-8a7e-45f3-b7bd-06628c2d47dd,679,2026-01-09 13:01:29,1,13.0,0.7496333333333333,1,Neutral,0.12966666666666668,36.0,v1.0,Telugu,Customer Support,1,33.0,31-60,Medium,39566.17,0.0,0.0,0.0,Mass,36-45,Credit Card
8939,dc330f5d-d258-4dab-b97d-feadc34356ff,615,2026-01-09 13:29:21,0,2.0,0.6583333333333333,0,Neutral,0.032766666666666666,28.0,v1.0,English,Loan Application,1,0.0,0,Low,0.0,0.0,0.0,0.0,High Value,36-45,Home Loan
3893,41ee7d1d-704a-4b14-805c-030a0371b2ec,78,2026-01-09 13:40:48,1,13.0,0.5068666666666667,1,Negative,-0.12046666666666667,46.0,v1.0,Telugu,Loan Application,1,63.0,61-90,High,29765.13,0.0,0.0,0.0,Mass,36-45,Personal Loan
6118,40780103-fc0f-4e30-ad4b-5f75cf611132,1393,2026-01-09 14:11:49,0,13.0,0.8553666666666667,0,Neutral,0.3881666666666666,41.0,v1.0,Hindi,Loan Application,1,0.0,0,Low,0.0,0.0,0.0,0.0,High Value,36-45,Personal Loan
7228,25725faa-840c-406e-bd71-e0712e0eca8f,490,2026-01-09 14:19:52,0,10.0,0.6473333333333333,1,Neutral,0.23426666666666665,39.0,v1.0,Hindi,Insurance Renewal,1,82.0,61-90,High,73050.53,2.0,0.0,0.0,Mass,46-55,Credit Card
5305,8035ea3b-eb20-480b-b1a8-5300c3c11096,644,2026-01-09 14:40:20,0,9.0,0.9248333333333333,1,Positive,0.6039333333333333,34.0,v2.0,English,Lead Qualification,1,20.0,1-30,Low,46639.76,0.0,0.0,0.0,Mass,18-25,Personal Loan
9047,91e4477e-e834-423a-9013-fc07abd12a03,1002,2026-01-09 15:06:46,0,19.0,0.7545999999999999,2,Neutral,0.28356666666666663,31.0,v1.0,Telugu,Insurance Renewal,1,0.0,0,Low,0.0,1.0,0.0,0.0,Mass,36-45,Personal Loan
6495,6e9df55e-c240-43c3-be9e-ba75017d517c,1607,2026-01-09 15:49:58,0,1.0,0.8104333333333334,0,Neutral,-0.06766666666666667,29.0,v1.0,English,Payment Reminder,1,0.0,0,Low,0.0,0.0,0.0,0.0,Premium,36-45,Credit Card
210,b41b751b-c13c-4e83-b1a5-c131ec9c9989,1317,2026-01-09 16:26:11,0,14.0,0.5970333333333334,0,Negative,-0.2792,39.0,v1.0,Tamil,Payment Reminder,1,0.0,0,Low,0.0,1.0,1.0,2.0,Mass,26-35,Auto Loan
4470,4b162514-dd28-4003-a5ba-b0b003928235,1630,2026-01-09 16:45:27,1,,0.45813333333333334,3,Neutral,-0.15266666666666667,43.0,v1.0,English,Loan Collections,1,0.0,0,Low,0.0,0.0,0.0,0.0,Mass,36-45,Credit Card
6230,082941c5-ad51-48c7-a6d1-84d054abf1e5,282,2026-01-09 16:58:48,0,7.0,0.6967,0,Neutral,0.021366666666666662,33.0,v1.0,Tamil,Loan Collections,1,37.0,31-60,Medium,38251.27,1.0,0.0,0.0,Mass,36-45,Credit Card
3938,c50517a0-df0f-4b54-8d8c-c228364da1ce,1729,2026-01-09 17:23:12,0,13.0,0.8271333333333333,0,Neutral,0.23246666666666668,43.0,v1.0,English,Payment Reminder,1,0.0,0,Low,0.0,0.0,0.0,0.0,Premium,26-35,Personal Loan
2417,bd3b6535-e2a4-450b-a3c1-53fd063f2872,1612,2026-01-09 18:00:20,0,8.0,0.7339333333333333,0,Neutral,0.23453333333333334,35.0,v1.0,Hindi,Loan Application,1,0.0,0,Low,0.0,1.0,1.0,3.0,Mass,46-55,Home Loan
3775,83546492-eb82-422b-8f4b-582ac130be04,164,2026-01-09 18:32:16,1,6.0,0.6429666666666667,1,Neutral,-0.05363333333333333,46.0,v1.0,Tamil,Loan Collections,1,0.0,0,Low,0.0,0.0,0.0,0.0,Premium,36-45,Personal Loan
5186,c804e44b-c80e-48cd-8656-6dfd3c11e4dd,822,2026-01-09 19:40:49,0,18.0,0.8082333333333334,0,Neutral,0.1609,44.0,v2.0,English,Lead Qualification,1,111.0,90+,High,75892.11,0.0,0.0,0.0,Mass,36-45,Credit Card
7617,1e72a166-f4c4-4099-94a0-230044c4e948,1575,2026-01-10 09:09:35,0,14.0,0.8576,0,Neutral,0.2332,30.0,v2.0,English,Insurance Renewal,1,0.0,0,Low,0.0,0.0,0.0,0.0,Premium,36-45,Credit Card
5730,12886ade-0a39-4711-9d61-cae028bbe50c,1286,2026-01-10 09:24:18,0,2.0,0.8444333333333334,0,Positive,0.4493,36.0,v2.0,English,Customer Support,1,59.0,31-60,Medium,49261.34,0.0,0.0,0.0,Premium,46-55,Personal Loan
432,0598dc21-debf-46e0-b2cc-d9bf2c4e1d35,397,2026-01-10 09:35:55,1,15.0,0.6655000000000001,1,Neutral,0.032466666666666665,37.0,v1.0,Hindi,Loan Application,1,0.0,0,Low,0.0,0.0,0.0,0.0,Mass,36-45,Personal Loan
6915,513fbd70-5ad8-4ce9-9807-b73c45062389,1925,2026-01-10 10:40:03,1,4.0,0.553,2,Neutral,-0.14403333333333332,50.0,v1.0,Telugu,Loan Application,1,4.0,1-30,Low,52672.04,0.0,0.0,0.0,Mass,36-45,Personal Loan
8766,ab675411-f6f5-4c97-9b22-0e137fddae5e,338,2026-01-10 10:58:00,1,11.0,0.9061333333333333,1,Neutral,0.32330000000000003,26.0,v2.0,English,Customer Support,1,39.0,31-60,Medium,37179.66,0.0,0.0,0.0,Wealth,46-55,Credit Card
9946,9c893a25-625c-47b2-8e80-91d5b0a664e8,1665,2026-01-10 11:16:49,0,7.0,0.8973333333333334,0,Positive,0.6629,30.0,v2.0,English,Loan Application,1,32.0,31-60,Medium,53545.94,0.0,0.0,0.0,Premium,26-35,Credit Card
8442,98ffdf46-e5f3-4399-b37c-2b5b5c14c330,1486,2026-01-10 11:17:26,1,11.0,0.3700666666666666,2,Negative,-0.6917,20.0,v1.0,English,Payment Reminder,1,89.0,61-90,High,55694.73,0.0,0.0,0.0,High Value,56-65,Personal Loan
9858,5c796f35-c8a1-4cce-81f1-821ee9a53d3f,1954,2026-01-10 12:15:39,1,13.0,0.37043333333333334,2,Negative,-0.2848,37.0,v1.0,Telugu,Payment Reminder,1,0.0,0,Low,0.0,0.0,0.0,0.0,Mass,18-25,Personal Loan
6921,9c7a93bf-eb1e-4ba4-a500-6dc9009d0092,1196,2026-01-10 14:13:51,1,17.0,0.3406,1,Neutral,-0.2714,48.0,v1.0,Tamil,Loan Application,1,0.0,0,Low,0.0,0.0,0.0,0.0,Mass,36-45,Home Loan
757,8a34e4f1-b534-403f-94f4-bd2235f404d2,288,2026-01-10 14:36:04,0,2.0,0.6518,0,Positive,0.3081333333333333,33.0,v1.0,Hindi,Insurance Renewal,1,0.0,0,Low,0.0,0.0,0.0,0.0,Premium,18-25,Credit Card
7136,3f13ebd1-914e-4a36-b299-93e11d6ae2c9,1262,2026-01-10 16:22:37,0,9.0,0.9060666666666667,0,Positive,0.5953666666666667,30.0,v2.0,English,Loan Collections,1,0.0,0,Low,0.0,0.0,0.0,0.0,Mass,18-25,Credit Card
8889,9c31c67c-4533-41a7-93e9-593ca7b6d2fb,473,2026-01-10 16:28:15,1,17.0,0.4062666666666666,1,Negative,-0.4719333333333333,25.0,v1.0,Tamil,Loan Application,2,0.0,0,Low,0.0,1.0,0.0,0.0,Mass,26-35,Credit Card
4074,fc113b23-6a32-4218-8ae1-fe649ec26a26,1658,2026-01-10 16:54:21,0,10.0,0.7801,0,Positive,0.33770000000000006,34.0,v1.0,Telugu,Loan Application,1,0.0,0,Low,0.0,0.0,0.0,0.0,Premium,26-35,Credit Card
3497,6c7ae198-9d07-4fcc-a5a3-4fa6c67c262d,926,2026-01-10 17:07:33,1,18.0,0.6533666666666668,2,Neutral,0.0609,40.0,v1.0,Hindi,Loan Collections,1,0.0,0,Low,0.0,0.0,0.0,0.0,Mass,36-45,Credit Card
1764,2022585f-d29a-4788-93ee-ed254c26459a,1697,2026-01-10 17:09:28,0,2.0,0.5421666666666667,1,Neutral,-0.16793333333333335,40.0,v1.0,Tamil,Lead Qualification,1,21.0,1-30,Low,39814.0,0.0,0.0,0.0,Premium,36-45,Auto Loan
6276,7627498b-fe52-4fca-b3fa-59d1543f519d,1192,2026-01-10 18:59:41,0,10.0,0.9515333333333333,0,Positive,0.6526666666666666,37.0,v2.0,English,Customer Support,1,0.0,0,Low,0.0,0.0,0.0,0.0,Mass,46-55,Home Loan
8687,b72e40b9-a5b6-4f1e-bf44-e4bf3741cdb1,1280,2026-01-10 19:44:16,0,18.0,0.9085666666666666,1,Neutral,0.37333333333333335,28.0,v2.0,English,Loan Collections,1,0.0,0,Low,0.0,1.0,0.0,0.0,Mass,26-35,Home Loan
7964,c3b3f978-f231-4609-aa68-fc90dff1e0ad,1492,2026-01-11 08:13:57,0,7.0,0.8170999999999999,0,Neutral,0.15903333333333333,39.0,v1.0,Telugu,Customer Support,1,0.0,0,Low,0.0,0.0,0.0,0.0,Wealth,26-35,Home Loan
99,61cf1ba1-389e-4212-bed6-97af01900736,1064,2026-01-11 10:18:13,1,1.0,0.47703333333333336,1,Neutral,-0.3547,41.0,v1.0,English,Loan Collections,1,104.0,90+,High,17745.61,0.0,0.0,0.0,Mass,36-45,Personal Loan
8355,e1d9fa71-9f1b-49ba-b3b4-03e12550a9d4,802,2026-01-11 10:38:38,0,19.0,0.7356333333333334,0,Neutral,0.13026666666666667,39.0,v1.0,English,Loan Collections,1,0.0,0,Low,0.0,0.0,0.0,0.0,Mass,36-45,Credit Card
1568,cdfa069b-cdeb-459a-aa16-8262f729785f,855,2026-01-11 10:57:56,0,10.0,0.8385000000000001,0,Positive,0.18346666666666667,40.0,v1.0,Hindi,Customer Support,1,0.0,0,Low,0.0,0.0,0.0,0.0,Mass,18-25,Credit Card
1761,c64861bb-9f69-41cb-a1e9-47095e1a0d88,628,2026-01-11 11:38:48,0,10.0,0.8868,1,Neutral,0.38256666666666667,26.0,v1.1,English,Loan Collections,1,0.0,0,Low,0.0,0.0,0.0,0.0,Premium,36-45,Credit Card
4733,5ec41b6a-7f22-49c0-acdf-77fe5debfdf8,525,2026-01-11 11:40:28,1,,0.21143333333333336,3,Negative,-0.7322000000000001,20.0,v1.0,Tamil,Lead Qualification,2,105.0,90+,High,73651.95,1.0,0.0,0.0,Mass,26-35,Credit Card
3659,1a4516d5-f55e-49e8-9d46-ccf967b2632d,374,2026-01-11 12:01:39,1,1.0,0.5087666666666667,2,Neutral,0.14726666666666666,21.0,v1.0,Hindi,Loan Collections,1,95.0,90+,High,46606.29,0.0,0.0,0.0,Premium,36-45,Credit Card
5923,3fa4c4fe-390a-47a1-8c55-711e5e31190a,1403,2026-01-11 12:07:01,0,3.0,0.4063333333333334,1,Neutral,-0.24606666666666666,31.0,v1.0,Telugu,Insurance Renewal,1,0.0,0,Low,0.0,1.0,0.0,0.0,Mass,26-35,
8780,768172d3-7fe4-48c6-9973-41315dc7ec0f,292,2026-01-11 12:41:41,0,16.0,0.9090000000000001,1,Positive,0.47936666666666666,34.0,v2.0,English,Loan Collections,1,0.0,0,Low,0.0,0.0,0.0,0.0,Mass,18-25,Home Loan
7103,e059766b-8eda-468d-a6df-876b61ad1757,1294,2026-01-11 13:21:22,0,7.0,0.9361,0,Positive,0.43579999999999997,27.0,v2.0,English,Lead Qualification,1,46.0,31-60,Medium,40165.33,0.0,0.0,0.0,Premium,46-55,Personal Loan
7106,ac8c08ae-7c11-4f32-abaf-4347c1a278f0,476,2026-01-11 13:38:20,0,14.0,0.557,1,Neutral,-0.23303333333333334,42.0,v1.0,Telugu,Payment Reminder,1,0.0,0,Low,0.0,1.0,0.0,0.0,Mass,18-25,Auto Loan
6899,097f9dc3-8567-44bd-b100-79a8d80df3a9,277,2026-01-11 13:41:58,1,17.0,0.28936666666666666,1,Neutral,-0.08683333333333333,33.0,v1.0,Telugu,Customer Support,1,0.0,0,Low,0.0,0.0,0.0,0.0,Mass,18-25,Personal Loan
7052,432746ae-a208-42b5-a932-2c64df856576,1815,2026-01-11 13:46:09,1,3.0,0.5820666666666666,1,Negative,0.08280000000000003,22.0,v1.1,English,Customer Support,1,13.0,1-30,Low,3708.22,0.0,0.0,0.0,High Value,46-55,Home Loan
1476,b2a232a6-7c4a-4474-8de2-345171dcc755,1122,2026-01-11 14:57:21,0,15.0,0.7789999999999999,1,Neutral,0.22686666666666666,34.0,v2.0,English,Insurance Renewal,1,0.0,0,Low,0.0,0.0,0.0,0.0,Mass,36-45,Personal Loan
6166,ec86745a-19ed-44fe-88ff-e9f7a31796c9,1728,2026-01-11 15:23:23,0,6.0,0.5061333333333333,1,Neutral,-0.0023666666666666745,23.0,v1.0,Tamil,Loan Application,1,0.0,0,Low,0.0,1.0,0.0,0.0,Mass,36-45,Personal Loan
5529,8c0a7ed8-1d99-4b88-a009-8c5ae03ac8a1,1766,2026-01-11 15:48:20,0,10.0,0.8014,1,Positive,0.34299999999999997,19.0,v1.0,Hindi,Customer Support,1,0.0,0,Low,0.0,0.0,0.0,0.0,Wealth,36-45,Credit Card
2050,555b3bfc-6645-488b-8bf4-dc77f60f7d8c,1134,2026-01-11 15:49:14,1,18.0,0.5484999999999999,1,Neutral,-0.10223333333333333,27.0,v1.0,Telugu,Lead Qualification,1,0.0,0,Low,0.0,2.0,2.0,5.0,Mass,36-45,Credit Card
271,4d9f5dc0-b41d-488d-be0b-718bb76fedc3,217,2026-01-11 16:00:02,0,11.0,0.7008666666666666,1,Positive,0.3095666666666667,46.0,v1.0,Telugu,Loan Collections,1,33.0,31-60,Medium,57506.57,0.0,0.0,0.0,Wealth,18-25,Credit Card
3662,3776f646-9bbd-4b2b-9f05-8b3cce09e522,1533,2026-01-11 16:13:36,1,3.0,0.5021666666666667,2,Negative,-0.23233333333333336,26.0,v1.0,Hindi,Insurance Renewal,1,0.0,0,Low,0.0,0.0,0.0,0.0,Mass,36-45,Home Loan
4716,ffbec3e5-f0c8-467c-a7e2-7b7219bb808a,482,2026-01-11 16:39:24,0,9.0,0.6978333333333334,0,Positive,0.23063333333333333,43.0,v1.0,Telugu,Insurance Renewal,1,0.0,0,Low,0.0,0.0,0.0,0.0,Premium,26-35,Credit Card
5995,98ec3c8b-046d-400a-920e-2679753ca508,1820,2026-01-11 16:40:10,1,6.0,0.40430000000000005,2,Negative,-0.26053333333333334,27.0,v1.0,Telugu,Insurance Renewal,1,0.0,0,Low,0.0,0.0,0.0,0.0,Mass,46-55,Personal Loan
1788,bbd1de2c-7fd6-4cba-8c00-e44a43558952,1413,2026-01-11 16:51:40,1,10.0,0.3690333333333333,2,Negative,-0.3549,39.0,v1.0,English,Payment Reminder,1,107.0,90+,High,70960.64,0.0,0.0,0.0,Mass,26-35,Credit Card
8494,7a1c27cd-840b-438a-8c73-fd51114a1b32,1889,2026-01-11 16:59:46,0,10.0,0.8725333333333333,1,Positive,0.5583,23.0,v2.0,English,Loan Application,1,60.0,31-60,Medium,31575.64,0.0,0.0,0.0,Mass,56-65,
7039,582fed76-e04b-474c-ab5d-b9cd2f371ed5,1673,2026-01-11 17:33:36,1,9.0,0.3373333333333333,1,Neutral,-0.4247666666666667,43.0,v1.0,English,Loan Collections,1,66.0,61-90,High,64456.81,0.0,0.0,0.0,Wealth,26-35,Credit Card
857,a7900717-7ee9-441b-aff8-ee33a2d2a401,699,2026-01-11 18:26:06,0,13.0,0.6895333333333333,1,Neutral,0.13786666666666667,35.0,v1.0,English,Loan Collections,1,0.0,0,Low,0.0,0.0,0.0,0.0,High Value,26-35,Home Loan
7127,d9737e07-e318-44df-85b4-027944a28ea0,766,2026-01-11 18:55:50,1,,0.32463333333333333,3,Negative,-0.4412666666666667,37.0,v1.0,English,Payment Reminder,1,23.0,1-30,Low,16298.73,0.0,0.0,0.0,High Value,36-45,Personal Loan
4469,3428b892-1efd-40b2-9c7b-5b91bcf78571,585,2026-01-11 18:59:01,0,11.0,0.9415,0,Positive,0.6867,41.0,v2.0,English,Insurance Renewal,1,0.0,0,Low,0.0,1.0,1.0,2.0,Premium,36-45,Credit Card
8193,25a7f2ba-5607-4a93-a06f-4c136e6564a4,1689,2026-01-11 19:13:48,0,2.0,0.8288666666666668,0,Neutral,0.05399999999999999,33.0,v1.0,Hindi,Insurance Renewal,1,0.0,0,Low,0.0,0.0,0.0,0.0,Mass,26-35,Home Loan
5441,5ea24943-3b5e-4569-b538-92238711e863,279,2026-01-11 19:45:38,0,14.0,0.8170333333333334,1,Positive,0.22633333333333336,34.0,v1.1,English,Lead Qualification,1,0.0,0,Low,0.0,1.0,0.0,2.0,Mass,56-65,Personal Loan
1744,2184428c-b305-42ba-997e-7285d98c77f8,1511,2026-01-12 08:44:40,1,4.0,0.29423333333333335,2,Neutral,-0.17213333333333333,41.0,v1.0,English,Lead Qualification,1,76.0,61-90,High,56650.69,0.0,0.0,0.0,Premium,56-65,Credit Card
9467,8a8b31d4-ef91-4162-98a2-8afb76742b79,1611,2026-01-12 09:00:13,0,8.0,0.7738,0,Neutral,0.29729999999999995,22.0,v2.0,English,Loan Collections,1,35.0,31-60,Medium,50695.77,0.0,0.0,0.0,Mass,56-65,
7459,3d71589c-8563-4ada-9746-8e7a905806a8,1219,2026-01-12 09:47:34,0,11.0,0.8349333333333333,0,Positive,0.5583666666666667,35.0,v1.0,Telugu,Loan Collections,1,0.0,0,Low,0.0,0.0,0.0,0.0,High Value,36-45,Credit Card
2096,2db515c9-d1f6-40cd-bde7-2b9086b4ded0,1587,2026-01-12 11:00:34,0,15.0,0.5792,0,Negative,-0.3740666666666666,34.0,v1.0,Tamil,Loan Application,1,0.0,0,Low,0.0,0.0,0.0,0.0,Mass,36-45,Credit Card
1516,faff2bdd-0090-4f25-a63c-921a1e9dd2f7,72,2026-01-12 11:28:00,1,18.0,0.6441333333333333,2,Positive,0.3238666666666667,33.0,v1.0,Telugu,Customer Support,1,0.0,0,Low,0.0,0.0,0.0,0.0,Mass,36-45,Personal Loan
734,f616644c-51ce-4ffe-9da6-af5c4ebea606,599,2026-01-12 14:32:04,0,1.0,0.8816999999999999,0,Positive,0.4567666666666666,40.0,v1.0,Hindi,Loan Application,1,0.0,0,Low,0.0,0.0,0.0,0.0,Mass,18-25,Home Loan
7139,6b6d9eaa-0ea8-4530-826f-6e21d4a9cc35,638,2026-01-12 16:54:26,0,8.0,0.775,0,Neutral,0.006366666666666669,36.0,v1.0,Telugu,Loan Collections,1,2.0,1-30,Low,52646.53,0.0,0.0,0.0,Premium,36-45,Home Loan
5594,be056af8-8206-4bad-b37b-7d0fcf2d33a6,659,2026-01-12 18:09:59,1,,0.32603333333333334,3,Negative,-0.3893333333333333,33.0,v1.0,Hindi,Insurance Renewal,1,46.0,31-60,Medium,46460.13,1.0,0.0,0.0,Mass,26-35,Credit Card
4548,ac2985bc-8a56-40e8-93ca-5b5cee763546,654,2026-01-12 18:38:25,0,12.0,0.5901333333333333,1,Neutral,0.11976666666666667,30.0,v1.0,Telugu,Customer Support,1,14.0,1-30,Low,33631.36,0.0,0.0,0.0,Mass,46-55,Personal Loan
4063,a0f3cb33-3530-4dca-a4dd-5afcb523ea0b,1596,2026-01-12 19:08:27,1,17.0,0.4553,0,Neutral,-0.32153333333333334,30.0,v1.0,Telugu,Payment Reminder,1,0.0,0,Low,0.0,0.0,0.0,0.0,High Value,26-35,Credit Card
1528,fc9a78de-2085-43c0-a440-5e80e010969d,1386,2026-01-12 19:44:59,1,15.0,0.3546,2,Negative,-0.305,37.0,v1.0,English,Lead Qualification,1,35.0,31-60,Medium,59867.83,0.0,0.0,0.0,Premium,26-35,Credit Card
5137,ccabeedd-af14-4e04-9557-1db6ba2e2fe5,1581,2026-01-13 08:04:18,0,19.0,0.6778000000000001,0,Negative,-0.12903333333333333,41.0,v1.1,English,Loan Collections,1,95.0,90+,High,35762.77,1.0,0.0,0.0,Premium,18-25,Credit Card
3215,a95f220e-727c-49a6-9b70-0706ee4481a4,1749,2026-01-13 08:22:15,0,19.0,0.8020666666666667,1,Neutral,0.3731,32.0,v1.0,Hindi,Customer Support,1,0.0,0,Low,0.0,0.0,0.0,0.0,Mass,26-35,Personal Loan
436,421c469f-e892-4898-a199-fddea51824aa,1266,2026-01-13 09:05:16,0,8.0,0.8923333333333333,1,Positive,0.7528666666666667,34.0,v2.0,English,Payment Reminder,1,0.0,0,Low,0.0,0.0,0.0,0.0,Mass,46-55,Personal Loan
2257,1976adc3-003f-4119-a5fa-78baafbebdbd,1452,2026-01-13 09:10:44,0,9.0,0.8601333333333333,0,Positive,0.22816666666666666,39.0,v1.0,English,Lead Qualification,1,0.0,0,Low,0.0,0.0,0.0,0.0,Premium,46-55,Credit Card
506,179188eb-5195-4599-b290-a124e07d8f0c,1788,2026-01-13 09:57:39,0,5.0,0.8033666666666667,1,Positive,0.3866,27.0,v1.0,Tamil,Loan Collections,1,0.0,0,Low,0.0,0.0,0.0,0.0,Mass,18-25,Credit Card
7116,04902511-0e50-4ec7-b250-5569cbacf6b0,1921,2026-01-13 09:58:54,0,8.0,0.5913333333333334,1,Neutral,0.19133333333333333,43.0,v1.0,Hindi,Insurance Renewal,1,29.0,1-30,Low,55377.06,0.0,0.0,0.0,Mass,36-45,Personal Loan
8726,60d0a167-c71e-4f50-ba39-20334fa2adf8,1912,2026-01-13 10:00:57,0,4.0,0.6186666666666667,0,Neutral,0.03493333333333334,33.0,v1.0,Hindi,Customer Support,1,0.0,0,Low,0.0,0.0,0.0,0.0,Mass,36-45,Credit Card
8133,a596c3ba-34ec-4b62-853d-a751c2ef33dc,1046,2026-01-13 10:20:20,0,2.0,0.8009,1,Positive,0.3676,45.0,v1.1,English,Payment Reminder,1,0.0,0,Low,0.0,2.0,0.0,0.0,Mass,46-55,Personal Loan
2729,14609ba6-800e-4e9a-8b5c-b370baf3dc8e,1880,2026-01-13 10:34:25,0,13.0,0.9155666666666668,0,Positive,0.5595666666666667,29.0,v2.0,English,Loan Collections,2,0.0,0,Low,0.0,1.0,0.0,0.0,Premium,46-55,Credit Card
5838,6d177385-2db6-4d3b-a117-c74b978f504e,471,2026-01-13 11:40:18,0,16.0,0.8357666666666667,0,Positive,0.49443333333333334,43.0,v1.1,English,Loan Application,1,0.0,0,Low,0.0,0.0,0.0,0.0,Mass,46-55,
1457,174ff216-3d8b-4438-b9d4-4fd06469de9f,1151,2026-01-13 11:49:11,1,14.0,0.5995666666666667,2,Neutral,-0.0022333333333333324,27.0,v1.0,Telugu,Lead Qualification,1,81.0,61-90,High,29171.75,0.0,0.0,0.0,Mass,36-45,Personal Loan
7210,0d64d7df-2f7c-454a-899d-053284a22e50,982,2026-01-13 11:56:45,0,16.0,0.8761333333333333,0,Positive,0.4580666666666667,32.0,v1.0,Hindi,Customer Support,1,0.0,0,Low,0.0,0.0,0.0,0.0,Mass,18-25,Credit Card
2287,51dcebdb-8282-4346-b093-e689d247ff52,681,2026-01-13 12:11:30,0,12.0,0.8726666666666666,0,Neutral,0.5276333333333333,36.0,v2.0,English,Lead Qualification,1,1.0,1-30,Low,49422.94,1.0,0.0,0.0,Mass,46-55,Auto Loan
8175,4fdad790-ec38-4645-822e-8998c47d5d81,536,2026-01-13 12:38:45,0,8.0,0.6920333333333333,1,Positive,0.28986666666666666,39.0,v1.0,English,Insurance Renewal,1,0.0,0,Low,0.0,0.0,0.0,0.0,Premium,46-55,Credit Card
4089,c743d9df-23ae-43bf-892d-6eca6aa8558c,1333,2026-01-13 13:33:11,1,16.0,0.5699666666666667,2,Neutral,-0.127,39.0,v1.0,English,Loan Collections,1,43.0,31-60,Medium,52572.97,0.0,0.0,0.0,Mass,46-55,Personal Loan
5928,23ecb6ff-5e8a-4298-8039-785166844e98,1437,2026-01-13 13:42:41,1,6.0,0.48036666666666666,1,Neutral,-0.15183333333333335,26.0,v1.0,Tamil,Lead Qualification,1,119.0,90+,High,87004.16,1.0,1.0,4.0,Mass,18-25,Credit Card
153,816dbb94-d8e6-4495-bf0f-7dec91f1730b,1998,2026-01-13 14:02:43,0,1.0,0.9156,0,Positive,0.5588333333333333,38.0,v2.0,English,Insurance Renewal,1,32.0,31-60,Medium,36346.98,0.0,0.0,0.0,Premium,36-45,Credit Card
5465,1cb1642a-3727-428b-b8ab-81f91e5cfda7,483,2026-01-13 14:56:45,0,19.0,0.7947000000000001,1,Positive,0.4239,39.0,v1.1,English,Loan Collections,1,36.0,31-60,Medium,9017.88,0.0,0.0,0.0,Mass,36-45,Personal Loan
7166,55c619a5-78f9-4ff6-ba42-0cbd86f3a40f,317,2026-01-13 14:57:20,0,5.0,0.8555,0,Positive,0.4273,44.0,v1.0,Hindi,Loan Collections,1,0.0,0,Low,0.0,0.0,0.0,0.0,Wealth,18-25,Personal Loan
9196,f527fb68-003b-47a2-9d75-1cb501518891,1025,2026-01-13 15:29:53,0,7.0,0.9525,0,Positive,0.6828,30.0,v2.0,English,Customer Support,1,0.0,0,Low,0.0,1.0,1.0,3.0,Premium,56-65,Personal Loan
3453,7210b0a9-2ec8-4d44-8968-1e7eccb40080,2000,2026-01-13 17:00:24,0,7.0,0.8403333333333333,0,Positive,0.3477333333333334,34.0,v1.0,Tamil,Loan Application,2,0.0,0,Low,0.0,1.0,1.0,3.0,Wealth,36-45,Credit Card
3406,d601ab49-dce0-4554-97d6-132485de605f,549,2026-01-13 18:10:02,1,19.0,0.7296666666666667,1,Neutral,0.10266666666666667,29.0,v1.0,English,Customer Support,1,0.0,0,Low,0.0,0.0,0.0,0.0,Premium,36-45,Credit Card
8145,c4d8c56d-a270-4920-bfb2-fc24934f1513,1046,2026-01-13 18:58:01,0,1.0,0.8101666666666666,2,Neutral,0.1371,28.0,v1.0,English,Insurance Renewal,1,0.0,0,Low,0.0,3.0,0.0,1.0,Mass,46-55,Personal Loan
2634,a8f8b5b0-f52c-4595-bcd8-907ae6f3ab59,1553,2026-01-13 19:08:42,0,1.0,0.6510333333333334,1,Positive,0.3696,30.0,v1.0,English,Lead Qualification,1,45.0,31-60,Medium,52330.34,1.0,1.0,4.0,Mass,36-45,Personal Loan
6388,dd02cc7a-e123-445d-b6f8-f5a9a48e0bcd,1739,2026-01-14 09:06:16,0,8.0,0.6706,1,Positive,0.11156666666666666,30.0,v1.0,Telugu,Loan Collections,1,0.0,0,Low,0.0,1.0,0.0,1.0,Mass,18-25,Personal Loan
5332,40caab24-8011-40ed-ae11-d4c0a240a2f0,1209,2026-01-14 09:09:01,0,8.0,0.8989666666666666,1,Positive,0.5438,46.0,v2.0,English,Customer Support,1,0.0,0,Low,0.0,0.0,0.0,0.0,High Value,46-55,Credit Card
1762,05915bd8-fc3a-44e0-abcd-e1a1b0a40e54,1176,2026-01-14 09:47:58,0,2.0,0.8093333333333333,1,Neutral,0.3508,37.0,v1.1,English,Payment Reminder,1,0.0,0,Low,0.0,0.0,0.0,0.0,Mass,46-55,Personal Loan
1724,1464a3b9-2c34-4704-a4e7-14c2556c0b0d,1350,2026-01-14 09:56:18,1,4.0,0.5992333333333334,1,Negative,-0.3571666666666667,30.0,v1.0,Tamil,Loan Collections,1,0.0,0,Low,0.0,0.0,0.0,0.0,Premium,65+,Personal Loan
3697,3ab835e5-1409-4061-ab2c-01d4341b5c5f,146,2026-01-14 10:05:45,1,4.0,0.5748333333333333,1,Neutral,-0.28933333333333333,33.0,v1.0,Tamil,Lead Qualification,1,27.0,1-30,Low,33203.06,0.0,0.0,0.0,High Value,36-45,Personal Loan
7998,e0b192ca-f068-40b5-b4e1-9c0c85c82a3f,1729,2026-01-14 10:23:35,0,10.0,0.8025666666666668,1,Neutral,0.44816666666666666,36.0,v1.0,Telugu,Loan Collections,1,0.0,0,Low,0.0,1.0,0.0,0.0,Premium,26-35,Personal Loan
1845,afaff540-c803-44ab-bf57-d8a09c5e705e,211,2026-01-14 11:41:00,1,9.0,0.7726000000000001,1,Neutral,0.3087666666666667,33.0,v2.0,English,Customer Support,1,79.0,61-90,High,50472.93,0.0,0.0,0.0,Mass,46-55,Auto Loan
3695,1fde6231-783d-4808-ad8f-89620454c159,405,2026-01-14 12:03:00,0,5.0,0.8473333333333333,1,Positive,0.5793333333333334,41.0,v2.0,English,Loan Collections,1,67.0,61-90,High,47705.6,0.0,0.0,0.0,Wealth,56-65,Personal Loan
2595,11fdd14a-4c7e-4cdb-9460-ce739716312d,1253,2026-01-14 12:42:56,0,7.0,0.9044333333333333,1,Positive,0.6122333333333333,34.0,v1.1,English,Loan Application,1,0.0,0,Low,0.0,0.0,0.0,0.0,Mass,36-45,
892,b9423dee-f860-40f6-8b5e-b715b5d33fa1,1240,2026-01-14 13:09:15,1,11.0,0.8109666666666667,1,Positive,0.40126666666666666,39.0,v1.0,English,Payment Reminder,1,0.0,0,Low,0.0,0.0,0.0,0.0,Mass,36-45,Credit Card
3787,70432828-2de9-41be-acb4-ab9619211289,183,2026-01-14 13:18:01,0,19.0,0.6840333333333333,1,Positive,0.09293333333333335,26.0,v1.0,Telugu,Lead Qualification,1,22.0,1-30,Low,51796.11,0.0,0.0,0.0,Mass,46-55,Home Loan
4550,65665573-31b6-4a0d-bcbd-7320d860732f,153,2026-01-14 13:49:15,0,10.0,0.8653,0,Neutral,0.2294333333333333,39.0,v1.0,English,Loan Application,2,0.0,0,Low,0.0,1.0,1.0,2.0,Wealth,18-25,Home Loan
3781,858c3a37-d549-4828-8c67-a22147db0d73,104,2026-01-14 14:28:34,0,10.0,0.8298666666666668,0,Neutral,0.4085666666666667,27.0,v1.0,Telugu,Customer Support,1,0.0,0,Low,0.0,1.0,0.0,0.0,Mass,26-35,Personal Loan
7556,6045c8da-89d2-4319-bec1-e2e64eb67041,1426,2026-01-14 15:42:06,0,11.0,0.8249000000000001,0,Positive,0.4364333333333334,42.0,v1.0,Telugu,Loan Collections,1,0.0,0,Low,0.0,0.0,0.0,0.0,Mass,36-45,Personal Loan
8956,d56e08c2-102b-4c17-b29b-e0c7bebd13d4,1886,2026-01-14 15:46:40,1,8.0,0.8777333333333334,2,Positive,0.5130666666666667,34.0,v2.0,English,Customer Support,1,0.0,0,Low,0.0,0.0,0.0,0.0,High Value,18-25,Auto Loan
1776,12dea33f-745d-4a79-990b-9c3072dc866c,1704,2026-01-14 16:48:52,0,1.0,0.8330333333333333,1,Neutral,0.2607333333333333,44.0,v1.0,Telugu,Loan Collections,1,17.0,1-30,Low,56601.38,1.0,1.0,4.0,Mass,26-35,Credit Card
8802,5a339593-7e04-405a-8e3c-30928660e194,698,2026-01-14 17:13:22,1,4.0,0.5783666666666666,1,Neutral,-0.033899999999999986,38.0,v1.0,Telugu,Insurance Renewal,1,0.0,0,Low,0.0,0.0,0.0,0.0,Premium,46-55,Credit Card
2905,cbaa8d16-a43d-4c13-b4a3-e2c8d17c4554,1039,2026-01-14 17:23:49,0,15.0,0.5524,1,Negative,-0.2651,43.0,v1.0,Tamil,Loan Collections,1,0.0,0,Low,0.0,1.0,0.0,1.0,Premium,65+,Credit Card
7915,3167c7e0-088d-4bbc-bb47-97942e4135eb,1899,2026-01-14 18:17:07,1,15.0,0.29423333333333335,2,Neutral,-0.42343333333333333,33.0,v1.0,Telugu,Insurance Renewal,1,63.0,61-90,High,93075.79,0.0,0.0,0.0,Mass,26-35,Credit Card
959,ad5768e3-564e-4522-aad4-a035837ca903,248,2026-01-14 18:44:09,0,18.0,0.7428,1,Neutral,0.3062333333333333,27.0,v1.1,English,Loan Collections,1,4.0,1-30,Low,77345.08,0.0,0.0,0.0,Premium,36-45,Credit Card
7101,f0360ebd-6972-4878-ba04-6e1eedc14d65,952,2026-01-14 18:52:55,0,5.0,0.6734,1,Positive,0.09126666666666668,44.0,v1.1,English,Loan Collections,1,115.0,90+,High,16580.02,0.0,0.0,0.0,High Value,46-55,Home Loan
3541,fb892146-e551-4931-96d6-420a67b46807,422,2026-01-14 18:58:57,1,4.0,0.35613333333333336,2,Neutral,-0.04930000000000001,32.0,v1.0,Tamil,Lead Qualification,1,48.0,31-60,Medium,54274.01,1.0,0.0,1.0,Mass,36-45,Personal Loan
9430,358fde98-741d-437b-86ff-4f1c64c85eb7,847,2026-01-14 19:06:56,0,11.0,0.5070333333333333,0,Negative,-0.34273333333333333,34.0,v1.0,Telugu,Loan Application,1,0.0,0,Low,0.0,0.0,0.0,0.0,Mass,46-55,
2534,0340dbea-36aa-4c71-8ac6-e24c33293ad9,168,2026-01-15 08:34:19,0,8.0,0.777,0,Neutral,0.045500000000000006,38.0,v1.0,Tamil,Loan Collections,1,0.0,0,Low,0.0,0.0,0.0,0.0,High Value,26-35,Credit Card
953,a44e5828-ef39-42cb-ab32-3e5cc86fe67d,1668,2026-01-15 08:55:50,0,5.0,0.9148666666666667,0,Positive,0.5566666666666666,29.0,v1.1,English,Loan Collections,1,0.0,0,Low,0.0,0.0,0.0,0.0,Mass,26-35,Personal Loan
9688,cb67de6d-39a8-4bf0-a4f4-c7cd151af7b8,1927,2026-01-15 08:58:11,0,9.0,0.926,1,Positive,0.5478666666666666,33.0,v2.0,English,Loan Application,1,3.0,1-30,Low,36908.24,0.0,0.0,0.0,Mass,46-55,Personal Loan
213,20ddee39-450e-42fd-b167-1ee62592892c,817,2026-01-15 09:32:28,0,5.0,0.9147333333333334,0,Positive,0.6068333333333333,26.0,v1.0,Hindi,Customer Support,1,0.0,0,Low,0.0,0.0,0.0,0.0,Mass,36-45,Personal Loan
7703,3064253e-cb06-49fc-8012-2e863a0f255c,271,2026-01-15 10:39:23,0,7.0,0.8809999999999999,1,Neutral,0.08746666666666665,46.0,v1.1,English,Payment Reminder,1,0.0,0,Low,0.0,0.0,0.0,0.0,Mass,36-45,Credit Card
8330,764c80e5-30b9-4f4c-b054-733fc6c6ba29,1894,2026-01-15 11:51:15,0,7.0,0.7451,1,Positive,0.37883333333333336,28.0,v1.0,Telugu,Customer Support,1,0.0,0,Low,0.0,0.0,0.0,0.0,Premium,46-55,Personal Loan
3348,ad9d5e8f-736c-4d94-9755-a25125f0d1c1,1446,2026-01-15 11:54:54,1,13.0,0.4667333333333333,2,Neutral,-0.2537333333333333,30.0,v1.0,Hindi,Payment Reminder,1,109.0,90+,High,65762.37,0.0,0.0,0.0,Mass,36-45,Credit Card
2369,eb6132bb-b1e7-4da8-aaf5-09eda1ab186c,1197,2026-01-15 12:39:57,0,13.0,0.8079000000000001,1,Positive,0.5243666666666668,34.0,v1.0,Hindi,Customer Support,1,0.0,0,Low,0.0,1.0,1.0,3.0,Mass,26-35,Credit Card
2953,9c3088f2-ff4c-4fb2-9a23-dbd6dd42910b,1064,2026-01-15 13:34:27,0,18.0,0.9219999999999999,0,Positive,0.46576666666666666,45.0,v2.0,English,Payment Reminder,1,0.0,0,Low,0.0,1.0,1.0,2.0,Mass,36-45,Personal Loan
4207,def2eab5-f7bf-440f-bfb1-c444ac8a2242,310,2026-01-15 14:08:36,1,8.0,0.6274666666666667,1,Neutral,-0.03643333333333334,27.0,v2.0,English,Loan Collections,1,75.0,61-90,High,23010.07,0.0,0.0,0.0,High Value,36-45,Credit Card
8682,0d418014-8bde-4a7a-acd1-fae257315136,1953,2026-01-15 15:37:26,1,15.0,0.4527666666666667,0,Negative,-0.3881333333333334,35.0,v1.0,Hindi,Customer Support,1,24.0,1-30,Low,86341.87,0.0,0.0,0.0,Premium,18-25,Credit Card
8380,b5ef710d-4f27-4ff3-a30d-e24e5e026ef3,620,2026-01-15 16:00:25,1,2.0,0.6288333333333332,1,Positive,0.2395333333333333,34.0,v2.0,English,Loan Application,1,68.0,61-90,High,53669.48,0.0,0.0,0.0,Mass,36-45,Personal Loan
1124,b89898ce-2e6d-4ca1-aa5e-d8923cd91e83,1840,2026-01-15 16:52:42,1,10.0,0.4031666666666667,2,Negative,-0.2584666666666667,39.0,v1.0,Tamil,Insurance Renewal,1,0.0,0,Low,0.0,0.0,0.0,0.0,Mass,18-25,Home Loan
9384,d1c4bb2c-c5a4-422e-9289-c0fb4528c2d0,360,2026-01-15 17:13:01,1,16.0,0.6667666666666667,2,Neutral,0.17446666666666666,49.0,v1.1,English,Loan Application,1,68.0,61-90,High,38177.01,0.0,0.0,0.0,High Value,36-45,Credit Card
9972,b8cc0961-baf2-44cb-9e12-20f612147395,851,2026-01-15 17:46:19,1,7.0,0.371,2,Negative,-0.14623333333333333,34.0,v1.0,English,Loan Application,1,55.0,31-60,Medium,29057.66,0.0,0.0,0.0,Mass,36-45,Personal Loan
7320,8dbc9c42-7ba5-49b4-b291-ccb3522ac456,1288,2026-01-15 19:09:50,0,19.0,0.7565333333333334,0,Neutral,0.3494,34.0,v1.0,Tamil,Loan Collections,1,0.0,0,Low,0.0,0.0,0.0,0.0,Mass,36-45,Personal Loan
7525,1410c296-247c-4c52-a0a6-4c3cec5d5866,122,2026-01-15 19:52:50,0,17.0,0.6997666666666666,0,Neutral,-0.17489999999999997,26.0,v1.0,English,Customer Support,1,0.0,0,Low,0.0,0.0,0.0,0.0,Wealth,36-45,Credit Card
9299,a9fdae8e-86c9-46d1-b916-2e15b003af8b,1646,2026-01-16 08:18:26,0,9.0,0.7334666666666667,0,Neutral,0.18273333333333333,24.0,v1.0,Tamil,Payment Reminder,1,58.0,31-60,Medium,11483.51,0.0,0.0,0.0,Mass,46-55,Personal Loan
1895,50f730ef-0073-427e-ae19-fa1bbd85c871,1215,2026-01-16 09:39:53,0,14.0,0.7753333333333333,1,Positive,0.4856,40.0,v2.0,English,Loan Collections,1,0.0,0,Low,0.0,0.0,0.0,0.0,High Value,18-25,Personal Loan
189,5a091211-b604-44e8-8451-09dd30f71cb2,1371,2026-01-16 09:41:38,1,19.0,0.5899,1,Neutral,-0.015833333333333328,34.0,v1.0,Telugu,Payment Reminder,1,79.0,61-90,High,55812.0,0.0,0.0,0.0,Wealth,36-45,Auto Loan
9315,6498ac9b-a3df-45c2-9756-df0ee8ea80a8,1016,2026-01-16 10:03:12,1,4.0,0.6226333333333334,2,Neutral,-0.09293333333333333,41.0,v1.0,Hindi,Loan Application,1,0.0,0,Low,0.0,0.0,0.0,0.0,Mass,46-55,Personal Loan
6497,bd7eae75-7214-4272-b32b-998295c14297,1641,2026-01-16 10:13:05,0,1.0,0.7003,1,Neutral,0.15769999999999998,48.0,v1.0,English,Lead Qualification,1,19.0,1-30,Low,19837.7,0.0,0.0,0.0,Mass,65+,Credit Card
8756,93581f37-18b1-4ce9-8b77-e08be1219acf,964,2026-01-16 10:24:38,1,8.0,0.1724,2,Negative,-0.5141,33.0,v1.0,English,Customer Support,1,107.0,90+,High,56209.93,1.0,0.0,0.0,High Value,18-25,Credit Card
1325,75ae8116-44d7-4cf2-99bb-4e02950942d1,1676,2026-01-16 11:48:39,0,12.0,0.8150666666666666,0,Neutral,0.22953333333333337,31.0,v1.1,English,Loan Application,1,0.0,0,Low,0.0,0.0,0.0,0.0,Premium,46-55,Personal Loan
1732,4f2f2ce0-1eab-4624-8f09-9234ef2ebfaa,2000,2026-01-16 13:02:07,0,9.0,0.7741333333333333,1,Neutral,0.4087,33.0,v1.0,Hindi,Customer Support,1,0.0,0,Low,0.0,2.0,1.0,3.0,Wealth,36-45,Credit Card
7842,7b9df56f-1f5c-48f0-b4fb-7f7293a2780a,1076,2026-01-16 13:20:19,0,6.0,0.7658666666666667,0,Positive,0.41806666666666664,51.0,v1.1,English,Loan Collections,1,0.0,0,Low,0.0,0.0,0.0,0.0,High Value,36-45,
8217,9217c659-03de-4e89-8808-14c4349a61f1,8,2026-01-16 13:45:07,1,,0.3363333333333333,3,Negative,-0.4120333333333333,34.0,v1.0,Telugu,Lead Qualification,1,0.0,0,Low,0.0,2.0,0.0,2.0,Mass,26-35,Personal Loan
8505,b432b629-9234-454b-95fc-4af0ab44e79c,1653,2026-01-16 14:43:32,0,15.0,0.7966333333333333,1,Positive,0.4677,40.0,v2.0,English,Lead Qualification,1,0.0,0,Low,0.0,0.0,0.0,0.0,Mass,46-55,Home Loan
7929,0bfac8c0-2818-4f66-99e8-af7267abc228,92,2026-01-16 14:48:35,0,8.0,0.8893666666666666,0,Positive,0.6008,40.0,v2.0,English,Loan Application,1,0.0,0,Low,0.0,1.0,0.0,0.0,Mass,36-45,Personal Loan
4693,c11666bb-38e5-463b-af24-38f608b3cb7e,615,2026-01-16 15:33:35,1,,0.2513,3,Negative,-0.28753333333333336,54.0,v1.0,English,Insurance Renewal,1,82.0,61-90,High,55226.93,1.0,0.0,1.0,High Value,36-45,Home Loan
2441,833a2b7f-3994-4702-a870-d9e4f455ac78,402,2026-01-16 16:19:50,0,1.0,0.9371666666666667,1,Positive,0.6174,33.0,v1.1,English,Customer Support,1,0.0,0,Low,0.0,1.0,0.0,1.0,High Value,36-45,Credit Card
1640,a8f2cf25-9f55-4e80-8576-9d0a088fae12,271,2026-01-16 16:47:26,0,18.0,0.6359666666666667,1,Neutral,0.13203333333333334,38.0,v1.0,Hindi,Loan Collections,1,0.0,0,Low,0.0,1.0,0.0,1.0,Mass,36-45,Credit Card
842,f24933ac-c44e-4592-b37c-e28b344b717e,492,2026-01-16 17:43:19,0,12.0,0.9074666666666666,1,Positive,0.5059666666666667,37.0,v2.0,English,Payment Reminder,1,0.0,0,Low,0.0,0.0,0.0,0.0,Mass,26-35,Auto Loan
6507,e78f5332-d43e-48dd-b48f-823c144075d5,1790,2026-01-16 18:15:51,1,10.0,0.7172000000000001,2,Positive,0.25356666666666666,26.0,v1.0,Hindi,Loan Collections,1,41.0,31-60,Medium,39698.99,0.0,0.0,0.0,High Value,65+,Credit Card
5324,0b220dac-5336-4ba2-9bd3-8e633f526716,1954,2026-01-16 18:22:50,0,10.0,0.8316333333333333,1,Positive,0.3576333333333333,43.0,v1.0,Tamil,Lead Qualification,2,0.0,0,Low,0.0,2.0,1.0,4.0,Mass,18-25,Personal Loan
4566,2ec77a5d-3863-4443-87f9-3eadc606af04,1366,2026-01-16 18:30:12,0,4.0,0.8055666666666667,1,Positive,0.45103333333333334,33.0,v2.0,English,Loan Collections,1,0.0,0,Low,0.0,2.0,0.0,1.0,High Value,18-25,Auto Loan
421,113a16c1-764f-4a13-a2bc-b71a8ebeab48,1346,2026-01-16 19:05:24,1,1.0,0.8748333333333332,0,Positive,0.2467,34.0,v1.0,Telugu,Loan Collections,1,0.0,0,Low,0.0,0.0,0.0,0.0,Premium,36-45,Auto Loan
2577,53d07f7d-da24-4618-844a-c56b245bf9cc,1080,2026-01-16 19:21:55,0,9.0,0.9417,1,Positive,0.6504666666666666,32.0,v2.0,English,Lead Qualification,1,0.0,0,Low,0.0,0.0,0.0,0.0,Mass,46-55,Personal Loan
7681,8b4150ed-5a1e-4920-878e-4db2fdc23ad3,524,2026-01-16 19:33:29,1,8.0,0.48586666666666667,1,Negative,-0.012300000000000014,48.0,v1.0,Hindi,Lead Qualification,1,52.0,31-60,Medium,44118.76,0.0,0.0,0.0,Premium,46-55,Credit Card
8441,b1f49182-a1c7-4660-98ee-e247c167c629,735,2026-01-16 19:40:22,1,17.0,0.32136666666666663,1,Negative,-0.19816666666666669,20.0,v1.0,Tamil,Loan Application,1,0.0,0,Low,0.0,0.0,0.0,0.0,Mass,18-25,Personal Loan
9680,778a3fa0-c5c2-4b42-8322-499471bcd2d3,1700,2026-01-16 19:41:50,0,10.0,0.7780999999999999,0,Neutral,0.2497666666666667,35.0,v1.0,English,Customer Support,1,0.0,0,Low,0.0,0.0,0.0,0.0,Premium,36-45,Personal Loan
2490,da1d4c39-b008-4f90-b407-8a9767702f23,1750,2026-01-17 08:19:03,0,1.0,0.9007999999999999,0,Positive,0.2374333333333333,24.0,v1.0,Hindi,Loan Collections,2,0.0,0,Low,0.0,1.0,0.0,1.0,Mass,36-45,Personal Loan
1687,ba8c7ecc-2ac7-404a-8da9-f160730cac4a,840,2026-01-17 08:28:39,1,13.0,0.45163333333333333,0,Neutral,-0.12056666666666667,28.0,v1.0,Hindi,Payment Reminder,1,0.0,0,Low,0.0,0.0,0.0,0.0,Premium,46-55,Credit Card
4199,dadf24a3-2920-46ef-82bc-387d38593680,670,2026-01-17 10:25:35,0,5.0,0.8786666666666667,0,Positive,0.3335333333333333,27.0,v1.0,English,Insurance Renewal,1,0.0,0,Low,0.0,1.0,0.0,0.0,Mass,26-35,Personal Loan
3032,19921d21-49c0-438d-a84c-4a4e957cd77e,1459,2026-01-17 11:28:11,0,4.0,0.9521666666666667,0,Positive,0.5744333333333334,41.0,v2.0,English,Loan Collections,1,0.0,0,Low,0.0,0.0,0.0,0.0,Mass,26-35,Personal Loan
4418,98a0940c-e561-44aa-8bd2-0856ebb23166,373,2026-01-17 11:45:17,1,15.0,0.48816666666666664,1,Neutral,-0.13656666666666667,40.0,v1.0,English,Loan Application,1,0.0,0,Low,0.0,2.0,1.0,2.0,Premium,46-55,Personal Loan
6607,c143fd71-1c57-47d2-bfaa-5d49894f468e,1320,2026-01-17 12:06:31,1,15.0,0.49596666666666667,2,Neutral,-0.309,27.0,v1.0,Tamil,Lead Qualification,1,16.0,1-30,Low,42145.43,0.0,0.0,0.0,Premium,18-25,Credit Card
5596,9c2b9bf8-a797-4c14-b700-c354089ac186,626,2026-01-17 12:12:46,0,12.0,0.7433333333333333,0,Neutral,0.2788,42.0,v1.0,Hindi,Insurance Renewal,1,0.0,0,Low,0.0,0.0,0.0,0.0,Mass,26-35,Auto Loan
1030,618db78a-42a9-4728-8634-1b9052445097,753,2026-01-17 14:07:01,0,10.0,0.7972,0,Neutral,0.2957666666666667,42.0,v1.0,English,Loan Collections,1,0.0,0,Low,0.0,1.0,0.0,0.0,Mass,18-25,Personal Loan
9201,78885868-f0d3-45ba-ae17-df6844dec6cc,1854,2026-01-17 14:14:04,1,8.0,0.5963666666666666,1,Negative,-0.2533666666666667,43.0,v1.0,Telugu,Lead Qualification,1,38.0,31-60,Medium,49112.18,0.0,0.0,0.0,Premium,36-45,Credit Card
2475,85824618-c81c-48cb-98a4-993756ec4918,806,2026-01-17 14:32:22,0,18.0,0.9030999999999999,1,Positive,0.5157666666666666,29.0,v1.1,English,Loan Application,1,0.0,0,Low,0.0,1.0,1.0,1.0,Mass,26-35,Auto Loan
8170,6cab2f70-2dd5-4b47-9437-b20c5349146c,207,2026-01-17 15:42:39,1,14.0,0.6194333333333334,1,Neutral,0.13959999999999997,45.0,v2.0,English,Loan Collections,1,59.0,31-60,Medium,33566.42,0.0,0.0,0.0,Mass,26-35,Personal Loan
4615,c7a9e8c5-368a-4c80-85fd-a6c00b06c214,1996,2026-01-17 15:46:18,1,12.0,0.5943999999999999,2,Neutral,0.2003,40.0,v1.0,Telugu,Lead Qualification,1,26.0,1-30,Low,1000.0,1.0,0.0,0.0,Mass,26-35,Personal Loan
4080,1a3745d5-d3d8-4200-b90e-6ead8a535f9e,367,2026-01-17 16:09:19,1,6.0,0.4888333333333333,2,Neutral,-0.12426666666666665,29.0,v1.0,Hindi,Payment Reminder,1,0.0,0,Low,0.0,0.0,0.0,0.0,Premium,46-55,
922,c173f012-9079-42db-82d2-83eb72d6e42a,1638,2026-01-17 16:17:44,0,14.0,0.7568333333333334,0,Neutral,0.19709999999999997,23.0,v1.0,Tamil,Lead Qualification,1,,0,Low,0.0,0.0,0.0,0.0,High Value,56-65,Personal Loan
3296,b058a37b-8bac-49df-b1a8-110bf9ab9304,363,2026-01-17 16:53:15,1,4.0,0.5907333333333332,1,Negative,-0.2462,46.0,v1.0,Tamil,Insurance Renewal,1,0.0,0,Low,0.0,1.0,0.0,0.0,Mass,36-45,Personal Loan
3903,e4c109b7-7367-45de-89aa-62c252b95f35,464,2026-01-17 17:22:53,0,5.0,0.8651,1,Neutral,0.24656666666666668,36.0,v1.0,English,Lead Qualification,1,0.0,0,Low,0.0,0.0,0.0,0.0,Mass,36-45,Personal Loan
1677,24123567-2508-40f4-88db-9251ef42a45a,1021,2026-01-17 17:51:27,0,7.0,0.6981999999999999,2,Neutral,0.16096666666666665,32.0,v1.0,Tamil,Insurance Renewal,1,22.0,1-30,Low,49191.51,0.0,0.0,0.0,Mass,36-45,Credit Card
3470,3232d547-c1b9-456f-800d-d88f0efb5f5c,1631,2026-01-17 18:33:17,1,11.0,0.6566,2,Neutral,0.11243333333333334,41.0,v1.1,English,Loan Collections,1,102.0,90+,High,52712.2,0.0,0.0,0.0,Mass,56-65,Credit Card
1773,98f6783c-5500-4ab0-88c6-fb23bc7b5497,879,2026-01-17 18:58:40,0,10.0,0.8051999999999999,0,Positive,0.3562666666666667,41.0,v1.0,English,Payment Reminder,1,0.0,0,Low,0.0,0.0,0.0,0.0,Wealth,26-35,Auto Loan
2384,74457679-44a7-46c1-bb8f-773f56002f0e,114,2026-01-17 19:10:12,1,11.0,0.4513,2,Neutral,-0.11103333333333333,24.0,v1.0,Tamil,Insurance Renewal,1,72.0,61-90,High,36624.94,1.0,0.0,0.0,Mass,36-45,Credit Card
5469,6094b147-6a4c-47ea-8e75-4f69e4f34a08,1208,2026-01-17 19:40:12,0,12.0,0.9114666666666666,1,Positive,0.6388666666666667,42.0,v2.0,English,Insurance Renewal,1,0.0,0,Low,0.0,1.0,0.0,0.0,Mass,36-45,Personal Loan
223,657ddac6-8f1d-495e-8324-1b7806cb5335,117,2026-01-17 19:44:46,0,16.0,0.9258000000000001,0,Positive,0.6894666666666667,42.0,v2.0,English,Customer Support,1,0.0,0,Low,0.0,0.0,0.0,0.0,Premium,18-25,
5877,88d781d3-ac74-4b6b-84ba-195953f10bd1,479,2026-01-18 09:08:12,0,19.0,0.9398,1,Positive,0.6334333333333333,34.0,v2.0,English,Customer Support,1,0.0,0,Low,0.0,0.0,0.0,0.0,Premium,36-45,Credit Card
2638,96e945b7-7add-4bde-83da-f0791e28f49d,1836,2026-01-18 09:34:06,1,,0.7070333333333334,3,Neutral,0.12379999999999998,34.0,v1.0,Telugu,Lead Qualification,1,54.0,31-60,Medium,59876.01,0.0,0.0,0.0,Mass,26-35,Personal Loan
4905,67343f9c-5eea-48c8-b339-8d2b2b43cd65,612,2026-01-18 10:44:33,0,13.0,0.9057,1,Positive,0.7147333333333333,29.0,v2.0,English,Loan Collections,1,0.0,0,Low,0.0,0.0,0.0,0.0,Mass,36-45,Personal Loan
2313,f9eb786a-f757-4493-b981-c78bbf399da3,392,2026-01-18 11:17:24,1,9.0,0.41786666666666666,0,Negative,-0.1519,44.0,v1.0,English,Loan Collections,1,80.0,61-90,High,48975.34,0.0,0.0,0.0,Premium,26-35,Personal Loan
3772,16f55ffd-8ea5-4ea0-af10-640662abb9d4,1805,2026-01-18 11:38:28,0,19.0,0.7960333333333334,0,Neutral,0.3111333333333333,38.0,v1.0,Tamil,Customer Support,1,0.0,0,Low,0.0,0.0,0.0,0.0,Mass,18-25,Auto Loan
2332,f1b96fdc-0358-4e70-9052-f03924f2d405,649,2026-01-18 12:29:20,0,8.0,0.8281333333333333,0,Positive,0.41746666666666665,35.0,v2.0,English,Loan Application,1,0.0,0,Low,0.0,0.0,0.0,0.0,Mass,36-45,Credit Card
6839,39862ac9-2ccb-425b-8c3b-5e91b3ffc782,1446,2026-01-18 13:06:58,1,8.0,0.8262333333333333,1,Neutral,0.14803333333333332,33.0,v1.1,English,Lead Qualification,1,0.0,0,Low,0.0,1.0,1.0,4.0,Mass,36-45,Credit Card
3115,b3837076-4c0d-4014-ae2a-96cefea3f88b,1589,2026-01-18 13:46:41,0,1.0,0.9460333333333333,1,Positive,0.7458999999999999,28.0,v2.0,English,Insurance Renewal,1,0.0,0,Low,0.0,1.0,0.0,0.0,Premium,36-45,Credit Card
8886,89184859-d665-4b64-b225-a62c5d804fe4,1450,2026-01-18 14:24:04,0,11.0,0.8821333333333333,0,Positive,0.49333333333333335,27.0,v1.0,Hindi,Loan Collections,1,0.0,0,Low,0.0,0.0,0.0,0.0,Wealth,18-25,Credit Card
9347,ed92c93d-6ca0-4359-94b4-696e57f4e840,1898,2026-01-18 16:18:32,1,4.0,0.8533666666666666,2,Neutral,0.3401666666666667,27.0,v2.0,English,Loan Collections,1,0.0,0,Low,0.0,1.0,0.0,0.0,Premium,18-25,Personal Loan
3158,a8b8f03b-e4a8-40da-b2c6-57f9ab3a0a7f,1104,2026-01-18 16:34:32,0,4.0,0.8081999999999999,1,Neutral,0.017500000000000005,29.0,v1.1,English,Lead Qualification,1,0.0,0,Low,0.0,0.0,0.0,0.0,Mass,26-35,Personal Loan
3854,faceff97-ed58-4c11-84c6-5ec017a1a407,1500,2026-01-18 17:10:19,1,17.0,0.4391,1,Negative,-0.5312666666666667,37.0,v1.0,Tamil,Payment Reminder,1,0.0,0,Low,0.0,0.0,0.0,0.0,Mass,46-55,Personal Loan
9900,03698e2b-eb7d-4362-8394-a052152ac35f,1718,2026-01-18 17:21:30,0,5.0,0.9025,1,Neutral,0.3728666666666667,38.0,v1.0,Hindi,Loan Application,1,18.0,1-30,Low,78963.1,0.0,0.0,0.0,Mass,36-45,Credit Card
4651,98dbf2b2-d27d-46ea-b4ef-133c0934688f,1719,2026-01-18 17:54:08,0,9.0,0.6385,1,Positive,0.09076666666666666,37.0,v1.0,English,Insurance Renewal,1,30.0,1-30,Low,100500.73,0.0,0.0,0.0,Premium,18-25,Home Loan
6206,cf5cfdea-3fa3-4a86-ae9a-2194e5180a02,234,2026-01-18 18:06:30,0,7.0,0.8452333333333334,0,Positive,0.40336666666666665,36.0,v1.0,Hindi,Lead Qualification,1,0.0,0,Low,0.0,0.0,0.0,0.0,Mass,56-65,Credit Card
3200,27493fb0-e810-4877-9210-e634a5bae886,1787,2026-01-18 18:43:01,0,5.0,0.9504,1,Positive,0.5317333333333334,29.0,v2.0,English,Loan Application,1,0.0,0,Low,0.0,0.0,0.0,0.0,Mass,26-35,Auto Loan
523,af6eccea-b75a-4b43-9dcd-cdedfd4a39c5,1504,2026-01-18 19:27:38,0,1.0,0.7313666666666667,1,Positive,0.3290666666666667,27.0,v1.0,Tamil,Lead Qualification,1,0.0,0,Low,0.0,1.0,0.0,0.0,Premium,26-35,Credit Card
1567,600a1b54-1f2b-4d7a-b902-d5debaab44b2,1980,2026-01-18 19:28:25,1,12.0,0.34570000000000006,2,Neutral,-0.041333333333333326,27.0,v1.0,Tamil,Loan Application,1,115.0,90+,High,52090.03,0.0,0.0,0.0,High Value,36-45,Personal Loan
2344,bc1c7fbc-6396-4c04-86ee-ae81d843f8a4,856,2026-01-18 19:40:08,1,7.0,0.4206666666666667,1,Negative,-0.2717,43.0,v1.0,English,Loan Collections,1,0.0,0,Low,0.0,1.0,0.0,1.0,High Value,26-35,Personal Loan
4368,0e35ee2e-99bb-48e5-ba83-45dae14d4ef3,521,2026-01-19 11:11:34,0,16.0,0.9355333333333333,0,Positive,0.6679333333333334,34.0,v2.0,English,Insurance Renewal,1,0.0,0,Low,0.0,0.0,0.0,0.0,Premium,36-45,Auto Loan
772,4e21a432-2bd4-45cc-b65d-e9c8336d3195,1658,2026-01-19 11:16:07,0,1.0,0.7669666666666667,1,Neutral,0.28126666666666666,54.0,v1.0,Telugu,Lead Qualification,1,0.0,0,Low,0.0,1.0,0.0,1.0,Premium,26-35,Credit Card
8,97d7ac76-0686-43e8-90f1-f93dc68e4694,291,2026-01-19 11:35:48,0,9.0,0.7502666666666666,1,Positive,0.3595,27.0,v1.0,Telugu,Lead Qualification,1,0.0,0,Low,0.0,0.0,0.0,0.0,Premium,26-35,Credit Card
5368,e4bb03d5-597c-4c6e-b59b-e39198d59338,342,2026-01-19 12:22:27,1,17.0,0.36756666666666665,1,Negative,-0.5563666666666667,27.0,v1.0,Hindi,Customer Support,1,30.0,1-30,Low,51537.91,0.0,0.0,0.0,Premium,65+,Credit Card
5308,c4de1c64-213d-4393-8a36-e41e246657e9,607,2026-01-19 12:30:51,1,4.0,0.41933333333333334,1,Neutral,0.029333333333333333,22.0,v1.0,Telugu,Loan Application,1,40.0,31-60,Medium,42082.77,0.0,0.0,0.0,Mass,36-45,Personal Loan
4050,a0c1ee12-82ea-4845-86c8-a1ccdb67e0c7,1250,2026-01-19 12:31:36,0,1.0,0.9490666666666666,1,Positive,0.5905333333333332,38.0,v2.0,English,Payment Reminder,1,0.0,0,Low,0.0,0.0,0.0,0.0,Premium,36-45,Credit Card
3637,9f0db33c-73ea-4c3b-af07-29ba574b0ff2,1384,2026-01-19 12:56:52,0,13.0,0.7830666666666667,1,Neutral,0.2000333333333333,30.0,v1.0,English,Payment Reminder,1,0.0,0,Low,0.0,1.0,0.0,1.0,Mass,18-25,Credit Card
9131,c12c389d-3731-41f4-a0b7-9ee9d7e55829,587,2026-01-19 13:46:22,0,13.0,0.7753333333333333,0,Neutral,0.12383333333333334,41.0,v1.0,Tamil,Loan Collections,1,0.0,0,Low,0.0,0.0,0.0,0.0,Mass,36-45,Personal Loan
9941,7936bda6-5282-4e0c-bf27-62b82308975e,1695,2026-01-19 14:08:29,1,2.0,0.5278666666666667,2,Neutral,0.12903333333333333,35.0,v1.0,Telugu,Loan Collections,1,32.0,31-60,Medium,68060.61,1.0,0.0,0.0,Premium,36-45,Personal Loan
8953,30fa5fa1-eb87-4612-af31-b96a81e905d1,1336,2026-01-19 14:21:48,1,17.0,0.3777333333333333,2,Neutral,-0.1371666666666667,44.0,v1.0,Tamil,Customer Support,1,1.0,1-30,Low,37823.36,1.0,0.0,0.0,Mass,26-35,Personal Loan
6966,9b596546-3637-4ef8-bf81-992932f92c19,311,2026-01-19 15:26:05,0,5.0,0.8571666666666666,1,Neutral,0.40606666666666663,29.0,v1.0,Hindi,Loan Collections,1,0.0,0,Low,0.0,0.0,0.0,0.0,Mass,46-55,Credit Card
5629,777d8e43-85d4-428c-a109-e2908b30e031,1734,2026-01-19 16:22:51,0,16.0,0.7610333333333333,0,Positive,0.16953333333333334,40.0,v1.0,English,Lead Qualification,1,0.0,0,Low,0.0,2.0,0.0,1.0,Premium,65+,Credit Card
4575,1d65e82d-e92e-4246-97bb-727a1476c93f,495,2026-01-19 16:56:51,0,16.0,0.6212333333333334,0,Neutral,0.33426666666666666,36.0,v1.0,English,Lead Qualification,1,15.0,1-30,Low,69030.47,0.0,0.0,0.0,Wealth,46-55,Home Loan
1434,9139a123-2c65-4a27-9763-30723deb687e,1244,2026-01-19 17:35:38,0,14.0,0.4943333333333333,1,Neutral,0.14106666666666667,39.0,v1.0,Telugu,Loan Application,1,3.0,1-30,Low,57727.07,1.0,0.0,1.0,Premium,46-55,Personal Loan
7483,e64d0f6c-c895-4703-b9f3-80e1c94ec766,816,2026-01-19 18:13:29,0,17.0,0.5639,0,Negative,-0.2543666666666667,35.0,v1.1,English,Insurance Renewal,1,0.0,0,Low,0.0,0.0,0.0,0.0,Mass,46-55,Credit Card
5409,305cff73-723e-49ee-9556-e5caec4da3c8,281,2026-01-19 18:29:10,0,13.0,0.9040333333333334,0,Positive,0.5851999999999999,29.0,v1.1,English,Loan Collections,1,0.0,0,Low,0.0,1.0,0.0,0.0,Mass,18-25,Auto Loan
984,1cab9952-b67d-4e81-a4a1-8b895a21029f,218,2026-01-19 19:24:33,0,14.0,0.5270666666666667,1,Neutral,-0.0904,34.0,v1.0,Tamil,Customer Support,1,9.0,1-30,Low,35777.08,1.0,0.0,0.0,High Value,26-35,Credit Card
9497,3332930b-4430-4567-98c8-758bc2fb4967,532,2026-01-19 19:33:14,1,13.0,0.6669,2,Positive,0.4075333333333333,30.0,v1.0,Telugu,Loan Application,1,0.0,0,Low,0.0,0.0,0.0,0.0,Mass,36-45,Home Loan
8469,dc94711a-1a35-43e6-9a4b-c68e71bc1490,1738,2026-01-19 19:54:28,0,7.0,0.8785,0,Positive,0.43170000000000003,32.0,v1.0,Tamil,Customer Support,1,0.0,0,Low,0.0,0.0,0.0,0.0,Mass,18-25,Credit Card
6333,b5f747ac-20b6-4ea9-ba39-3b8f1ff24357,1572,2026-01-20 08:50:09,0,17.0,0.7626666666666667,1,Positive,0.45203333333333334,29.0,v2.0,English,Loan Application,1,0.0,0,Low,0.0,1.0,0.0,0.0,Mass,36-45,Home Loan
5440,e0bc8d35-34ff-4d6f-a1af-e4b77d50bf15,947,2026-01-20 09:03:41,0,16.0,0.7907333333333334,0,Neutral,0.12960000000000002,38.0,v1.0,Tamil,Loan Collections,1,0.0,0,Low,0.0,0.0,0.0,0.0,High Value,18-25,Home Loan
1555,dd735a60-c71d-4200-8e62-4c40f4ac0cea,255,2026-01-20 09:37:29,0,10.0,0.8067666666666667,0,Positive,0.23513333333333333,32.0,v1.0,English,Customer Support,1,22.0,1-30,Low,43068.83,1.0,0.0,0.0,Mass,26-35,Credit Card
1878,618b1865-0e3c-46c1-a02e-ef2a6ce2be74,1997,2026-01-20 10:47:25,1,12.0,0.7535,1,Positive,0.21286666666666668,42.0,v1.0,Hindi,Payment Reminder,1,0.0,0,Low,0.0,1.0,1.0,2.0,Mass,65+,Credit Card
5340,e12e8cb5-03d7-4987-91e5-735a728785bc,967,2026-01-20 11:44:36,1,6.0,0.5332666666666667,1,Negative,-0.22246666666666667,35.0,v1.0,English,Lead Qualification,1,0.0,0,Low,0.0,0.0,0.0,0.0,Premium,36-45,Credit Card
8210,0e14dd92-03c2-4e13-aae2-149e1f484656,735,2026-01-20 12:00:53,0,18.0,0.5720333333333333,1,Positive,0.12220000000000002,30.0,v1.0,Hindi,Customer Support,1,0.0,0,Low,0.0,1.0,1.0,2.0,Mass,18-25,Personal Loan
8455,3c65d84f-f9e7-45d4-9c31-46734592a937,1170,2026-01-20 13:04:03,0,2.0,0.7618,0,Neutral,0.44816666666666666,36.0,v1.1,English,Lead Qualification,1,0.0,0,Low,0.0,0.0,0.0,0.0,Premium,36-45,Credit Card
2886,c8736779-5ad9-4d74-969f-b4037d8e0410,1411,2026-01-20 13:08:21,1,18.0,0.22843333333333335,2,Negative,-0.3771,34.0,v1.0,English,Customer Support,1,105.0,90+,High,56586.83,1.0,0.0,0.0,Wealth,18-25,Personal Loan
5643,9363fab7-839c-4d6e-a326-f5ce691c610d,714,2026-01-20 13:38:09,0,14.0,0.6398333333333334,1,Negative,-0.16066666666666665,34.0,v1.0,Tamil,Insurance Renewal,1,0.0,0,Low,0.0,0.0,0.0,0.0,Mass,36-45,Personal Loan
9598,9601390e-4fa6-4258-b387-cc0122f5d768,155,2026-01-20 14:25:31,0,7.0,0.8151,0,Positive,0.19546666666666668,42.0,v1.0,Telugu,Insurance Renewal,1,0.0,0,Low,0.0,1.0,0.0,0.0,Mass,36-45,Credit Card
4682,4e292b65-7cb3-494c-8eb3-de83b596620f,248,2026-01-20 14:43:13,0,19.0,0.4526666666666667,1,Neutral,-0.05753333333333332,43.0,v1.0,Tamil,Loan Application,1,2.0,1-30,Low,42748.11,1.0,0.0,1.0,Premium,36-45,Credit Card
728,9d45996f-648a-48f4-891e-eba240c29cc9,1475,2026-01-20 14:45:59,1,9.0,0.7477333333333332,2,Neutral,0.02136666666666666,46.0,v1.0,Telugu,Lead Qualification,1,0.0,0,Low,0.0,0.0,0.0,0.0,Mass,46-55,Personal Loan
9610,6aab2c31-73a9-4ff3-a9d0-4fc890da60c9,453,2026-01-20 15:54:20,1,4.0,0.5586333333333333,1,Negative,-0.10283333333333333,36.0,v1.0,English,Payment Reminder,2,0.0,0,Low,0.0,2.0,0.0,0.0,Premium,26-35,Personal Loan
1799,69cc17d4-642e-4257-a6b9-de4a8b43c543,1767,2026-01-20 16:22:49,0,2.0,0.49396666666666667,1,Neutral,-0.04986666666666667,21.0,v1.0,Telugu,Loan Collections,1,0.0,0,Low,0.0,2.0,1.0,2.0,Mass,46-55,Credit Card
6193,66ce0f1f-d6ee-4058-8d83-14bf0ce348f2,1800,2026-01-20 17:26:00,0,10.0,0.9461666666666666,1,Positive,0.6577000000000001,39.0,v2.0,English,Loan Collections,2,0.0,0,Low,0.0,1.0,1.0,2.0,Mass,26-35,Personal Loan
6316,7a2cd785-30a9-4d94-b530-d2d73d433fcb,1903,2026-01-20 17:28:24,0,4.0,0.7940999999999999,1,Positive,0.32313333333333333,28.0,v1.1,English,Loan Collections,1,0.0,0,Low,0.0,0.0,0.0,0.0,Wealth,36-45,Credit Card
6126,60125c3e-ca1e-4cb8-a4d2-edb207fda9bd,1062,2026-01-20 18:51:59,0,17.0,0.4598333333333333,1,Negative,-0.27686666666666665,35.0,v1.0,Telugu,Insurance Renewal,1,0.0,0,Low,0.0,0.0,0.0,0.0,Wealth,26-35,Credit Card
9269,4c654d30-2261-4a62-bda7-68e266ee01ec,388,2026-01-21 08:27:44,1,3.0,0.18433333333333332,1,Negative,-0.5563666666666666,37.0,v1.0,Telugu,Insurance Renewal,1,107.0,90+,High,65392.27,1.0,1.0,3.0,Mass,18-25,Personal Loan
7117,313c4d07-23d9-4697-a687-a2cc343b8f5e,1179,2026-01-21 08:35:12,1,11.0,0.6591,1,Neutral,-0.006966666666666672,31.0,v1.0,Hindi,Insurance Renewal,1,90.0,61-90,High,44826.64,0.0,0.0,0.0,Premium,26-35,Credit Card
5824,8ccb25f6-017b-45a1-a460-baea87b7a975,1506,2026-01-21 08:51:33,1,4.0,0.5326,2,Neutral,0.18200000000000002,42.0,v1.0,Hindi,Loan Application,1,0.0,0,Low,0.0,0.0,0.0,0.0,Mass,36-45,Credit Card
3952,a976b23e-de7c-405a-ae22-bdee829c9307,1632,2026-01-21 09:18:06,0,10.0,0.8141666666666666,0,Neutral,0.38856666666666667,27.0,v1.0,Telugu,Customer Support,1,0.0,0,Low,0.0,0.0,0.0,0.0,Mass,18-25,Credit Card
1429,a57ec364-917e-44b4-8196-4fa07bfe931f,801,2026-01-21 09:20:27,0,15.0,0.6176666666666667,1,Neutral,0.07056666666666667,37.0,v2.0,English,Loan Collections,1,72.0,61-90,High,38583.78,0.0,0.0,0.0,Wealth,18-25,Credit Card
8893,92b0de0a-af19-4986-93f4-e5d25031f136,940,2026-01-21 09:37:20,1,18.0,0.8071666666666667,1,Neutral,0.09770000000000001,46.0,v1.1,English,Lead Qualification,1,0.0,0,Low,0.0,1.0,0.0,1.0,Mass,26-35,Personal Loan
5276,e1d19ca5-50bd-4a20-8ee8-abfcf0ba152c,1894,2026-01-21 10:02:12,0,5.0,0.8898,0,Positive,0.4157666666666667,48.0,v1.0,Tamil,Lead Qualification,1,0.0,0,Low,0.0,1.0,0.0,2.0,Premium,46-55,Personal Loan
6164,be5e95d4-4d55-4e23-94e5-5c4bf33c98d3,54,2026-01-21 10:05:23,0,16.0,0.8137333333333333,0,Neutral,0.15603333333333333,32.0,v1.0,Hindi,Customer Support,1,0.0,0,Low,0.0,1.0,0.0,0.0,Premium,46-55,Auto Loan
1185,cbf5a9f2-c5d1-426a-ab36-d3a8f79d9687,627,2026-01-21 10:15:47,0,10.0,0.8528666666666668,0,Positive,0.6257666666666667,46.0,v1.1,English,Customer Support,1,0.0,0,Low,0.0,0.0,0.0,0.0,Premium,46-55,Credit Card
8527,fd356876-abbe-41a1-9cb1-3ab996c41933,1471,2026-01-21 10:25:36,1,2.0,0.6549666666666667,1,Neutral,0.15516666666666667,33.0,v1.1,English,Payment Reminder,1,52.0,31-60,Medium,32438.53,1.0,1.0,3.0,Mass,36-45,Credit Card
197,1543c3ea-0ab5-42cb-b8cd-276a4fa782f2,318,2026-01-21 10:35:41,1,,0.22729999999999997,3,Negative,-0.3938333333333333,37.0,v1.0,English,Lead Qualification,1,30.0,1-30,Low,96200.02,1.0,1.0,2.0,Mass,36-45,Home Loan
4097,db81fa2d-4800-48f4-a341-7c987f1c7b26,1806,2026-01-21 10:39:14,0,8.0,0.7498999999999999,0,Neutral,-0.050100000000000006,19.0,v1.0,Hindi,Customer Support,1,0.0,0,Low,0.0,0.0,0.0,0.0,Mass,26-35,Personal Loan
8567,255ba28c-40d2-4b1c-ba41-4d1698881127,1090,2026-01-21 11:37:48,0,12.0,0.7490666666666668,1,Positive,0.25153333333333333,25.0,v1.0,Hindi,Loan Application,1,0.0,0,Low,0.0,0.0,0.0,0.0,Mass,36-45,Credit Card
5243,0991a60b-b34c-481a-9dda-61de2ad51ae1,430,2026-01-21 12:44:57,0,5.0,0.6852,0,Neutral,0.10660000000000003,34.0,v1.0,Hindi,Loan Application,1,99.0,90+,High,54345.66,0.0,0.0,0.0,Mass,46-55,Personal Loan
9484,8610d466-5def-4be6-a270-9f899185a4de,1748,2026-01-21 13:10:14,0,11.0,0.8593999999999999,0,Neutral,0.17866666666666667,26.0,v1.0,Tamil,Loan Application,1,0.0,0,Low,0.0,0.0,0.0,0.0,Mass,26-35,Credit Card
8073,98563bd1-6219-420c-930a-acd53f2c8985,1065,2026-01-21 14:47:12,0,19.0,0.9419666666666666,0,Positive,0.49476666666666674,38.0,v2.0,English,Payment Reminder,1,10.0,1-30,Low,33485.24,1.0,0.0,0.0,Mass,18-25,Credit Card
9530,02bf2b19-293b-4800-908b-d72ee4da128e,858,2026-01-21 16:00:21,0,12.0,0.8785666666666666,0,Neutral,0.33693333333333336,39.0,v1.1,English,Insurance Renewal,1,0.0,0,Low,0.0,1.0,0.0,0.0,Mass,26-35,Credit Card
6070,f2a7e7bd-a83c-4853-9ad5-f7caae85ee05,1723,2026-01-21 16:02:39,0,1.0,0.7755666666666666,0,Positive,0.4804,35.0,v1.0,Hindi,Lead Qualification,1,0.0,0,Low,0.0,0.0,0.0,0.0,Premium,36-45,Credit Card
6923,13e22abf-cfd7-4e68-8572-afdcb888eb79,1759,2026-01-21 16:23:36,1,14.0,0.3356333333333334,0,Negative,-0.6448333333333333,36.0,v1.0,Telugu,Lead Qualification,1,64.0,61-90,High,45645.32,0.0,0.0,0.0,Mass,36-45,Credit Card
6190,e585760e-6bce-4a50-a1eb-d2b62bdf4cf1,1991,2026-01-21 17:08:11,0,6.0,0.6628333333333334,1,Positive,0.2704333333333333,18.0,v1.1,English,Payment Reminder,1,0.0,0,Low,0.0,0.0,0.0,0.0,Mass,36-45,Credit Card
4434,2f03b68c-d60d-4978-880d-3f632e7f2dcd,38,2026-01-21 17:38:41,1,4.0,0.6152,2,Neutral,0.12253333333333333,37.0,v1.0,Telugu,Lead Qualification,1,0.0,0,Low,0.0,1.0,0.0,0.0,High Value,36-45,Credit Card
3529,cf4e6330-c131-449f-a675-f7bdef97be8e,1175,2026-01-21 17:47:36,0,14.0,0.8945333333333334,1,Positive,0.46536666666666665,53.0,v2.0,English,Customer Support,1,0.0,0,Low,0.0,0.0,0.0,0.0,Premium,36-45,Credit Card
8360,cbd1da1d-662c-4184-b050-a1809db50e86,1882,2026-01-21 17:48:43,0,5.0,0.9075333333333333,0,Positive,0.3858333333333333,38.0,v1.0,Hindi,Loan Collections,1,0.0,0,Low,0.0,0.0,0.0,0.0,Mass,36-45,Home Loan
2241,d5b3d73e-a820-480e-8516-df25074abc8d,1546,2026-01-21 18:34:49,0,14.0,0.5563333333333333,0,Neutral,-0.046099999999999995,36.0,v1.0,Tamil,Insurance Renewal,1,,0,Low,0.0,0.0,0.0,0.0,Mass,26-35,Credit Card
5508,3e5aaf9b-3e6d-4919-9c9e-718026fefb57,858,2026-01-21 19:09:41,1,3.0,0.17876666666666666,2,Negative,-0.5547,38.0,v1.0,Tamil,Lead Qualification,1,58.0,31-60,Medium,21788.89,2.0,0.0,0.0,Mass,26-35,Credit Card
1117,34556607-69ac-4aef-a846-d5261cb87ff1,1345,2026-01-22 08:16:20,1,7.0,0.8943333333333333,2,Negative,-0.016933333333333318,33.0,v1.0,Hindi,Loan Application,1,0.0,0,Low,0.0,1.0,0.0,0.0,Mass,36-45,Credit Card
5697,20d1b2ee-4ba6-4aee-900c-03fbed8e2bf8,990,2026-01-22 08:34:54,0,10.0,0.7741000000000001,0,Neutral,0.319,27.0,v1.0,Telugu,Lead Qualification,1,0.0,0,Low,0.0,0.0,0.0,0.0,Mass,36-45,Credit Card
8661,e32dc435-706c-4ef7-bfd3-a5b1424ebe1d,30,2026-01-22 09:10:37,1,6.0,0.5324,2,Negative,-0.472,32.0,v1.0,English,Insurance Renewal,1,0.0,0,Low,0.0,0.0,0.0,0.0,Wealth,26-35,Credit Card
7787,5f88f6c0-5e45-4734-90a9-73b0d7f7a30f,1082,2026-01-22 09:22:57,0,19.0,0.7795,1,Neutral,0.2074666666666667,27.0,v1.1,English,Insurance Renewal,1,49.0,31-60,Medium,63578.9,2.0,1.0,4.0,Mass,36-45,Personal Loan
2582,5cc443a1-6ee4-46ec-9371-f4272bbe67b7,856,2026-01-22 09:33:40,1,19.0,0.8083666666666667,2,Neutral,0.4813,39.0,v2.0,English,Customer Support,1,51.0,31-60,Medium,37356.39,2.0,1.0,3.0,High Value,26-35,Personal Loan
234,50cdfdea-0e11-49ec-a09f-b40ca8977ac2,1259,2026-01-22 10:13:04,0,11.0,0.7824,0,Positive,0.3430333333333333,32.0,v1.0,Hindi,Loan Collections,2,0.0,0,Low,0.0,2.0,0.0,0.0,High Value,18-25,Auto Loan
9999,2d98724e-05d7-42e4-b778-bf33f1e3160c,428,2026-01-22 10:34:34,0,11.0,0.7972666666666667,1,Neutral,0.31926666666666664,35.0,v1.0,Hindi,Loan Application,1,0.0,0,Low,0.0,0.0,0.0,0.0,Premium,18-25,Credit Card
7149,7aeaddf3-2fa6-4b54-8bc7-4a4836ca9b53,965,2026-01-22 11:21:52,0,16.0,0.9064333333333333,1,Positive,0.6903666666666667,34.0,v2.0,English,Lead Qualification,1,0.0,0,Low,0.0,0.0,0.0,0.0,Mass,46-55,Personal Loan
1661,31cac613-f205-4695-9941-7ce2ca3ef0ed,181,2026-01-22 11:25:04,0,8.0,0.8270333333333334,0,Neutral,0.13946666666666666,37.0,v1.0,Hindi,Customer Support,1,0.0,0,Low,0.0,0.0,0.0,0.0,Premium,26-35,Credit Card
3356,4573e87c-067c-4639-935e-e23d6841a445,1065,2026-01-22 12:43:07,1,2.0,0.4522333333333333,0,Negative,-0.3513,31.0,v1.0,Hindi,Insurance Renewal,1,83.0,61-90,High,82137.2,2.0,0.0,0.0,Mass,18-25,Credit Card
8860,62d860f9-9791-4779-a815-930c7815cf43,1120,2026-01-22 13:05:11,1,,0.34393333333333337,3,Negative,-0.3332,26.0,v1.0,English,Payment Reminder,1,56.0,31-60,Medium,45407.17,0.0,0.0,0.0,Mass,46-55,Credit Card
4485,8ce21fef-91c2-4e13-91c9-94abbbd04cd7,1817,2026-01-22 13:15:55,1,,0.8298333333333333,3,Positive,0.39516666666666667,41.0,v1.0,Hindi,Payment Reminder,1,0.0,0,Low,0.0,0.0,0.0,0.0,Mass,18-25,Credit Card
9814,e0a1340e-e7fe-40cc-9707-6f68a5b29b76,459,2026-01-22 13:37:19,0,2.0,0.5041333333333333,1,Negative,-0.30373333333333336,42.0,v1.0,Telugu,Insurance Renewal,1,39.0,31-60,Medium,42352.16,0.0,0.0,0.0,Mass,18-25,Personal Loan
3119,abc7546a-3e6b-4935-ba2e-04a0fce02fd1,841,2026-01-22 14:06:39,0,9.0,0.8904666666666667,1,Positive,0.6302,41.0,v2.0,English,Loan Application,1,0.0,0,Low,0.0,1.0,0.0,0.0,Mass,46-55,Personal Loan
386,b5013c0b-0b70-44eb-a7d0-7bcea456fc42,626,2026-01-22 14:18:30,0,9.0,0.8599666666666668,1,Neutral,0.529,35.0,v1.1,English,Loan Collections,1,0.0,0,Low,0.0,1.0,0.0,0.0,Mass,26-35,Auto Loan
4193,eb2967dc-38a3-489d-ba36-43ce96fc9c74,369,2026-01-22 15:03:32,0,11.0,0.8161999999999999,1,Positive,0.2978,39.0,v1.0,Telugu,Customer Support,1,0.0,0,Low,0.0,0.0,0.0,0.0,High Value,36-45,Personal Loan
4286,9bbd9b50-0f7c-4bcd-b55f-0bf6945968ea,656,2026-01-22 15:03:42,0,19.0,0.3776333333333333,1,Negative,-0.34836666666666666,27.0,v1.0,English,Insurance Renewal,1,0.0,0,Low,0.0,0.0,0.0,0.0,Mass,18-25,Personal Loan
9258,6c619831-76cd-4601-a16b-62ccb875cf0d,1173,2026-01-22 15:29:11,0,18.0,0.7164666666666667,1,Negative,-0.07953333333333334,38.0,v1.0,Tamil,Loan Application,1,0.0,0,Low,0.0,0.0,0.0,0.0,Mass,36-45,Credit Card
6465,c6f19d56-5e39-4981-8862-71f866eb9efe,956,2026-01-22 15:41:05,1,1.0,0.7955333333333333,1,Positive,0.3169666666666667,47.0,v2.0,English,Loan Collections,1,97.0,90+,High,56512.46,0.0,0.0,0.0,Mass,26-35,Credit Card
1853,8e4746a5-9f15-4fe2-a7a4-d10012705805,1721,2026-01-22 15:43:13,0,18.0,0.8817,0,Neutral,0.2935666666666667,37.0,v2.0,English,Loan Collections,1,0.0,0,Low,0.0,0.0,0.0,0.0,Mass,56-65,Personal Loan
2897,193443bc-a75f-4f77-a409-db19c3681138,382,2026-01-22 16:47:34,0,16.0,0.7843333333333332,0,Positive,0.38903333333333334,33.0,v1.1,English,Loan Collections,1,50.0,31-60,Medium,71846.56,0.0,0.0,0.0,Mass,65+,Personal Loan
5782,415595da-94aa-4330-967b-83fc63f7d93d,306,2026-01-22 17:46:48,0,5.0,0.8938,0,Positive,0.6543,42.0,v1.1,English,Loan Collections,1,0.0,0,Low,0.0,1.0,0.0,0.0,Mass,18-25,Credit Card
7022,8f258162-bc2b-493a-be62-a02ce2b3d928,29,2026-01-22 18:16:44,1,,0.3747666666666667,3,Negative,-0.2897,22.0,v1.0,Telugu,Insurance Renewal,1,46.0,31-60,Medium,12252.14,1.0,0.0,1.0,Mass,26-35,Personal Loan
3693,f27e3644-fab7-48da-bf0e-201ccf094ca1,781,2026-01-22 19:51:09,0,11.0,0.7210666666666666,1,Neutral,0.03126666666666667,25.0,v1.1,English,Payment Reminder,1,84.0,61-90,High,44450.23,1.0,0.0,0.0,Wealth,26-35,Credit Card
8327,ec6f0758-37b3-43a7-a741-5787e3427015,1116,2026-01-23 08:31:26,1,15.0,0.5712,2,Neutral,-0.2614666666666667,22.0,v1.0,Tamil,Loan Collections,1,28.0,1-30,Low,59594.3,3.0,1.0,2.0,Mass,46-55,Home Loan
8585,62529431-1038-4482-8a3b-aebee9717673,522,2026-01-23 08:34:08,0,16.0,0.8453333333333334,0,Positive,0.6234000000000001,33.0,v1.1,English,Loan Collections,1,0.0,0,Low,0.0,0.0,0.0,0.0,Premium,18-25,Credit Card
2917,066b0c1f-a3de-4d30-bf99-f6ed83411d0c,907,2026-01-23 08:56:37,1,,0.4239,3,Neutral,-0.31493333333333334,31.0,v1.1,English,Loan Collections,1,29.0,1-30,Low,56231.44,0.0,0.0,0.0,Mass,36-45,
4128,5aa0fefa-6215-481c-85ba-32497878afc7,1981,2026-01-23 08:56:41,0,9.0,0.9275666666666668,0,Positive,0.6433333333333334,21.0,v2.0,English,Payment Reminder,1,0.0,0,Low,0.0,0.0,0.0,0.0,Premium,36-45,Credit Card
986,1f79fd5d-1d60-4c17-b268-fb03cfad3244,1956,2026-01-23 10:49:28,1,6.0,0.3499666666666667,1,Negative,-0.4093,44.0,v1.0,Hindi,Insurance Renewal,1,68.0,61-90,High,45786.15,1.0,0.0,0.0,Mass,46-55,Personal Loan
9641,5ff1eb3e-9202-453e-8709-32fcea0b347e,1007,2026-01-23 11:41:58,0,2.0,0.5434666666666667,0,Neutral,0.29396666666666665,39.0,v1.0,English,Payment Reminder,1,0.0,0,Low,0.0,0.0,0.0,0.0,High Value,36-45,Credit Card
2015,9a165d4e-ebd0-44c8-982e-3e1c88d4a6d2,1984,2026-01-23 11:44:54,0,7.0,0.9256333333333333,0,Positive,0.4884333333333333,26.0,v1.1,English,Insurance Renewal,1,0.0,0,Low,0.0,0.0,0.0,0.0,Premium,36-45,Home Loan
4212,14322778-faad-4760-8d1d-698f2ff4fec5,1200,2026-01-23 11:46:24,0,12.0,0.7913,0,Neutral,0.07023333333333333,37.0,v1.0,Telugu,Customer Support,1,6.0,1-30,Low,89425.61,1.0,1.0,2.0,Premium,26-35,Personal Loan
8290,44fe7b6c-5db0-42be-a623-406c16b6c543,609,2026-01-23 11:51:29,0,18.0,0.7528333333333332,0,Neutral,0.10523333333333333,40.0,v1.0,Hindi,Loan Collections,1,0.0,0,Low,0.0,0.0,0.0,0.0,Mass,56-65,Home Loan
9741,6ed3b66c-abee-491d-8923-3fe3cd6ad446,9,2026-01-23 13:47:33,0,11.0,0.9397666666666668,0,Neutral,0.36176666666666674,45.0,v1.1,English,Lead Qualification,1,0.0,0,Low,0.0,0.0,0.0,0.0,Mass,26-35,Credit Card
1329,68502a63-1562-4573-8c85-59d05d52d15d,1029,2026-01-23 14:16:07,0,2.0,0.6258333333333334,1,Neutral,-0.0747,29.0,v1.0,Hindi,Customer Support,1,0.0,0,Low,0.0,0.0,0.0,0.0,Premium,36-45,Credit Card
7331,8989d420-ac71-47b2-9613-1713a2b38d03,1932,2026-01-23 14:27:01,1,18.0,0.6563666666666667,1,Positive,0.29619999999999996,39.0,v1.0,Hindi,Lead Qualification,1,0.0,0,Low,0.0,0.0,0.0,0.0,Mass,26-35,Credit Card
1244,e7a84434-b712-4f76-b15d-4617a1ff2342,1752,2026-01-23 15:06:50,0,17.0,0.37543333333333334,2,Negative,-0.5259666666666667,38.0,v1.0,Hindi,Lead Qualification,1,0.0,0,Low,0.0,0.0,0.0,0.0,Mass,26-35,Home Loan
3008,0fb2edb7-fecb-4c9b-b553-255d202e9b65,847,2026-01-23 15:13:49,1,,0.6145333333333333,3,Neutral,0.25303333333333333,41.0,v1.0,Tamil,Insurance Renewal,1,0.0,0,Low,0.0,1.0,0.0,0.0,Mass,46-55,
7319,e03105cb-6921-427d-ac23-f2ac24dc3223,958,2026-01-23 15:43:38,0,15.0,0.7103,1,Neutral,0.3147666666666667,20.0,v1.1,English,Loan Collections,1,0.0,0,Low,0.0,0.0,0.0,0.0,Mass,36-45,Home Loan
2351,6a75d090-5cfb-4b2c-902a-8fc602bc1443,75,2026-01-23 16:09:04,1,17.0,0.4129,2,Neutral,0.022733333333333338,40.0,v1.0,Hindi,Loan Collections,1,89.0,61-90,High,72181.34,0.0,0.0,0.0,Mass,26-35,Personal Loan
4522,41e18b1b-e3d0-4bcd-b1b6-8ebb72694ccc,577,2026-01-23 17:28:03,1,13.0,0.6194666666666667,0,Positive,0.2738333333333333,44.0,v1.0,Tamil,Loan Collections,1,52.0,31-60,Medium,43510.37,1.0,0.0,0.0,Mass,36-45,Credit Card
696,dbabcf40-a252-43f1-adb8-841453ffe83a,277,2026-01-23 18:26:26,0,7.0,0.8615666666666666,1,Positive,0.5287000000000001,32.0,v1.1,English,Loan Application,1,11.0,1-30,Low,60352.52,1.0,1.0,2.0,Mass,18-25,Personal Loan
8881,25ad33ee-94ba-4e3f-87f6-9a3d65883b16,1345,2026-01-23 18:30:54,1,4.0,0.6778333333333334,2,Neutral,0.08600000000000001,38.0,v1.1,English,Payment Reminder,1,0.0,0,Low,0.0,2.0,1.0,2.0,Mass,36-45,Credit Card
8546,296b5a72-3c3c-459c-be70-aaa370c023f3,1430,2026-01-24 08:58:53,0,12.0,0.8964,0,Positive,0.4856666666666667,21.0,v2.0,English,Loan Collections,1,0.0,0,Low,0.0,0.0,0.0,0.0,Mass,36-45,Home Loan
2394,0558ef40-b44d-4584-b470-cc4622cf3d0a,1220,2026-01-24 09:10:45,0,4.0,0.8866333333333333,0,Positive,0.5491333333333334,41.0,v2.0,English,Loan Collections,1,5.0,1-30,Low,65069.38,0.0,0.0,0.0,High Value,46-55,Personal Loan
2581,7af1b6a4-295b-4bd1-9f8c-cd7444490de9,1847,2026-01-24 09:12:29,0,13.0,0.7849,0,Positive,0.14456666666666665,47.0,v1.0,Tamil,Loan Application,1,0.0,0,Low,0.0,0.0,0.0,0.0,Premium,26-35,Personal Loan
5337,3bc3f4f6-ab25-403d-b54c-52e3a2fb8172,219,2026-01-24 09:48:26,1,,0.5604,3,Negative,-0.29506666666666664,19.0,v1.0,Hindi,Lead Qualification,1,96.0,90+,High,35014.71,1.0,0.0,0.0,Mass,18-25,Personal Loan
3418,e7c1e3ea-a55d-4d75-9499-7fd6304b8fb8,1775,2026-01-24 10:36:59,0,12.0,0.7301000000000001,0,Neutral,0.04206666666666666,25.0,v1.0,Hindi,Loan Collections,1,25.0,1-30,Low,47990.72,0.0,0.0,0.0,Mass,36-45,Credit Card
3996,ea90bafd-a82f-47b0-a121-4a263cea043a,188,2026-01-24 12:11:04,0,13.0,0.7299000000000001,0,Positive,0.5749666666666666,36.0,v1.0,English,Customer Support,2,0.0,0,Low,0.0,1.0,0.0,1.0,High Value,65+,Home Loan
3398,6d014c97-9338-4fbf-b7bf-c7a5fb861828,930,2026-01-24 13:31:45,1,6.0,0.46680000000000005,0,Neutral,-0.121,31.0,v2.0,English,Payment Reminder,1,108.0,90+,High,11143.58,1.0,1.0,2.0,Premium,36-45,Credit Card
3759,0a015695-2396-4681-81f7-b5cea9a7b69f,1066,2026-01-24 13:37:37,0,13.0,0.7410333333333333,1,Neutral,0.3557333333333333,26.0,v1.0,English,Lead Qualification,1,0.0,0,Low,0.0,0.0,0.0,0.0,Mass,18-25,Credit Card
8538,0ccf99a1-1aaa-4c3e-9d04-3b0b0a3a9a85,426,2026-01-24 14:03:35,1,18.0,0.6679333333333334,1,Positive,0.3390333333333333,36.0,v1.0,Tamil,Insurance Renewal,1,0.0,0,Low,0.0,2.0,1.0,2.0,Mass,26-35,Credit Card
6309,7cc38e74-e4f5-4f2a-a882-2c3397f851fd,1158,2026-01-24 14:10:03,1,13.0,0.22319999999999998,1,Neutral,-0.3529333333333333,36.0,v1.0,Tamil,Lead Qualification,1,114.0,90+,High,64168.48,1.0,0.0,1.0,Premium,56-65,Credit Card
9794,4113e2ca-4bc2-4dd9-9588-77a63cdd3c0d,1658,2026-01-24 14:38:29,0,7.0,0.6787666666666666,1,Positive,0.45330000000000004,39.0,v1.0,Tamil,Payment Reminder,1,0.0,0,Low,0.0,2.0,0.0,2.0,Premium,26-35,Credit Card
7088,c360c16a-3722-4097-bb1e-89257f76e33e,585,2026-01-24 14:45:15,1,10.0,0.3606,2,Neutral,-0.13586666666666666,28.0,v1.0,Tamil,Loan Collections,1,0.0,0,Low,0.0,3.0,1.0,2.0,Premium,36-45,Credit Card
5390,7765dc40-9bba-4155-b12f-51d6d329320f,1220,2026-01-24 15:50:27,0,16.0,0.9154,1,Positive,0.42873333333333336,17.0,v1.1,English,Loan Collections,1,0.0,0,Low,0.0,1.0,0.0,0.0,High Value,46-55,Personal Loan
5372,9491b40a-4be0-419f-9e3f-661107fb14b0,1675,2026-01-24 16:23:32,0,16.0,0.7640333333333333,0,Positive,-0.06556666666666666,44.0,v1.0,Hindi,Loan Collections,1,0.0,0,Low,0.0,0.0,0.0,0.0,Mass,36-45,Personal Loan
3963,2bbc32c6-cfa7-416b-bbd1-56516ed1c7be,723,2026-01-24 16:26:01,1,17.0,0.6618333333333334,1,Negative,-0.011400000000000002,25.0,v2.0,English,Customer Support,1,0.0,0,Low,0.0,0.0,0.0,0.0,Wealth,36-45,Personal Loan
8082,5e74dc28-1a3b-4618-b348-b7af472bf3c6,1364,2026-01-24 18:02:10,0,5.0,0.8651,0,Positive,0.4914,45.0,v2.0,English,Customer Support,1,0.0,0,Low,0.0,0.0,0.0,0.0,Mass,46-55,Home Loan
7169,da654819-55e9-4c9c-9447-d9dcc44fa788,1260,2026-01-24 18:19:47,0,4.0,0.6023999999999999,1,Negative,-0.12376666666666665,33.0,v1.0,Tamil,Payment Reminder,1,0.0,0,Low,0.0,1.0,0.0,0.0,Mass,46-55,Personal Loan
1730,75ba345d-1d48-4173-a26b-6fdc3fe01ebb,205,2026-01-24 18:38:25,1,17.0,0.4659333333333333,1,Negative,-0.2448,44.0,v1.1,English,Customer Support,1,0.0,0,Low,0.0,1.0,0.0,0.0,Premium,26-35,Personal Loan
6721,6f8e06a0-f941-48e7-b8ef-63a41be5a6f6,273,2026-01-24 19:12:13,0,18.0,0.6592333333333333,0,Neutral,-0.07093333333333333,32.0,v1.0,Hindi,Lead Qualification,1,0.0,0,Low,0.0,0.0,0.0,0.0,Mass,36-45,Credit Card
9217,60752229-2382-455c-af16-396b1c4b80c0,985,2026-01-24 19:38:49,1,19.0,0.8377,1,Neutral,0.432,18.0,v1.0,Hindi,Loan Application,1,0.0,0,Low,0.0,0.0,0.0,0.0,High Value,26-35,Credit Card
8586,6df50e37-e8f2-46df-97bd-1f5a53ff2a65,751,2026-01-24 19:52:45,1,9.0,0.8041,1,Neutral,0.24083333333333334,30.0,v1.0,Telugu,Lead Qualification,1,0.0,0,Low,0.0,0.0,0.0,0.0,Mass,26-35,Auto Loan
9149,f9295bc2-babd-484a-8725-a8b22b183f32,1224,2026-01-25 08:58:21,0,8.0,0.41409999999999997,0,Neutral,-0.21256666666666665,27.0,v1.0,Telugu,Customer Support,1,41.0,31-60,Medium,38502.1,1.0,0.0,0.0,High Value,36-45,
2022,86dffe93-237c-4bd3-b3e2-e01f241dedfb,212,2026-01-25 09:11:43,0,2.0,0.5856,2,Positive,0.3580666666666667,37.0,v1.0,Tamil,Payment Reminder,1,0.0,0,Low,0.0,1.0,0.0,0.0,Mass,65+,Home Loan
1812,269e0bb7-82dc-4b90-b686-f35c2171fde4,1948,2026-01-25 09:23:46,1,12.0,0.6173666666666667,2,Negative,-0.05526666666666666,30.0,v2.0,English,Insurance Renewal,1,98.0,90+,High,69333.39,0.0,0.0,0.0,Mass,18-25,Personal Loan
9862,0fdbaeeb-7801-4b30-9956-d2727f18c940,209,2026-01-25 09:24:50,1,8.0,0.532,2,Neutral,-0.10406666666666668,22.0,v1.0,Tamil,Loan Collections,1,15.0,1-30,Low,66051.37,0.0,0.0,0.0,Mass,36-45,Credit Card
4997,93a32038-361f-4326-960a-bab262004469,1936,2026-01-25 09:45:30,1,6.0,0.4605333333333334,2,Neutral,-0.009299999999999998,38.0,v1.0,Hindi,Loan Collections,1,0.0,0,Low,0.0,0.0,0.0,0.0,Premium,18-25,Personal Loan
6542,235e6cad-cf4c-4812-b379-ab924eda51bb,673,2026-01-25 10:00:33,1,3.0,0.23266666666666666,2,Negative,-0.5657,46.0,v1.0,Hindi,Lead Qualification,1,118.0,90+,High,24573.76,0.0,0.0,0.0,Mass,46-55,Personal Loan
2338,2e2b66b5-5a9d-4c4a-942d-09b14bac4be4,1325,2026-01-25 10:51:50,0,11.0,0.8962666666666667,0,Positive,0.5061666666666667,33.0,v2.0,English,Insurance Renewal,1,57.0,31-60,Medium,10092.56,1.0,0.0,0.0,Wealth,26-35,
4520,95a2b5e1-f755-4646-aead-70d518989f35,1277,2026-01-25 10:57:04,0,10.0,0.7509333333333333,2,Neutral,0.34086666666666665,38.0,v1.0,Telugu,Lead Qualification,1,0.0,0,Low,0.0,0.0,0.0,0.0,Mass,56-65,Personal Loan
1110,ab73fa7b-850b-4853-a038-256b57d5fa09,446,2026-01-25 11:27:02,0,9.0,0.5694333333333333,0,Neutral,-0.1376,34.0,v1.0,Hindi,Insurance Renewal,1,59.0,31-60,Medium,31292.86,1.0,0.0,0.0,Premium,26-35,Auto Loan
4738,6d6e72a9-7b5f-4b7a-a248-ec960b5cec4f,1659,2026-01-25 11:31:22,0,3.0,0.7002,1,Neutral,-0.09796666666666666,25.0,v2.0,English,Lead Qualification,1,25.0,1-30,Low,50582.19,2.0,0.0,1.0,High Value,26-35,Personal Loan
9276,132ece7f-8c17-47f6-a76e-429f58bf29d8,525,2026-01-25 12:10:49,0,17.0,0.8673000000000001,0,Neutral,0.2739333333333333,30.0,v1.0,Telugu,Loan Application,1,0.0,0,Low,0.0,2.0,1.0,4.0,Mass,26-35,Credit Card
4613,588db99c-3fdc-4a16-bcea-82fbc5bcab14,1587,2026-01-25 12:28:47,0,19.0,0.7709999999999999,1,Neutral,0.21413333333333331,38.0,v1.0,Telugu,Lead Qualification,1,0.0,0,Low,0.0,1.0,0.0,0.0,Mass,36-45,Credit Card
9967,022d08a1-1d56-4437-9bd2-e86d7df3423d,965,2026-01-25 12:38:39,0,13.0,0.8238666666666666,1,Neutral,0.19993333333333332,36.0,v2.0,English,Insurance Renewal,1,88.0,61-90,High,42089.13,1.0,0.0,1.0,Mass,46-55,Personal Loan
9929,4e5b53c8-a223-4e00-9b78-eaf5a00f86d3,135,2026-01-25 13:21:13,1,9.0,0.7777333333333333,2,Positive,0.20556666666666668,29.0,v1.0,Tamil,Loan Application,1,0.0,0,Low,0.0,0.0,0.0,0.0,Mass,36-45,Personal Loan
4216,db109936-2801-4bf7-b8d5-9133755a1fcb,639,2026-01-25 13:57:57,0,5.0,0.8535333333333334,1,Positive,0.5121,53.0,v1.0,Hindi,Loan Collections,1,0.0,0,Low,0.0,0.0,0.0,0.0,Mass,46-55,Auto Loan
1459,9329752d-8b84-487d-aa9b-1f3282c967ec,602,2026-01-25 14:04:18,1,14.0,0.8015666666666666,2,Neutral,0.3827,33.0,v2.0,English,Payment Reminder,1,36.0,31-60,Medium,55032.37,0.0,0.0,0.0,Mass,18-25,Credit Card
7601,c2568e9d-2cc3-44b6-a652-0be0bcbbab9c,762,2026-01-25 14:36:33,0,14.0,0.5513,0,Neutral,0.0689,38.0,v1.0,Telugu,Payment Reminder,1,0.0,0,Low,0.0,1.0,0.0,0.0,Premium,36-45,Credit Card
3715,718d8673-92c0-4e2c-a8a1-9ea31f97c2a5,1427,2026-01-25 14:51:37,1,7.0,0.4703333333333333,2,Neutral,-0.046033333333333336,34.0,v1.0,English,Loan Application,1,0.0,0,Low,0.0,0.0,0.0,0.0,Wealth,36-45,Personal Loan
665,b2d839d7-0d36-47fa-b15e-2836aaf2f001,696,2026-01-25 15:25:50,1,17.0,0.45480000000000004,2,Negative,-0.6498666666666667,29.0,v1.0,English,Loan Collections,1,29.0,1-30,Low,63418.19,0.0,0.0,0.0,Mass,18-25,Home Loan
7920,80da77ce-6e22-4676-a0e0-b3ee061cb7d1,1277,2026-01-25 16:51:56,0,12.0,0.6834333333333333,1,Neutral,0.14806666666666668,40.0,v1.0,Telugu,Loan Application,1,0.0,0,Low,0.0,1.0,0.0,2.0,Mass,56-65,Personal Loan
8890,abcf8704-efa1-46f2-b02a-a2ae1759a866,146,2026-01-25 16:51:58,0,4.0,0.7174999999999999,0,Positive,0.17356666666666665,30.0,v1.1,English,Insurance Renewal,1,0.0,0,Low,0.0,1.0,1.0,2.0,High Value,36-45,Personal Loan
4952,0e5cd32b-bdd7-41bc-8b85-6b454ec13953,1269,2026-01-25 17:17:59,1,,0.48100000000000004,3,Neutral,-0.18266666666666667,47.0,v1.0,English,Loan Application,1,98.0,90+,High,72181.52,3.0,0.0,1.0,Mass,18-25,Personal Loan
630,62af1039-adc0-45a3-a674-bf9b1010bf49,1940,2026-01-26 08:27:08,1,6.0,0.18289999999999998,2,Negative,-0.5507666666666666,26.0,v1.0,Tamil,Insurance Renewal,1,103.0,90+,High,67672.66,0.0,0.0,0.0,Mass,36-45,Auto Loan
8754,86639aaf-280b-4a1d-8fc4-617cc6a2e523,1859,2026-01-26 08:27:37,0,2.0,0.8538,0,Neutral,0.2542,36.0,v1.1,English,Customer Support,1,0.0,0,Low,0.0,0.0,0.0,0.0,Premium,26-35,Home Loan
6621,2ee7d382-954a-48c6-9a6d-741a766f7a81,1936,2026-01-26 10:51:25,0,10.0,0.6718666666666667,0,Neutral,-0.11666666666666668,38.0,v1.0,Hindi,Loan Collections,2,80.0,61-90,High,29544.03,2.0,1.0,3.0,Premium,18-25,Personal Loan
1781,b03f33cd-13f5-417d-ab9e-bb68ba4e4012,1826,2026-01-26 11:11:35,0,4.0,0.8084333333333333,1,Positive,0.48146666666666665,38.0,v2.0,English,Loan Application,1,0.0,0,Low,0.0,1.0,0.0,1.0,Mass,36-45,Credit Card
9707,c628905a-efc2-4c7e-a648-ee7a4a60b9c2,760,2026-01-26 11:33:17,0,18.0,0.8943333333333333,0,Neutral,0.2758333333333333,20.0,v2.0,English,Lead Qualification,1,0.0,0,Low,0.0,0.0,0.0,0.0,High Value,36-45,Personal Loan
6496,a5fc793d-7c7b-4039-9186-883fa495f7b5,319,2026-01-26 12:56:51,0,11.0,0.41373333333333334,0,Negative,-0.4584,43.0,v1.0,Tamil,Payment Reminder,1,0.0,0,Low,0.0,0.0,0.0,0.0,Premium,46-55,Credit Card
559,9b17eb65-04bd-494f-b6f9-1e432e21a72e,1970,2026-01-26 13:40:47,0,13.0,0.7838333333333334,1,Positive,0.2111333333333333,28.0,v1.0,Hindi,Insurance Renewal,1,0.0,0,Low,0.0,1.0,0.0,0.0,Mass,36-45,Credit Card
423,0956da26-2553-4fb1-8fbc-715bca407b03,336,2026-01-26 13:51:34,0,19.0,0.9006666666666666,0,Positive,0.4010666666666667,41.0,v1.1,English,Loan Application,1,0.0,0,Low,0.0,0.0,0.0,0.0,Mass,36-45,Home Loan
7614,fab6cfea-4a28-4ba9-a6cc-e4aa64464165,787,2026-01-26 14:22:32,0,5.0,0.6395666666666666,0,Negative,-0.014599999999999983,35.0,v1.0,Hindi,Customer Support,1,84.0,61-90,High,39178.43,3.0,2.0,8.0,Mass,36-45,Personal Loan
1281,ad770c37-3335-4aa1-8b8a-4d1499b51629,256,2026-01-26 16:48:52,0,10.0,0.847,0,Positive,0.37166666666666665,44.0,v1.0,Tamil,Loan Collections,1,0.0,0,Low,0.0,0.0,0.0,0.0,Premium,46-55,Auto Loan
9843,d87c971d-140a-4eda-b47e-ef363a454f8e,431,2026-01-26 17:04:59,1,18.0,0.6010666666666666,2,Neutral,0.1534,33.0,v1.0,English,Payment Reminder,1,0.0,0,Low,0.0,0.0,0.0,0.0,Premium,26-35,Auto Loan
8793,f105bd43-f609-4fb9-9fc8-e684e6e9ea9d,1295,2026-01-26 17:38:44,0,1.0,0.8021333333333334,1,Positive,0.48769999999999997,41.0,v1.0,English,Lead Qualification,1,0.0,0,Low,0.0,1.0,0.0,0.0,Mass,36-45,Personal Loan
1991,5bae82b9-58a8-4311-ad45-57251dcfbd32,1967,2026-01-26 18:15:22,1,1.0,0.44193333333333334,1,Negative,-0.19649999999999998,27.0,v1.1,English,Loan Application,1,42.0,31-60,Medium,56700.73,0.0,0.0,0.0,Mass,26-35,Personal Loan
2785,8ab57f1a-3f84-41e4-b9a9-a9192dd4b92e,1807,2026-01-26 18:37:45,0,16.0,0.46483333333333327,0,Neutral,-0.20066666666666666,36.0,v1.0,Tamil,Lead Qualification,1,0.0,0,Low,0.0,1.0,0.0,0.0,Mass,46-55,Personal Loan
8805,2675eb89-a32d-4872-8baf-2f7f905b4033,214,2026-01-26 19:41:15,1,14.0,0.5785333333333335,1,Neutral,-0.17553333333333332,27.0,v2.0,English,Loan Collections,1,114.0,90+,High,55041.47,1.0,0.0,0.0,Premium,26-35,Personal Loan
505,4a80f431-a974-452e-8d43-c9c48d5ab18b,936,2026-01-26 19:56:50,0,11.0,0.9029666666666666,1,Positive,0.5088333333333334,37.0,v2.0,English,Insurance Renewal,1,46.0,31-60,Medium,44729.58,1.0,0.0,1.0,Mass,26-35,Credit Card
8502,731f0ef8-f767-4fd5-bdf7-60dd8bc46c8c,52,2026-01-27 08:07:35,0,16.0,0.7594,1,Neutral,0.44036666666666663,27.0,v1.0,Telugu,Payment Reminder,1,0.0,0,Low,0.0,0.0,0.0,0.0,Mass,36-45,
6698,5af827b8-5e86-4248-a318-050276e90ae1,1166,2026-01-27 08:40:56,1,,0.3048666666666667,3,Negative,-0.5868,35.0,v1.0,Telugu,Payment Reminder,1,90.0,61-90,High,18579.92,0.0,0.0,0.0,Mass,36-45,Personal Loan
3136,6582fa5c-79b7-488f-b1dd-353ac61331a9,719,2026-01-27 09:02:13,0,2.0,0.7667,1,Positive,0.4869666666666667,33.0,v2.0,English,Lead Qualification,1,13.0,1-30,Low,48627.92,1.0,0.0,0.0,Wealth,36-45,Credit Card
2425,1b288553-1d5e-4560-b2cf-8ee66255d01a,559,2026-01-27 09:06:53,0,10.0,0.8599333333333332,0,Neutral,0.4903666666666666,33.0,v1.1,English,Lead Qualification,1,0.0,0,Low,0.0,1.0,0.0,1.0,Premium,46-55,Auto Loan
9857,803fb164-99cc-43ce-b356-370bcd5f23e7,1335,2026-01-27 09:14:57,1,2.0,0.6501666666666667,2,Positive,0.04780000000000001,42.0,v2.0,English,Lead Qualification,1,61.0,61-90,High,30384.36,0.0,0.0,0.0,High Value,18-25,Credit Card
9389,1525de02-7b31-4f87-b30f-41942441cb4a,1118,2026-01-27 09:33:10,1,2.0,0.6881,1,Neutral,0.09593333333333333,47.0,v1.0,Hindi,Payment Reminder,1,0.0,0,Low,0.0,0.0,0.0,0.0,Premium,18-25,Personal Loan
2106,2d7c1d66-1496-471d-a989-2f9320f445ed,484,2026-01-27 09:34:21,1,,0.4811,3,Negative,-0.35369999999999996,35.0,v1.0,Hindi,Payment Reminder,1,0.0,0,Low,0.0,1.0,1.0,1.0,Mass,46-55,Personal Loan
3274,d9b73ab8-129c-4647-95c5-3f9763732871,1841,2026-01-27 09:38:07,0,4.0,0.8361999999999999,0,Positive,0.5485,39.0,v2.0,English,Loan Collections,1,0.0,0,Low,0.0,1.0,1.0,1.0,High Value,26-35,Personal Loan
3101,e0a52b2f-d6d8-4768-9cf2-6daff9c56bc8,1185,2026-01-27 09:55:05,1,8.0,0.6436666666666667,2,Neutral,0.28063333333333335,20.0,v1.0,Hindi,Loan Collections,1,0.0,0,Low,0.0,0.0,0.0,0.0,High Value,56-65,Home Loan
6594,6f8e1e92-7146-4800-b5ab-082435305aed,81,2026-01-27 10:44:16,1,5.0,0.5218999999999999,1,Negative,-0.2448,40.0,v1.0,Tamil,Loan Application,1,0.0,0,Low,0.0,0.0,0.0,0.0,Mass,46-55,Credit Card
9921,2b407159-4ae6-4826-8a77-1e4146991fa1,1232,2026-01-27 12:03:59,0,12.0,0.8647666666666667,0,Positive,0.5046666666666667,40.0,v1.1,English,Payment Reminder,1,0.0,0,Low,0.0,1.0,0.0,0.0,High Value,26-35,Personal Loan
6622,092546a2-2e4e-4abe-b2ba-530014876c7c,1846,2026-01-27 12:22:02,0,19.0,0.7218,1,Neutral,0.15976666666666664,24.0,v1.0,Telugu,Loan Collections,1,0.0,0,Low,0.0,0.0,0.0,0.0,Mass,26-35,Personal Loan
1192,a8f29a48-016f-4ff7-baf9-7e32eb06de39,461,2026-01-27 13:18:09,1,2.0,0.2570666666666667,1,Negative,-0.46363333333333334,34.0,v1.1,English,Insurance Renewal,1,68.0,61-90,High,56350.53,0.0,0.0,0.0,High Value,46-55,Home Loan
7805,052cd75d-a162-4595-be87-1cf526e74262,758,2026-01-27 13:36:37,0,5.0,0.6649333333333334,1,Neutral,0.3383,31.0,v1.0,Telugu,Customer Support,1,50.0,31-60,Medium,88690.06,0.0,0.0,0.0,Mass,36-45,Personal Loan
1099,9e32eb76-e358-4a66-8c50-7c41a5b5b2d1,879,2026-01-27 14:30:20,1,,0.12523333333333334,3,Negative,-0.6244666666666667,34.0,v1.0,Hindi,Customer Support,1,81.0,61-90,High,59168.47,1.0,0.0,0.0,Wealth,26-35,Auto Loan
3067,3f5bbb83-63ea-4a86-a082-23ab6cfa02dd,635,2026-01-27 14:30:39,0,18.0,0.8723,1,Positive,0.4524333333333333,30.0,v2.0,English,Lead Qualification,1,0.0,0,Low,0.0,0.0,0.0,0.0,High Value,36-45,Home Loan
738,b7b66295-c9e8-4e4a-8c03-ecedc09a3333,795,2026-01-27 15:19:36,1,,0.3486666666666667,3,Neutral,-0.09349999999999999,26.0,v2.0,English,Insurance Renewal,1,78.0,61-90,High,37297.28,0.0,0.0,0.0,Mass,46-55,Home Loan
8550,52cc07f4-aa90-42c1-9a65-ca12b8972a7d,209,2026-01-27 15:28:49,1,6.0,0.25556666666666666,2,Negative,-0.6301666666666667,45.0,v1.0,Tamil,Loan Collections,2,104.0,90+,High,40224.89,1.0,1.0,4.0,Mass,36-45,Credit Card
6971,5ac1630c-5201-4ae6-8610-c9da10bf7993,287,2026-01-27 15:48:39,0,8.0,0.8346666666666667,1,Positive,0.6655333333333333,34.0,v2.0,English,Lead Qualification,1,0.0,0,Low,0.0,0.0,0.0,0.0,Premium,26-35,Auto Loan
2086,1ca92c20-8517-4af5-b896-a2bf74a2def5,1149,2026-01-27 16:16:08,0,8.0,0.7976000000000001,1,Positive,0.4581666666666666,41.0,v1.0,Tamil,Loan Application,1,0.0,0,Low,0.0,0.0,0.0,0.0,Mass,46-55,Personal Loan
1734,780d006a-da2c-4112-b994-72223928a69b,1257,2026-01-27 16:24:09,1,4.0,0.4319,1,Negative,-0.1843,38.0,v1.0,Tamil,Loan Collections,1,28.0,1-30,Low,70704.42,2.0,0.0,0.0,Mass,36-45,Credit Card
2167,8374e71a-833b-4a63-bcd8-f07460479bcd,467,2026-01-27 17:18:58,0,8.0,0.6631,1,Neutral,0.03913333333333333,44.0,v1.0,Hindi,Customer Support,1,30.0,1-30,Low,27617.96,1.0,0.0,0.0,Mass,26-35,Personal Loan
9324,78bda3d1-3650-4e55-bc3b-4e3fed2565ec,1907,2026-01-27 18:49:22,0,16.0,0.7696,1,Neutral,-0.07346666666666667,34.0,v1.0,Tamil,Insurance Renewal,1,6.0,1-30,Low,64312.83,0.0,0.0,0.0,Mass,46-55,Credit Card
4815,32715277-bda5-4210-8613-e08ee4f5620b,1386,2026-01-27 19:00:54,1,15.0,0.6124666666666667,2,Neutral,-0.1524,38.0,v1.0,Telugu,Customer Support,1,0.0,0,Low,0.0,1.0,1.0,3.0,Premium,26-35,Credit Card
8068,935b5d3b-dae2-4d06-8001-a6759c45590d,847,2026-01-27 19:31:13,0,14.0,0.7152,0,Neutral,0.13483333333333333,30.0,v1.1,English,Customer Support,1,0.0,0,Low,0.0,2.0,1.0,4.0,Mass,46-55,
8124,feb96c0e-e440-4715-8a35-df8f0598384f,1053,2026-01-27 19:31:30,0,13.0,0.5372666666666667,0,Neutral,-0.28673333333333334,40.0,v1.0,Tamil,Loan Application,1,0.0,0,Low,0.0,0.0,0.0,0.0,Mass,46-55,Personal Loan
2907,87a335e3-ca5d-4ade-9e45-77317ec1ebb8,5,2026-01-27 19:52:00,0,18.0,0.8811,0,Positive,0.5062333333333333,30.0,v2.0,English,Insurance Renewal,1,0.0,0,Low,0.0,1.0,0.0,0.0,Premium,26-35,Credit Card
9840,d617b2ad-8557-4128-b4c1-4f1fbee96aea,620,2026-01-28 09:40:06,0,5.0,0.7148333333333333,0,Neutral,0.14686666666666667,32.0,v1.1,English,Loan Collections,1,0.0,0,Low,0.0,1.0,1.0,3.0,Mass,36-45,Personal Loan
367,9c84e1df-224c-45ff-859c-960d481eef9d,1480,2026-01-28 10:43:43,1,4.0,0.4690666666666667,2,Negative,-0.36599999999999994,32.0,v1.0,Tamil,Loan Collections,1,36.0,31-60,Medium,34038.71,0.0,0.0,0.0,Premium,18-25,Home Loan
4944,0c39f588-326a-4b99-8946-6dc7b7d26358,177,2026-01-28 10:51:38,0,9.0,0.6044,0,Neutral,0.11320000000000001,32.0,v1.0,English,Lead Qualification,1,0.0,0,Low,0.0,0.0,0.0,0.0,Mass,65+,Credit Card
9252,c813fd71-64c9-4620-9672-7bc8c4a44271,1420,2026-01-28 11:05:21,0,10.0,0.7730666666666667,1,Neutral,0.3155,34.0,v1.0,English,Loan Collections,1,0.0,0,Low,0.0,1.0,1.0,1.0,Mass,36-45,Home Loan
3902,ea6263ea-bdb9-49c7-930a-c2a2bb3c5423,1715,2026-01-28 11:22:47,0,10.0,0.95045,0,Positive,0.5994666666666667,16.0,v2.0,English,Loan Collections,1,3.0,1-30,Low,81635.87,0.0,0.0,0.0,Mass,36-45,Personal Loan
9288,a136b416-22c6-4503-af1e-72ee25af2842,1957,2026-01-28 11:37:35,1,12.0,0.5280666666666667,1,Neutral,0.0068000000000000005,42.0,v1.0,English,Insurance Renewal,1,34.0,31-60,Medium,76036.69,1.0,0.0,0.0,Mass,65+,Personal Loan
6511,7127faa8-ebab-4748-a8d7-2b6a147084d3,1286,2026-01-28 12:34:34,0,10.0,0.7919999999999999,1,Positive,0.45999999999999996,30.0,v1.0,English,Insurance Renewal,1,0.0,0,Low,0.0,1.0,0.0,0.0,Premium,46-55,Personal Loan
2510,1e880a64-8ba2-4c29-ad99-7bbf2c0313cf,557,2026-01-28 12:37:29,0,9.0,0.7475999999999999,0,Neutral,0.18866666666666668,35.0,v1.0,English,Lead Qualification,2,0.0,0,Low,0.0,2.0,1.0,2.0,Mass,56-65,Personal Loan
9316,3ff6f410-7001-4cd8-983a-074122e8dbbd,1089,2026-01-28 12:41:34,1,2.0,0.49069999999999997,2,Neutral,-0.4083666666666667,31.0,v1.0,Telugu,Loan Application,1,88.0,61-90,High,49644.46,0.0,0.0,0.0,Premium,26-35,Auto Loan
2090,7b0f3d0a-4754-4230-85f7-11f914bd041e,1312,2026-01-28 13:20:04,0,13.0,0.7020666666666666,0,Neutral,0.3214000000000001,49.0,v2.0,English,Insurance Renewal,1,97.0,90+,High,58136.55,0.0,0.0,0.0,Mass,18-25,Home Loan
1963,ca325675-03ad-4426-b17b-0b8e6eb4cd97,196,2026-01-28 14:07:32,1,11.0,0.7625000000000001,2,Neutral,0.26389999999999997,41.0,v1.0,English,Payment Reminder,1,0.0,0,Low,0.0,0.0,0.0,0.0,High Value,36-45,Personal Loan
2018,578faec8-c703-4653-a2f2-dcc72499c965,753,2026-01-28 14:13:42,1,,0.3777333333333333,3,Neutral,-0.3044,37.0,v1.0,English,Payment Reminder,2,21.0,1-30,Low,11321.26,2.0,0.0,0.0,Mass,18-25,Personal Loan
7987,3d7d0f7a-93f3-4161-82d2-5a1847989bd6,1265,2026-01-28 14:14:35,1,3.0,0.514,1,Negative,-0.16763333333333333,27.0,v1.1,English,Loan Collections,1,31.0,31-60,Medium,35344.21,0.0,0.0,0.0,Mass,46-55,Personal Loan
9060,c8a6db08-f793-449c-bdb6-e3b45d9d4f91,1234,2026-01-28 16:16:17,0,11.0,0.9391666666666666,0,Positive,0.6581333333333333,25.0,v2.0,English,Loan Collections,1,0.0,0,Low,0.0,0.0,0.0,0.0,Mass,26-35,Credit Card
1787,245f7951-99aa-4cc3-9df4-9b05ddb2171b,1126,2026-01-28 16:58:39,1,9.0,0.7694666666666666,1,Positive,0.1874,25.0,v1.0,Telugu,Payment Reminder,1,9.0,1-30,Low,31877.4,0.0,0.0,0.0,High Value,26-35,Credit Card
6801,e52fc4b9-2326-4f56-b415-4971769879ef,826,2026-01-29 08:04:38,0,6.0,0.6232333333333333,0,Neutral,-0.29363333333333336,31.0,v1.0,Telugu,Insurance Renewal,1,6.0,1-30,Low,18420.93,0.0,0.0,0.0,Mass,56-65,
2977,370453d7-eec3-49d2-b4ac-b5ab054a6cc3,1200,2026-01-29 08:09:45,0,7.0,0.6587666666666666,0,Neutral,0.45683333333333337,33.0,v1.0,English,Loan Collections,1,0.0,0,Low,0.0,2.0,1.0,3.0,Premium,26-35,Personal Loan
496,1ded3ea1-ba98-4f00-a0f1-8e648cd90682,870,2026-01-29 08:12:49,0,1.0,0.8828333333333332,0,Positive,0.5484666666666667,38.0,v1.1,English,Loan Collections,2,0.0,0,Low,0.0,1.0,1.0,2.0,High Value,36-45,Home Loan
5936,7a4b912c-4ffc-4e00-8b8f-51df4eb00dcd,7,2026-01-29 08:41:48,0,5.0,0.9213666666666667,0,Positive,0.47163333333333335,30.0,v1.1,English,Loan Application,1,0.0,0,Low,0.0,1.0,0.0,0.0,Mass,26-35,Personal Loan
9007,dbdf4e8b-3020-4029-85a2-1943d65e753e,1797,2026-01-29 08:59:04,1,9.0,0.7805333333333334,2,Neutral,0.29806666666666665,37.0,v1.0,Telugu,Loan Collections,1,0.0,0,Low,0.0,0.0,0.0,0.0,Mass,26-35,Credit Card
3708,1345387a-fa95-4b4e-85be-d9aad09c8ef8,182,2026-01-29 09:10:37,1,,0.5260333333333334,3,Neutral,-0.18926666666666667,18.0,v1.0,English,Lead Qualification,1,0.0,0,Low,0.0,0.0,0.0,0.0,Mass,36-45,Credit Card
2704,fec637ad-2184-48d8-9f74-2a293c596227,252,2026-01-29 09:15:07,0,7.0,0.7528,0,Positive,0.2820666666666667,35.0,v1.0,Tamil,Insurance Renewal,1,0.0,0,Low,0.0,0.0,0.0,0.0,Premium,26-35,Personal Loan
53,babb5a24-97b2-48ba-8094-811183889554,1411,2026-01-29 09:18:59,0,5.0,0.9256000000000001,1,Neutral,0.41500000000000004,29.0,v1.0,Hindi,Loan Collections,2,0.0,0,Low,0.0,2.0,1.0,2.0,Wealth,18-25,Personal Loan
222,e88bd3ad-4dbe-4318-a467-4045baa3dcff,69,2026-01-29 09:21:16,0,14.0,0.7106666666666667,0,Neutral,0.23536666666666664,37.0,v1.0,Hindi,Payment Reminder,1,0.0,0,Low,0.0,2.0,1.0,2.0,Mass,36-45,Credit Card
4552,ca086ca5-c6bd-477e-b126-a7123328a4b5,1852,2026-01-29 09:29:30,1,1.0,0.47456666666666664,1,Neutral,-0.14306666666666665,31.0,v1.0,Tamil,Lead Qualification,1,0.0,0,Low,0.0,0.0,0.0,0.0,Mass,26-35,Personal Loan
5941,25f5d278-2337-4fac-ab6e-38a67135635b,718,2026-01-29 09:47:15,1,6.0,0.6807666666666666,2,Neutral,-0.05343333333333333,44.0,v1.1,English,Loan Collections,1,0.0,0,Low,0.0,1.0,0.0,0.0,Premium,26-35,Personal Loan
9824,b5644820-d5f8-4971-8e20-cecb8762db0d,1014,2026-01-29 10:18:55,0,10.0,0.5524666666666667,1,Positive,0.26033333333333336,25.0,v1.0,Hindi,Loan Application,1,0.0,0,Low,0.0,0.0,0.0,0.0,Mass,56-65,Personal Loan
9592,accb2371-5f49-4d82-8eaf-c4048795bc2a,1500,2026-01-29 11:20:15,0,16.0,0.8729333333333334,1,Neutral,0.3081333333333333,43.0,v1.1,English,Insurance Renewal,1,28.0,1-30,Low,34745.84,1.0,1.0,2.0,Mass,46-55,Personal Loan
4394,9007a381-38ed-4346-88dc-05d6986af797,1927,2026-01-29 11:56:02,1,6.0,0.5682666666666667,0,Negative,-0.15213333333333331,39.0,v1.0,Telugu,Loan Collections,1,0.0,0,Low,0.0,1.0,0.0,1.0,Mass,46-55,Personal Loan
8689,d1b8d5bf-5891-46b0-91f4-be16b852be0e,1666,2026-01-29 12:17:37,1,6.0,0.4949666666666667,2,Neutral,-0.13970000000000002,41.0,v1.0,Hindi,Customer Support,1,0.0,0,Low,0.0,0.0,0.0,0.0,Mass,36-45,Home Loan
7040,9d760649-6cb2-4aa3-99ba-68d0f1d4776b,1804,2026-01-29 13:30:20,0,14.0,0.6972666666666667,1,Negative,-0.18793333333333337,35.0,v1.0,Hindi,Insurance Renewal,1,0.0,0,Low,0.0,1.0,0.0,0.0,Mass,36-45,Credit Card
5623,f78145a4-ec24-4263-8348-04192e2581dc,13,2026-01-29 14:03:25,0,18.0,0.8569999999999999,0,Neutral,0.19440000000000002,31.0,v1.1,English,Lead Qualification,1,0.0,0,Low,0.0,1.0,0.0,0.0,Mass,36-45,Credit Card
1438,d68325a4-b63b-4d29-b793-2727e4a37770,755,2026-01-29 15:20:30,1,,0.24096666666666666,3,Negative,-0.46003333333333335,39.0,v1.0,Hindi,Lead Qualification,1,110.0,90+,High,30163.45,0.0,0.0,0.0,Mass,36-45,Personal Loan
7349,a0dfd532-1ae6-4012-9155-3d98b93f50a5,563,2026-01-29 15:21:51,1,2.0,0.6719666666666667,2,Neutral,-0.0909,39.0,v1.0,Hindi,Insurance Renewal,1,37.0,31-60,Medium,62589.05,2.0,0.0,1.0,Premium,46-55,Personal Loan
7983,7a7fa8db-4894-4bc5-a78f-48b46a43a7d8,860,2026-01-29 16:20:04,1,,0.7527333333333334,3,Neutral,0.37326666666666664,42.0,v1.0,Hindi,Lead Qualification,1,0.0,0,Low,0.0,2.0,0.0,0.0,Mass,36-45,Home Loan
1841,b1c147d7-2823-4de6-b91d-ee23df3de410,477,2026-01-29 17:10:11,1,4.0,0.5343666666666667,1,Negative,-0.29223333333333334,30.0,v1.1,English,Loan Collections,1,72.0,61-90,High,29657.75,0.0,0.0,0.0,Premium,46-55,Credit Card
7478,c0692c43-d095-463d-ad97-7b6c86e4261c,56,2026-01-29 17:26:42,1,12.0,0.8346,2,Positive,0.5872999999999999,50.0,v1.1,English,Loan Application,1,0.0,0,Low,0.0,2.0,0.0,2.0,Premium,18-25,Credit Card
5283,e63a6472-2831-4d86-ad90-cbb0172a8285,1349,2026-01-29 17:28:13,1,9.0,0.6903,1,Positive,0.13983333333333334,31.0,v1.0,Telugu,Lead Qualification,1,0.0,0,Low,0.0,0.0,0.0,0.0,High Value,46-55,Credit Card
8059,05969730-ec58-4a26-b18b-24802ea7ca9f,1426,2026-01-29 17:50:00,0,5.0,0.9354999999999999,1,Positive,0.5087333333333333,32.0,v1.1,English,Insurance Renewal,1,0.0,0,Low,0.0,1.0,0.0,0.0,Mass,36-45,Personal Loan
7691,3d4cf24f-edcd-4f56-acfb-eadb2b81dba0,1086,2026-01-29 18:01:36,0,11.0,0.7924666666666668,1,Neutral,0.25179999999999997,38.0,v1.0,Telugu,Insurance Renewal,1,34.0,31-60,Medium,71783.0,0.0,0.0,0.0,Mass,46-55,Home Loan
8996,ef50a5d7-0b7b-428b-847a-d984d253e890,387,2026-01-29 18:22:13,0,1.0,0.9169,0,Positive,0.547,49.0,v1.1,English,Loan Collections,1,0.0,0,Low,0.0,1.0,0.0,1.0,Premium,26-35,
4347,10476309-25fc-47a7-a0ae-f14491aa6b01,1354,2026-01-29 18:25:22,0,19.0,0.9138333333333334,0,Positive,0.5999666666666666,34.0,v2.0,English,Customer Support,1,0.0,0,Low,0.0,0.0,0.0,0.0,Mass,18-25,Personal Loan
3868,66143746-e3d1-4d0f-a167-1e18531a687c,1859,2026-01-29 19:23:14,0,1.0,0.9412666666666666,1,Positive,0.6016333333333334,45.0,v2.0,English,Insurance Renewal,1,0.0,0,Low,0.0,1.0,0.0,0.0,Premium,26-35,Home Loan
6697,4c508861-4c76-406f-b707-cfe6ec4b445b,638,2026-01-30 08:37:24,1,4.0,0.6253666666666667,2,Neutral,-0.09140000000000002,30.0,v1.0,Hindi,Lead Qualification,1,14.0,1-30,Low,58560.35,2.0,1.0,1.0,Premium,36-45,Home Loan
2871,674ffb8f-d9de-4029-b270-9d3a86e29515,466,2026-01-30 09:16:59,0,19.0,0.6168,1,Neutral,0.11696666666666666,20.0,v1.0,English,Insurance Renewal,1,24.0,1-30,Low,23215.43,1.0,0.0,0.0,Mass,18-25,Auto Loan
4571,126ffdbb-45d5-41c1-a209-91954b0959ff,39,2026-01-30 09:24:34,0,15.0,0.6219666666666667,1,Neutral,0.09273333333333335,30.0,v2.0,English,Payment Reminder,1,47.0,31-60,Medium,1000.0,0.0,0.0,0.0,Mass,46-55,Home Loan
3122,321ac1cf-e42d-41df-8727-5d061aff07c4,1953,2026-01-30 09:39:03,1,6.0,0.5339333333333333,1,Neutral,-0.1074,42.0,v1.0,English,Loan Collections,1,0.0,0,Low,0.0,1.0,1.0,2.0,Premium,18-25,Credit Card
926,7c33b01b-c346-4e4e-83c5-bb5ec4863d7c,738,2026-01-30 09:59:11,0,14.0,0.8175666666666667,0,Neutral,0.09123333333333333,29.0,v1.0,Telugu,Loan Application,1,14.0,1-30,Low,39400.38,1.0,0.0,1.0,Premium,36-45,Credit Card
7947,2eab7690-7020-4110-ba8f-9c28c27e59cf,824,2026-01-30 10:16:12,1,10.0,0.35506666666666664,1,Negative,-0.34756666666666663,34.0,v1.0,English,Loan Collections,1,2.0,1-30,Low,42119.77,0.0,0.0,0.0,Mass,36-45,Home Loan
2027,071b6731-f941-4459-8ca4-ff07c467926c,788,2026-01-30 10:43:06,0,4.0,0.7789666666666667,2,Positive,0.4768666666666667,38.0,v2.0,English,Loan Collections,1,0.0,0,Low,0.0,2.0,0.0,1.0,Premium,26-35,Personal Loan
1615,8fa8a273-7ccc-4cf5-a1b4-bffe67362c08,278,2026-01-30 11:29:11,1,,0.28309999999999996,3,Negative,-0.43910000000000005,39.0,v1.0,Telugu,Insurance Renewal,1,0.0,0,Low,0.0,1.0,0.0,0.0,Premium,18-25,Personal Loan
9025,0366ed2e-0ba4-4c5a-9d82-ea519d302865,1370,2026-01-30 11:51:13,1,2.0,0.2161,1,Negative,-0.40406666666666663,28.0,v1.0,Hindi,Loan Application,1,85.0,61-90,High,35773.66,0.0,0.0,0.0,Mass,46-55,Home Loan
4781,746f6bb3-a2a9-4eec-a9db-d95d0d3a3c52,1909,2026-01-30 12:11:34,0,13.0,0.9332666666666666,0,Positive,0.43793333333333334,33.0,v2.0,English,Loan Application,1,14.0,1-30,Low,34535.76,0.0,0.0,0.0,Mass,56-65,Personal Loan
7455,f2d28ad1-e485-4e5f-81d7-7d032648da39,479,2026-01-30 14:50:57,0,13.0,0.7273333333333333,1,Positive,0.2976666666666667,49.0,v1.0,Telugu,Customer Support,2,0.0,0,Low,0.0,1.0,0.0,1.0,Premium,36-45,Credit Card
6751,7b86e8c6-2180-4ee1-9674-1d72e6fe8697,1653,2026-01-30 15:13:33,0,1.0,0.8224666666666667,0,Positive,0.23993333333333333,45.0,v1.0,English,Customer Support,1,0.0,0,Low,0.0,1.0,0.0,1.0,Mass,46-55,Home Loan
2792,fbc71ecd-6023-4462-9d8b-adfa3e5c3c6e,1229,2026-01-30 15:28:19,0,15.0,0.4455,1,Negative,-0.0602,41.0,v1.0,Telugu,Loan Collections,1,0.0,0,Low,0.0,0.0,0.0,0.0,Mass,36-45,Personal Loan
525,a617df84-c78e-4b62-9c73-c11fcd36f3af,997,2026-01-30 15:40:40,1,10.0,0.5187,2,Neutral,0.13073333333333334,48.0,v1.0,Hindi,Loan Collections,1,113.0,90+,High,48655.85,0.0,0.0,0.0,Mass,46-55,Home Loan
6987,479009b1-6e0b-48da-9ac4-0fd15c917eb7,1697,2026-01-30 15:55:42,1,,0.2431333333333333,3,Negative,-0.46790000000000004,27.0,v1.0,Hindi,Insurance Renewal,1,81.0,61-90,High,48070.95,2.0,0.0,1.0,Premium,36-45,Auto Loan
9041,6a07993e-4a6e-4a36-8432-3c90d6b940a2,1970,2026-01-30 16:16:59,1,17.0,0.4432333333333333,0,Negative,-0.3869666666666666,38.0,v1.0,Tamil,Loan Collections,1,0.0,0,Low,0.0,2.0,0.0,1.0,Mass,36-45,Credit Card
4536,28983ca8-34e0-459c-b996-f98950c53bd2,1468,2026-01-30 16:17:09,1,,0.377,3,Neutral,-0.042166666666666665,30.0,v1.0,English,Lead Qualification,1,52.0,31-60,Medium,30196.86,0.0,0.0,0.0,High Value,46-55,
1850,9fdbfb09-9324-4f4a-9a48-6883b7bf0d8f,863,2026-01-30 16:21:51,1,17.0,0.48146666666666665,1,Negative,-0.3873666666666667,34.0,v2.0,English,Loan Collections,1,72.0,61-90,High,68385.43,1.0,0.0,0.0,Mass,46-55,Credit Card
4059,6e525555-9b0b-445b-88c4-0cb58c46e3e2,1539,2026-01-30 16:24:21,0,15.0,0.6648000000000001,0,Neutral,0.07613333333333334,42.0,v1.1,English,Insurance Renewal,1,0.0,0,Low,0.0,0.0,0.0,0.0,Mass,36-45,Personal Loan
8151,63f6be93-60ef-4411-ad57-7f1f1312aa6a,473,2026-01-30 16:35:12,1,14.0,0.25633333333333336,2,Negative,-0.6027,27.0,v1.1,English,Lead Qualification,1,90.0,61-90,High,33341.03,3.0,1.0,2.0,Mass,26-35,Credit Card
2790,dd8a8570-3553-4cb4-bc99-a895b8b1d98d,340,2026-01-30 16:54:31,0,14.0,0.8269333333333334,1,Positive,0.3463333333333334,33.0,v2.0,English,Loan Application,1,0.0,0,Low,0.0,1.0,0.0,0.0,Mass,46-55,Personal Loan
4007,c6e98128-c600-4652-a118-deb9677a4073,1885,2026-01-30 17:11:04,0,10.0,0.6947000000000001,0,Negative,-0.2629666666666666,24.0,v1.0,Telugu,Loan Collections,1,78.0,61-90,High,45947.97,1.0,0.0,1.0,Mass,26-35,Credit Card
754,7501a6c3-436b-49f5-94a1-985dec0e1353,687,2026-01-30 18:19:24,1,1.0,0.4736666666666667,2,Neutral,-0.1615,34.0,v1.0,Hindi,Loan Collections,1,79.0,61-90,High,56176.5,0.0,0.0,0.0,Mass,36-45,Credit Card
8660,b1f31776-dbc6-4331-b184-f08365cedaf3,1474,2026-01-30 18:23:13,1,11.0,0.7647666666666666,1,Neutral,-0.04879999999999999,35.0,v1.0,Tamil,Loan Application,1,17.0,1-30,Low,62585.76,1.0,0.0,0.0,Mass,56-65,Auto Loan
8525,5bfb68ab-f458-443a-a6ec-8bc9d0fbb84f,1602,2026-01-30 18:40:06,0,7.0,0.9587333333333333,1,Positive,0.6795333333333332,46.0,v2.0,English,Loan Application,1,0.0,0,Low,0.0,2.0,2.0,7.0,Premium,26-35,Credit Card
4765,833ec69a-0fe3-4a36-9f76-065519bffda9,1890,2026-01-30 18:42:33,0,11.0,0.8411333333333334,0,Neutral,0.19610000000000002,30.0,v1.0,Hindi,Customer Support,1,20.0,1-30,Low,49173.77,1.0,0.0,0.0,Premium,36-45,Credit Card
1913,9ab3884b-b725-48f1-9662-173070477878,1685,2026-01-30 19:12:05,0,19.0,0.7656666666666667,0,Positive,0.3329666666666667,46.0,v1.0,Tamil,Insurance Renewal,2,0.0,0,Low,0.0,1.0,0.0,0.0,Mass,18-25,Personal Loan
7290,1cf26299-6813-40f1-ba65-925f1a59c0e3,300,2026-01-30 19:25:38,0,5.0,0.8692333333333333,0,Positive,0.5214333333333333,32.0,v1.0,Telugu,Lead Qualification,1,0.0,0,Low,0.0,0.0,0.0,0.0,Mass,46-55,Credit Card
1580,34cb9437-f6e3-4f8d-828d-f2e85db9d293,1013,2026-01-31 08:04:22,0,15.0,0.7959333333333333,0,Positive,0.41406666666666664,35.0,v2.0,English,Loan Collections,1,0.0,0,Low,0.0,0.0,0.0,0.0,High Value,26-35,Credit Card
4340,aa5852b1-9f6b-4343-8298-5a1dc9dd1b5d,2,2026-01-31 09:08:52,1,,0.4203666666666666,3,Negative,-0.5296333333333333,31.0,v1.0,Hindi,Customer Support,1,50.0,31-60,Medium,56867.06,1.0,0.0,0.0,Mass,46-55,Personal Loan
8659,5df95efd-3628-4556-9362-3bc2495f4ab1,1420,2026-01-31 09:37:34,0,8.0,0.7264666666666667,0,Neutral,0.19823333333333334,23.0,v1.1,English,Insurance Renewal,1,41.0,31-60,Medium,9945.94,2.0,1.0,2.0,Mass,36-45,Home Loan
428,4dda0246-9a2d-4e28-b7a7-d2c32a36dd1d,451,2026-01-31 10:36:10,0,3.0,0.3302333333333333,2,Neutral,-0.36389999999999995,33.0,v1.1,English,Insurance Renewal,1,99.0,90+,High,83856.99,2.0,0.0,0.0,Mass,18-25,Home Loan
2333,9332abc4-6d62-40fd-bf28-bb71fa2aa1bd,587,2026-01-31 11:15:21,1,8.0,0.7669333333333334,1,Neutral,0.3557333333333333,38.0,v1.1,English,Loan Collections,2,0.0,0,Low,0.0,1.0,0.0,0.0,Mass,36-45,Personal Loan
7343,ad817838-14b1-4bdc-9ca2-c8532425c451,628,2026-01-31 11:25:44,1,13.0,0.22706666666666667,2,Neutral,-0.41219999999999996,37.0,v1.0,Hindi,Loan Application,1,105.0,90+,High,53023.51,1.0,0.0,1.0,Premium,36-45,Credit Card
748,b4e7a8d6-50e1-48e2-9a10-b40cddc79c8c,1981,2026-01-31 12:06:19,0,12.0,0.6559333333333334,1,Neutral,0.23293333333333333,34.0,v1.0,Telugu,Insurance Renewal,1,0.0,0,Low,0.0,1.0,0.0,0.0,Premium,36-45,Credit Card
2234,13385fd1-da49-40f6-b5b8-b867fe551318,734,2026-01-31 12:15:41,0,2.0,0.33793333333333336,1,Negative,-0.6327333333333334,35.0,v1.0,English,Loan Application,1,83.0,61-90,High,81934.12,0.0,0.0,0.0,Wealth,46-55,Personal Loan
9052,3f42e74e-df91-4211-bc45-9f8b096fc6e9,1178,2026-01-31 12:22:05,0,1.0,0.7777333333333334,0,Neutral,0.28996666666666665,51.0,v2.0,English,Customer Support,1,27.0,1-30,Low,38059.62,0.0,0.0,0.0,Wealth,36-45,Personal Loan
3607,9cb882c9-0122-4e46-85bf-0df27c4e53ed,1775,2026-01-31 13:41:42,1,14.0,0.4989333333333333,1,Negative,-0.24910000000000002,36.0,v1.0,Tamil,Loan Collections,2,29.0,1-30,Low,50330.02,1.0,0.0,0.0,Mass,36-45,Credit Card
7875,23114405-dfa1-495b-a399-6fc52ba0352d,447,2026-01-31 13:50:49,0,19.0,0.6966333333333333,1,Neutral,-0.0023333333333333353,31.0,v1.1,English,Lead Qualification,1,56.0,31-60,Medium,72394.29,0.0,0.0,0.0,Mass,46-55,Auto Loan
6710,bfc50fcf-535b-42a7-911e-5169b143beee,1117,2026-01-31 14:00:43,0,6.0,0.5927333333333333,1,Positive,0.27299999999999996,48.0,v1.1,English,Loan Application,1,0.0,0,Low,0.0,0.0,0.0,0.0,Mass,36-45,Credit Card
8366,b5d7bc37-9690-4908-8191-3013b30f5f40,1767,2026-01-31 14:14:20,0,1.0,0.8319333333333333,1,Positive,0.3703,34.0,v1.0,Hindi,Payment Reminder,1,0.0,0,Low,0.0,3.0,1.0,3.0,Mass,46-55,Credit Card
6188,78c2a8e3-6a6a-4af4-aac5-67236cd4adcc,399,2026-01-31 14:21:51,0,19.0,0.5849333333333333,0,Neutral,0.08773333333333333,41.0,v1.0,English,Lead Qualification,1,28.0,1-30,Low,32919.56,3.0,0.0,1.0,Premium,36-45,Personal Loan
4604,117a3639-1e5f-44c0-85dc-c6141ad989af,324,2026-01-31 14:26:11,1,5.0,0.6223666666666666,2,Neutral,-0.26533333333333337,32.0,v1.0,Hindi,Customer Support,1,41.0,31-60,Medium,35654.79,0.0,0.0,0.0,Mass,26-35,Personal Loan
2587,8394ddb7-e267-4e22-b859-a3bea0f3a12c,1180,2026-01-31 14:33:57,0,7.0,0.9546666666666667,1,Positive,0.541,28.0,v2.0,English,Loan Collections,1,0.0,0,Low,0.0,0.0,0.0,0.0,Premium,26-35,Credit Card
7575,daa25475-cda9-4a18-9db1-f83658c643a2,1899,2026-01-31 14:49:12,1,8.0,0.6215333333333333,1,Neutral,-0.2323333333333333,33.0,v1.1,English,Loan Application,2,107.0,90+,High,21632.72,2.0,1.0,3.0,Mass,26-35,Credit Card
6463,25b0f962-b632-4bf0-becf-6993f3e3fab5,754,2026-01-31 14:51:00,0,6.0,0.7385666666666667,1,Positive,-0.075,25.0,v1.1,English,Insurance Renewal,1,0.0,0,Low,0.0,0.0,0.0,0.0,Mass,36-45,Credit Card
9619,4ed35ff3-4e2b-4cd8-a05b-a9c7c7a8d336,836,2026-01-31 15:01:11,0,8.0,0.6850666666666667,1,Neutral,0.14593333333333333,43.0,v1.0,Hindi,Loan Collections,1,0.0,0,Low,0.0,0.0,0.0,0.0,Mass,46-55,Auto Loan
5555,db191687-70ad-4332-9820-14b446618e0e,1008,2026-01-31 15:23:41,0,2.0,0.7591666666666667,0,Positive,0.14503333333333332,28.0,v2.0,English,Customer Support,1,70.0,61-90,High,74010.51,1.0,0.0,0.0,Premium,36-45,Personal Loan
8985,d4f8df6e-fe62-468f-b2e1-ce4acf992727,176,2026-01-31 15:30:50,0,19.0,0.8062333333333332,0,Neutral,0.3184333333333333,40.0,v1.0,Tamil,Loan Collections,1,0.0,0,Low,0.0,1.0,0.0,0.0,Mass,36-45,Credit Card
1494,d36e351b-96f6-4e3f-8683-c14ee648ce45,1273,2026-01-31 16:12:42,0,7.0,0.9538333333333333,0,Positive,0.5741666666666667,15.0,v2.0,English,Lead Qualification,1,8.0,1-30,Low,11235.1,0.0,0.0,0.0,Mass,36-45,Personal Loan
2606,134135de-be16-42bc-a32b-e98587c1e5f0,1502,2026-01-31 16:33:07,0,16.0,0.8934333333333333,0,Neutral,0.3700666666666667,43.0,v1.1,English,Loan Collections,1,0.0,0,Low,0.0,0.0,0.0,0.0,High Value,36-45,Personal Loan
2143,84327cb4-3bce-46d4-86aa-71ab6ea85c64,1800,2026-01-31 17:44:08,0,16.0,0.6762333333333334,0,Neutral,0.2041333333333333,48.0,v1.0,English,Customer Support,1,0.0,0,Low,0.0,3.0,2.0,4.0,Mass,26-35,Personal Loan
6726,8d8c038e-1399-4272-b316-fda3dc376e6a,1520,2026-01-31 19:06:53,1,4.0,0.654,1,Neutral,-0.11056666666666666,41.0,v1.0,Hindi,Customer Support,1,0.0,0,Low,0.0,0.0,0.0,0.0,Mass,18-25,Credit Card
7498,3de731a6-9e6b-49ee-9bc7-95b590f8dd40,873,2026-01-31 19:08:51,1,7.0,0.6177666666666667,1,Neutral,-0.1995,36.0,v1.0,English,Insurance Renewal,1,38.0,31-60,Medium,39343.04,0.0,0.0,0.0,Premium,56-65,Credit Card
8049,9cdb0f5d-e80e-4f5d-a3af-56e71cfa65ad,826,2026-01-31 19:42:25,0,19.0,0.8373666666666667,0,Neutral,0.06326666666666668,38.0,v1.0,Tamil,Payment Reminder,1,0.0,0,Low,0.0,1.0,0.0,0.0,Mass,56-65,
1794,094c0ca9-6eb5-48ac-b56d-92ddb7e065ee,1583,2026-01-31 19:43:31,0,19.0,0.6856333333333332,0,Neutral,-0.16413333333333333,36.0,v1.0,English,Customer Support,1,30.0,1-30,Low,68230.75,0.0,0.0,0.0,Wealth,26-35,Credit Card
485,5e0a6bb7-a99a-49dd-a38e-88b364759ffa,1182,2026-02-01 09:41:47,1,3.0,0.49876666666666675,1,Negative,-0.1425,40.0,v1.1,English,Loan Collections,1,81.0,61-90,High,49438.03,0.0,0.0,0.0,Mass,46-55,Personal Loan
9055,934c303d-912a-4501-be11-0bb1bcd27aaa,1639,2026-02-01 10:11:55,1,,0.6679333333333334,3,Negative,-0.08623333333333334,42.0,v1.1,English,Payment Reminder,1,9.0,1-30,Low,60102.53,0.0,0.0,0.0,High Value,36-45,Personal Loan
9183,060c5bbf-e9f9-4884-9dc5-d0520d11d493,1356,2026-02-01 10:42:21,0,10.0,0.8258333333333333,2,Positive,0.21156666666666668,38.0,v1.0,Telugu,Loan Collections,1,0.0,0,Low,0.0,0.0,0.0,0.0,Premium,26-35,Credit Card
4115,1f92c061-fa8e-403e-b7bd-d806bc87803d,541,2026-02-01 10:47:57,0,11.0,0.9212000000000001,0,Neutral,0.3320666666666667,43.0,v1.1,English,Lead Qualification,1,0.0,0,Low,0.0,0.0,0.0,0.0,Premium,56-65,Credit Card
6754,36677a36-caa2-4923-bf81-e81b15ad854d,254,2026-02-01 11:11:57,0,8.0,0.8548333333333332,0,Neutral,0.2977,35.0,v2.0,English,Insurance Renewal,1,33.0,31-60,Medium,91996.97,1.0,1.0,3.0,Mass,36-45,Credit Card
5110,28b0f843-6769-4594-aa15-599a9b80713e,55,2026-02-01 11:36:01,1,1.0,0.16226666666666667,2,Negative,-0.6584666666666666,32.0,v1.0,Telugu,Lead Qualification,1,112.0,90+,High,50466.6,0.0,0.0,0.0,Premium,36-45,Home Loan
9154,ced072ba-1dcc-4fc8-8171-3ef967164f7a,1420,2026-02-01 12:57:45,0,16.0,0.8049,0,Positive,0.4159333333333333,30.0,v1.0,Telugu,Loan Collections,1,0.0,0,Low,0.0,4.0,2.0,3.0,Mass,36-45,Home Loan
808,631bfe61-f6a4-431b-85f5-f071692cb355,741,2026-02-01 12:58:24,0,16.0,0.7031666666666667,0,Positive,0.16043333333333334,42.0,v1.0,English,Insurance Renewal,1,0.0,0,Low,0.0,1.0,0.0,0.0,Premium,46-55,Personal Loan
893,72e42f51-2347-48c2-bbee-4db4ea201ad7,1271,2026-02-01 13:36:29,1,,0.4432666666666667,3,Neutral,-0.21056666666666665,42.0,v1.0,Hindi,Loan Collections,1,82.0,61-90,High,29308.93,1.0,0.0,0.0,Mass,26-35,Personal Loan
7747,a682692b-e8fa-4803-992f-9e02f62e2f65,577,2026-02-01 13:42:49,0,5.0,0.8677,1,Positive,0.5327666666666667,52.0,v1.0,Hindi,Lead Qualification,1,0.0,0,Low,0.0,2.0,1.0,2.0,Mass,36-45,Credit Card
63,d78fa790-7e69-45eb-9a98-5d7a4b03080e,1856,2026-02-01 14:11:39,1,14.0,0.6041666666666666,2,Neutral,-0.0654,36.0,v1.0,Tamil,Customer Support,1,0.0,0,Low,0.0,0.0,0.0,0.0,Mass,36-45,Personal Loan
566,de0243fa-6640-4063-8c54-b6aef317b08a,903,2026-02-01 15:57:01,1,5.0,0.8775,0,Positive,0.46703333333333336,31.0,v1.0,Tamil,Customer Support,1,0.0,0,Low,0.0,0.0,0.0,0.0,Mass,36-45,Auto Loan
1004,291fcac4-c08b-468b-87d9-3e3822bbf29e,310,2026-02-01 15:59:06,1,7.0,0.5439333333333333,1,Neutral,-0.2473,41.0,v1.0,Hindi,Insurance Renewal,1,0.0,0,Low,0.0,1.0,1.0,2.0,High Value,36-45,Credit Card
7574,2f22f13f-2648-44ee-b910-d7cffb75b4fd,971,2026-02-01 16:44:11,1,4.0,0.5035666666666666,2,Neutral,-0.15963333333333332,40.0,v1.0,English,Loan Application,1,83.0,61-90,High,43771.18,0.0,0.0,0.0,Premium,46-55,Credit Card
6386,7af70d1a-c484-4632-8d39-a84dd1aa3617,1762,2026-02-01 16:47:16,0,5.0,0.8754333333333334,1,Positive,0.4756,39.0,v1.0,Tamil,Insurance Renewal,1,0.0,0,Low,0.0,1.0,1.0,4.0,Mass,46-55,
215,4ba69c85-3297-4986-be64-c32192cae807,940,2026-02-01 17:49:40,0,12.0,0.7255666666666666,1,Positive,0.06953333333333334,40.0,v1.0,Tamil,Loan Collections,1,0.0,0,Low,0.0,2.0,1.0,3.0,Mass,26-35,Personal Loan
8144,2dac7165-2373-4b9b-9265-6072d0fd5a86,696,2026-02-01 17:52:21,1,,0.17679999999999998,3,Negative,-0.5524333333333333,32.0,v1.0,Hindi,Insurance Renewal,1,113.0,90+,High,56475.43,1.0,1.0,4.0,Mass,18-25,Home Loan
8480,47cb1786-209a-445e-ba83-65ab4db6004e,719,2026-02-01 18:14:56,0,8.0,0.6980666666666666,0,Neutral,0.2413,32.0,v1.0,Telugu,Loan Collections,1,0.0,0,Low,0.0,2.0,0.0,2.0,Wealth,36-45,Credit Card
4722,9948491d-7b93-48e2-88b0-29a8d1688897,293,2026-02-01 18:33:09,1,11.0,0.6852333333333332,2,Positive,0.4799,31.0,v1.0,Tamil,Payment Reminder,1,0.0,0,Low,0.0,1.0,0.0,1.0,Mass,26-35,
6157,f837012c-82ab-4f98-8fcc-94fd5f794c5d,257,2026-02-02 08:27:59,0,9.0,0.7667999999999999,0,Positive,0.24866666666666667,32.0,v1.0,English,Lead Qualification,1,0.0,0,Low,0.0,0.0,0.0,0.0,Mass,46-55,Credit Card
7110,fdc9e636-c3fa-4ccc-9798-f9db75b9277c,226,2026-02-02 08:46:20,0,11.0,0.7730333333333334,0,Positive,0.3661666666666667,33.0,v1.0,English,Payment Reminder,1,0.0,0,Low,0.0,0.0,0.0,0.0,Mass,56-65,Personal Loan
6241,ac6f30dd-9656-4681-90f5-dd0d7265d191,1827,2026-02-02 09:29:33,0,1.0,0.8235666666666667,0,Neutral,0.4211666666666667,41.0,v1.0,Hindi,Loan Collections,1,0.0,0,Low,0.0,1.0,0.0,0.0,Mass,18-25,Credit Card
3885,c91a9f8d-457d-42df-be05-0ad168eea317,33,2026-02-02 09:53:02,0,10.0,0.9112999999999999,0,Positive,0.6144333333333333,35.0,v1.1,English,Loan Application,1,0.0,0,Low,0.0,1.0,0.0,1.0,Premium,26-35,Personal Loan
6960,3f05b084-d503-4632-9cbc-b73551730402,150,2026-02-02 09:55:09,0,5.0,0.6877333333333334,0,Neutral,0.05456666666666666,36.0,v1.0,Telugu,Customer Support,1,0.0,0,Low,0.0,0.0,0.0,0.0,Mass,26-35,Credit Card
1857,9ab46125-68ec-4c22-aa46-8d70475e328a,917,2026-02-02 10:14:27,1,,0.1998,3,Negative,-0.42863333333333337,37.0,v1.0,Tamil,Loan Application,1,111.0,90+,High,87745.84,0.0,0.0,0.0,Mass,26-35,Personal Loan
4049,56a39b30-2dde-4569-bec9-d30cee74d646,1686,2026-02-02 11:02:55,0,19.0,0.9460000000000001,0,Positive,0.6856333333333332,39.0,v2.0,English,Loan Application,1,0.0,0,Low,0.0,0.0,0.0,0.0,Mass,18-25,Home Loan
3683,7f696b7f-c861-4252-807f-8bae16d9cc50,1894,2026-02-02 11:12:35,1,3.0,0.6717333333333334,2,Neutral,0.12833333333333333,47.0,v1.1,English,Loan Collections,1,2.0,1-30,Low,35394.89,3.0,0.0,3.0,Premium,46-55,Personal Loan
5775,279a3901-1684-4b1e-a171-16b9dd8b044d,205,2026-02-02 12:00:26,1,3.0,0.7431666666666666,2,Neutral,0.1337,35.0,v2.0,English,Lead Qualification,1,0.0,0,Low,0.0,2.0,1.0,3.0,Premium,26-35,Personal Loan
9150,3398a4d6-d34f-4d93-ad31-2950e507a039,1356,2026-02-02 13:15:03,0,11.0,0.7852333333333333,2,Positive,0.5684333333333333,35.0,v1.0,Hindi,Loan Collections,1,0.0,0,Low,0.0,1.0,0.0,2.0,Premium,26-35,Credit Card
2744,ae4ca9f3-de48-4f07-9efd-397eb68437f7,1846,2026-02-02 14:09:47,1,,0.18346666666666667,3,Negative,-0.6617000000000001,26.0,v1.0,Tamil,Lead Qualification,1,95.0,90+,High,68257.87,1.0,0.0,1.0,Mass,26-35,Personal Loan
3948,82e62c64-5614-4967-bbe0-0a034e804f4d,1513,2026-02-02 14:18:23,1,19.0,0.7589,1,Neutral,0.17923333333333336,37.0,v1.0,Telugu,Loan Collections,1,0.0,0,Low,0.0,0.0,0.0,0.0,Mass,18-25,Credit Card
5384,9dd19ffa-21fe-4207-bfdb-05da5b88b66e,1110,2026-02-02 14:25:07,1,5.0,0.17243333333333333,2,Neutral,-0.4799333333333333,42.0,v1.0,English,Loan Application,1,114.0,90+,High,92435.34,1.0,0.0,1.0,Mass,26-35,Personal Loan
6120,549198e9-5fe1-4a8e-9b95-c382c16c85b0,1739,2026-02-02 14:34:08,0,16.0,0.7995666666666666,1,Positive,0.3697333333333333,35.0,v2.0,English,Loan Application,1,13.0,1-30,Low,46917.89,2.0,0.0,2.0,Mass,18-25,Personal Loan
4177,d9493292-17a8-4deb-805a-3899be0d20e4,1391,2026-02-02 14:48:44,0,12.0,0.8053,0,Neutral,0.5200666666666667,37.0,v2.0,English,Insurance Renewal,1,71.0,61-90,High,58644.99,1.0,0.0,0.0,Mass,26-35,Home Loan
8035,1a705566-277b-4620-9242-aa56b919e7f9,733,2026-02-02 14:53:06,0,13.0,0.6287666666666666,0,Neutral,0.23056666666666667,38.0,v1.0,English,Loan Application,1,2.0,1-30,Low,43692.8,3.0,0.0,0.0,Mass,26-35,Credit Card
195,e9802fa3-4c61-43ee-b92b-f0b1e1646bbd,894,2026-02-02 16:00:26,1,3.0,0.46399999999999997,2,Neutral,-0.16233333333333333,42.0,v1.1,English,Payment Reminder,1,80.0,61-90,High,38126.5,0.0,0.0,0.0,Mass,46-55,Credit Card
6415,40e85853-bce6-4e9c-bcad-7de6e85988a4,1374,2026-02-02 16:27:19,0,9.0,0.8258333333333333,1,Positive,0.3615333333333333,31.0,v1.1,English,Insurance Renewal,1,0.0,0,Low,0.0,0.0,0.0,0.0,Mass,26-35,Credit Card
2562,1168882e-8416-469c-b64a-a460d0fbc30b,390,2026-02-02 17:31:14,0,1.0,0.9535999999999999,0,Positive,0.6398333333333334,36.0,v2.0,English,Lead Qualification,1,0.0,0,Low,0.0,1.0,0.0,0.0,High Value,46-55,Auto Loan
9804,debcd036-2b47-4ba1-aa76-d7fd2f8d400c,1931,2026-02-02 17:40:57,1,,0.5846333333333333,3,Neutral,-0.06496666666666667,29.0,v1.1,English,Customer Support,1,6.0,1-30,Low,45064.17,0.0,0.0,0.0,Mass,36-45,Auto Loan
5456,ebe3f962-2fd9-41f0-98bc-96cf3ecb2e6f,143,2026-02-02 18:40:15,1,,0.5006666666666667,3,Positive,-0.0030999999999999917,26.0,v1.0,Telugu,Loan Application,1,0.0,0,Low,0.0,0.0,0.0,0.0,High Value,26-35,Personal Loan
2177,3891bdbf-0ddf-4439-b15d-e60198260a68,944,2026-02-02 18:54:21,0,1.0,0.8208333333333333,1,Positive,0.5643666666666667,36.0,v1.0,Hindi,Payment Reminder,1,0.0,0,Low,0.0,0.0,0.0,0.0,Mass,26-35,Credit Card
398,d59e8012-3f3d-4033-837c-68e2cab15f51,458,2026-02-02 19:06:35,1,,0.1801,3,Negative,-0.6381333333333333,29.0,v1.0,Tamil,Loan Application,1,106.0,90+,High,80961.01,0.0,0.0,0.0,Mass,18-25,Credit Card
3443,ec71f0f5-f4f2-4e8b-a378-9ef11f0ad4d0,1415,2026-02-02 19:55:46,1,7.0,0.3836333333333333,1,Negative,-0.48019999999999996,29.0,v1.1,English,Payment Reminder,1,115.0,90+,High,51412.65,0.0,0.0,0.0,Mass,36-45,Personal Loan
3251,5f2535c6-9749-4bc3-9f64-502c9c44b056,1181,2026-02-03 08:28:31,1,2.0,0.6300666666666667,2,Negative,-0.09636666666666667,35.0,v1.0,Tamil,Lead Qualification,1,6.0,1-30,Low,76498.83,0.0,0.0,0.0,Mass,18-25,Credit Card
4975,03441e66-3be2-491d-bfd0-02b8d6a3956a,1184,2026-02-03 08:38:35,1,12.0,0.6392333333333333,1,Positive,0.12883333333333333,48.0,v1.0,Telugu,Payment Reminder,1,0.0,0,Low,0.0,2.0,0.0,1.0,Mass,36-45,Personal Loan
1945,18188e85-c5d1-4ccc-8d51-e0c6c95fb493,167,2026-02-03 08:41:15,0,1.0,0.9511,1,Positive,0.6366999999999999,39.0,v2.0,English,Loan Collections,1,0.0,0,Low,0.0,3.0,1.0,4.0,Mass,36-45,Credit Card
1771,c8d2bae8-3839-404c-a8a2-74f9d0a3cf84,1130,2026-02-03 08:51:42,1,17.0,0.3689,1,Neutral,-0.28296666666666664,27.0,v1.0,English,Loan Collections,1,38.0,31-60,Medium,42675.22,0.0,0.0,0.0,Premium,26-35,Auto Loan
1943,c1ff5575-4b63-4bba-9b0f-fee8d6ad51f5,1535,2026-02-03 09:18:05,1,17.0,0.38283333333333336,2,Neutral,-0.36450000000000005,48.0,v1.0,Telugu,Loan Collections,1,0.0,0,Low,0.0,1.0,1.0,2.0,Premium,26-35,Credit Card
2095,b63a9464-5815-459c-b0cb-eb19c0fa0460,580,2026-02-03 11:10:15,0,9.0,0.6949333333333333,0,Positive,0.37810000000000005,37.0,v1.0,Telugu,Loan Application,1,0.0,0,Low,0.0,0.0,0.0,0.0,Mass,26-35,Auto Loan
2602,d4fa892c-5020-4750-8fdc-ee4d23397825,1725,2026-02-03 12:00:01,0,12.0,0.8165333333333334,0,Positive,0.3441666666666667,33.0,v1.1,English,Customer Support,1,0.0,0,Low,0.0,0.0,0.0,0.0,Mass,36-45,Credit Card
6238,1148e227-2019-4a70-91a1-fa9b333a02b1,1610,2026-02-03 12:18:58,1,5.0,0.2534,2,Negative,-0.3642,41.0,v2.0,English,Customer Support,1,91.0,90+,High,38434.54,1.0,1.0,2.0,High Value,46-55,Personal Loan
7074,bbac6a60-d534-4368-888d-7ebb3f8fa4e9,61,2026-02-03 12:31:13,0,10.0,0.7777,0,Positive,0.3744,38.0,v1.0,Telugu,Payment Reminder,1,0.0,0,Low,0.0,0.0,0.0,0.0,Premium,36-45,Credit Card
9886,1db4a485-632e-4230-bc30-6e49a94ee0e0,416,2026-02-03 12:32:58,0,5.0,0.6740666666666666,1,Neutral,0.2665666666666667,41.0,v1.0,Telugu,Loan Collections,1,0.0,0,Low,0.0,0.0,0.0,0.0,Premium,18-25,Personal Loan
6509,7c7f36cd-5d4c-46c0-90c7-8e955306b86d,151,2026-02-03 12:50:04,0,7.0,0.8614666666666667,2,Positive,0.5896,25.0,v1.0,Hindi,Insurance Renewal,1,0.0,0,Low,0.0,1.0,1.0,3.0,Mass,26-35,Home Loan
1186,5d14fb6d-9818-488a-8c25-793ac28a8a6f,1479,2026-02-03 14:30:15,1,18.0,0.49176666666666663,2,Neutral,-0.07496666666666667,28.0,v1.0,Tamil,Loan Collections,1,63.0,61-90,High,79007.35,0.0,0.0,0.0,Mass,36-45,Credit Card
3241,9741de40-a4f5-4c56-ab2a-68ebeb08daf3,29,2026-02-03 15:17:48,0,16.0,0.8161999999999999,1,Neutral,0.14320000000000002,49.0,v1.0,English,Insurance Renewal,2,0.0,0,Low,0.0,2.0,1.0,5.0,Mass,26-35,Personal Loan
6661,7d0cb36c-fee8-4eee-80ae-949a5dd0a904,33,2026-02-03 15:19:03,0,7.0,0.8273,1,Neutral,0.09293333333333333,22.0,v2.0,English,Lead Qualification,1,99.0,90+,High,47630.75,2.0,0.0,1.0,Premium,26-35,Personal Loan
9018,4bb71c22-4bf3-421f-b9c5-7b7e07b10598,1776,2026-02-03 15:50:10,1,10.0,0.7802333333333333,2,Positive,0.44156666666666666,45.0,v1.0,Hindi,Lead Qualification,2,10.0,1-30,Low,18521.74,1.0,0.0,0.0,Mass,26-35,Credit Card
4447,71ab03f5-0ced-4232-b0ed-0686753e37a2,101,2026-02-03 16:33:56,1,18.0,0.5630333333333334,0,Neutral,0.005066666666666673,36.0,v1.0,English,Loan Collections,1,29.0,1-30,Low,34996.98,2.0,0.0,0.0,Mass,36-45,Credit Card
2569,2e858f8c-3077-4a35-b56b-26b712a2c84d,1284,2026-02-03 17:01:34,1,18.0,0.6427666666666667,1,Neutral,-0.10353333333333332,24.0,v1.1,English,Payment Reminder,1,65.0,61-90,High,75478.09,0.0,0.0,0.0,Mass,46-55,Credit Card
4785,1f8aa6bf-57bf-44d8-a860-592fe3899eb9,1939,2026-02-03 17:46:37,0,14.0,0.7841666666666667,1,Neutral,0.22973333333333334,33.0,v1.0,English,Insurance Renewal,1,0.0,0,Low,0.0,1.0,0.0,0.0,Premium,18-25,Personal Loan
1012,48ad74ba-f67a-4d80-a546-2701a33c28bf,1855,2026-02-03 18:24:24,0,17.0,0.6796666666666668,0,Neutral,0.021699999999999997,35.0,v2.0,English,Customer Support,1,0.0,0,Low,0.0,1.0,0.0,0.0,Mass,36-45,Personal Loan
4502,9911ab72-67d4-4ca7-a93c-b6bbb7bb7836,1961,2026-02-03 18:26:25,0,10.0,0.9013333333333332,0,Positive,0.2702333333333333,36.0,v1.1,English,Loan Collections,1,17.0,1-30,Low,52540.01,0.0,0.0,0.0,Mass,26-35,Credit Card
9787,e101c587-d3bf-4f99-9903-a8f1c96690ce,316,2026-02-03 18:28:27,0,7.0,0.9158666666666667,0,Positive,0.5883666666666666,42.0,v1.1,English,Insurance Renewal,1,0.0,0,Low,0.0,0.0,0.0,0.0,Mass,36-45,Personal Loan
3555,9214fb9a-5631-44c6-8be5-012e001ed8be,1612,2026-02-04 08:16:44,0,9.0,0.8763000000000001,1,Positive,0.4745333333333333,44.0,v1.1,English,Loan Collections,2,0.0,0,Low,0.0,2.0,1.0,3.0,Mass,46-55,Home Loan
6520,4c0cb01c-8bd9-4278-804b-b7755ba3457f,1920,2026-02-04 09:38:16,0,1.0,0.9323333333333333,0,Positive,0.5076666666666666,36.0,v1.1,English,Lead Qualification,1,0.0,0,Low,0.0,0.0,0.0,0.0,Mass,18-25,Credit Card
6222,2d16ef4b-43cf-4728-950f-3b59a35501dd,1920,2026-02-04 10:59:51,0,5.0,0.8532000000000001,1,Positive,0.4892,38.0,v1.0,English,Loan Collections,1,0.0,0,Low,0.0,1.0,0.0,0.0,Mass,18-25,Credit Card
110,164fcfc0-fcd4-40e2-bbaa-6c819e3254c4,1436,2026-02-04 11:26:49,0,12.0,0.7481666666666666,0,Neutral,0.21756666666666666,31.0,v1.0,Telugu,Payment Reminder,1,0.0,0,Low,0.0,0.0,0.0,0.0,Premium,18-25,Personal Loan
9079,666614a7-597e-4141-85f9-784ecbada8a7,1103,2026-02-04 11:38:12,0,5.0,0.8637,1,Neutral,0.45143333333333335,28.0,v1.0,Hindi,Loan Collections,1,0.0,0,Low,0.0,0.0,0.0,0.0,Mass,26-35,Personal Loan
3139,915446c8-8ac6-401a-a6d1-e13ee253282e,1098,2026-02-04 13:45:26,0,9.0,0.7163333333333334,0,Neutral,0.0697,37.0,v1.0,English,Loan Collections,1,0.0,0,Low,0.0,1.0,0.0,0.0,Mass,26-35,Personal Loan
323,9e88fe7e-0ab3-4e03-b08b-4f7165008871,124,2026-02-04 16:00:26,1,,0.43683333333333335,3,Negative,-0.3759666666666666,22.0,v1.0,English,Loan Collections,1,0.0,0,Low,0.0,1.0,0.0,0.0,Mass,18-25,Auto Loan
6160,07e3e80f-9b02-472b-878d-d0a549d2a5b3,782,2026-02-04 17:51:07,0,16.0,0.7287666666666667,0,Neutral,0.2541333333333333,31.0,v1.0,English,Loan Application,1,0.0,0,Low,0.0,2.0,0.0,0.0,Mass,26-35,Home Loan
124,1f2ba168-3153-45d4-856f-6328bcffa9b2,831,2026-02-04 19:27:31,0,1.0,0.8912666666666667,0,Neutral,0.34936666666666666,39.0,v1.1,English,Customer Support,1,0.0,0,Low,0.0,0.0,0.0,0.0,Mass,36-45,Home Loan
353,8b89c4c1-d15b-4997-af17-53e056ee41a7,108,2026-02-05 08:14:33,0,19.0,0.7831666666666667,0,Neutral,0.0711,33.0,v1.0,English,Loan Collections,1,0.0,0,Low,0.0,2.0,0.0,0.0,High Value,36-45,Credit Card
9694,54cb4da2-5b77-49e3-b1a0-debb46a2ce57,1889,2026-02-05 08:41:22,1,18.0,0.8504,2,Positive,0.3655,39.0,v2.0,English,Payment Reminder,1,0.0,0,Low,0.0,1.0,0.0,1.0,Mass,56-65,
8000,2d57c7f7-c590-4d2f-976d-95bbbe87409c,771,2026-02-05 08:45:09,0,19.0,0.7541666666666668,1,Neutral,0.21319999999999997,35.0,v1.0,Tamil,Customer Support,2,0.0,0,Low,0.0,2.0,0.0,0.0,High Value,26-35,Credit Card
6829,bd110134-7d51-4400-8b6b-63a47a7930bd,263,2026-02-05 08:47:05,1,1.0,0.5961,1,Neutral,0.010833333333333339,32.0,v1.0,Tamil,Loan Application,2,86.0,61-90,High,46930.48,1.0,0.0,0.0,Mass,36-45,Credit Card
9979,dd0567a9-4916-4eb8-b3af-1f833fe4c9f2,742,2026-02-05 10:15:17,0,13.0,0.7973333333333333,1,Positive,0.3796333333333333,32.0,v1.0,Tamil,Insurance Renewal,2,0.0,0,Low,0.0,1.0,0.0,0.0,High Value,36-45,Auto Loan
7086,4f2f9665-f306-42d8-ae87-1ca64337b006,1416,2026-02-05 10:57:21,1,17.0,0.5028666666666667,1,Neutral,-0.24973333333333333,37.0,v1.0,Hindi,Payment Reminder,1,0.0,0,Low,0.0,1.0,1.0,3.0,Wealth,26-35,Auto Loan
4066,6885b810-fc6d-433d-a248-e3203b37dbec,1094,2026-02-05 11:46:24,0,1.0,0.7425666666666667,0,Negative,-0.0781,24.0,v1.0,English,Insurance Renewal,1,21.0,1-30,Low,43793.77,0.0,0.0,0.0,Mass,46-55,Credit Card
2387,5ec5d74d-7287-42da-a63f-83a6af18becd,1185,2026-02-05 12:02:32,0,9.0,0.7878333333333334,0,Neutral,0.013199999999999998,43.0,v1.0,Tamil,Loan Collections,1,22.0,1-30,Low,61048.35,1.0,1.0,2.0,High Value,56-65,Home Loan
3865,ada9caf8-d716-4a9c-bf71-c04b21f91c9b,906,2026-02-05 13:13:29,0,7.0,0.7660666666666667,1,Neutral,0.33923333333333333,29.0,v1.0,Telugu,Lead Qualification,1,0.0,0,Low,0.0,0.0,0.0,0.0,Mass,18-25,Auto Loan
5385,59fa06c8-c19b-428f-83cd-034d868a7862,1793,2026-02-05 13:18:52,0,16.0,0.7256,1,Positive,0.31420000000000003,30.0,v1.0,Telugu,Insurance Renewal,1,18.0,1-30,Low,81805.49,1.0,0.0,0.0,Mass,46-55,Auto Loan
1703,d7f9735b-7080-4082-8b9d-95c7f63df44d,1293,2026-02-05 13:22:08,0,13.0,0.9373999999999999,0,Positive,0.6397666666666667,29.0,v2.0,English,Payment Reminder,1,0.0,0,Low,0.0,1.0,1.0,3.0,Mass,18-25,Personal Loan
2249,e1311310-90ca-4bd5-bf20-5dc6d574e19e,1085,2026-02-05 13:31:35,0,1.0,0.8376333333333333,1,Neutral,0.2451,37.0,v1.1,English,Insurance Renewal,1,58.0,31-60,Medium,62335.52,0.0,0.0,0.0,Mass,36-45,
2256,087042bd-0b96-43e2-bdea-c467cb4ee3da,1098,2026-02-05 14:05:17,1,11.0,0.4336,0,Negative,-0.049100000000000005,42.0,v1.0,Hindi,Insurance Renewal,1,69.0,61-90,High,60879.25,2.0,0.0,0.0,Mass,26-35,Personal Loan
3841,33a4e688-58f3-4051-b956-978a7d4e2da5,807,2026-02-05 15:11:40,1,,0.6339333333333333,3,Neutral,0.23606666666666667,34.0,v2.0,English,Customer Support,1,0.0,0,Low,0.0,1.0,0.0,0.0,Mass,18-25,Personal Loan
8320,965c6629-7c5c-4fab-8077-d2653e29f496,1748,2026-02-05 15:12:54,1,1.0,0.8445666666666667,2,Positive,0.3232333333333333,19.0,v1.0,Telugu,Loan Collections,1,0.0,0,Low,0.0,2.0,0.0,1.0,Mass,26-35,Credit Card
4311,1f01e9fd-7c43-4379-9e3e-bd29c502ad7a,531,2026-02-05 16:12:43,0,13.0,0.7197666666666667,1,Neutral,0.11446666666666667,36.0,v1.0,English,Insurance Renewal,1,0.0,0,Low,0.0,4.0,1.0,4.0,Mass,36-45,Personal Loan
4919,28e62ab5-b588-49ff-bb10-7139c21b6756,367,2026-02-05 16:15:43,0,8.0,0.7834333333333333,0,Positive,0.5187333333333334,34.0,v1.1,English,Payment Reminder,2,0.0,0,Low,0.0,1.0,1.0,4.0,Premium,46-55,
2319,17c4023a-aa79-4bf9-8c43-41aedb2ceec0,224,2026-02-05 16:29:51,1,4.0,0.7093333333333334,1,Neutral,0.03893333333333333,33.0,v2.0,English,Customer Support,1,60.0,31-60,Medium,44045.69,1.0,0.0,0.0,Wealth,36-45,Credit Card
9169,1acc6eba-1e7b-4840-bd5b-a2f54848931d,870,2026-02-05 17:02:48,1,16.0,0.1437,2,Negative,-0.7987666666666667,39.0,v1.0,Telugu,Lead Qualification,1,93.0,90+,High,51988.91,2.0,1.0,2.0,High Value,36-45,Home Loan
3909,7d21dfcb-02f9-4b46-ad1f-52da97066bfa,1207,2026-02-05 17:48:50,1,3.0,0.38156666666666667,1,Neutral,-0.06346666666666666,32.0,v1.0,Hindi,Loan Collections,1,0.0,0,Low,0.0,0.0,0.0,0.0,Mass,36-45,Personal Loan
2860,4c55ae5e-7211-4432-bd65-810d8f0d0131,96,2026-02-05 18:20:52,1,3.0,0.4467666666666667,0,Negative,-0.41186666666666666,29.0,v1.0,Telugu,Loan Collections,1,0.0,0,Low,0.0,1.0,0.0,0.0,Premium,46-55,Credit Card
7850,7fad635a-8776-4fb6-aec4-9688ae8932ac,174,2026-02-05 18:25:28,1,9.0,0.6576666666666666,1,Neutral,-0.0593,40.0,v1.0,Telugu,Loan Collections,1,0.0,0,Low,0.0,2.0,0.0,0.0,Mass,36-45,Credit Card
8316,40701338-649e-4ce0-9eb7-e5d10b8c0c6e,1791,2026-02-05 18:27:27,0,1.0,0.7906333333333334,0,Neutral,0.23536666666666664,42.0,v1.0,English,Payment Reminder,1,0.0,0,Low,0.0,0.0,0.0,0.0,Wealth,26-35,Personal Loan
7287,64164ecd-135b-4b51-afec-be80033be31d,1505,2026-02-05 18:35:57,1,15.0,0.28173333333333334,1,Negative,-0.5375666666666666,39.0,v1.0,English,Loan Collections,1,33.0,31-60,Medium,53130.28,1.0,1.0,2.0,Mass,46-55,Personal Loan
2439,baf7d5d7-d453-46ab-8b88-cc15789bd78e,673,2026-02-05 19:09:33,0,19.0,0.8837666666666667,0,Positive,0.6441666666666667,34.0,v2.0,English,Payment Reminder,1,0.0,0,Low,0.0,1.0,1.0,2.0,Mass,46-55,Personal Loan
7582,dfac42b2-5b76-420c-8d33-93b23f0676ae,1746,2026-02-06 08:29:19,0,6.0,0.7296,1,Neutral,0.20070000000000002,35.0,v1.1,English,Lead Qualification,1,0.0,0,Low,0.0,1.0,0.0,0.0,Mass,36-45,Credit Card
3521,0d090509-79ff-4e2d-9bf6-c27e39f8e70e,695,2026-02-06 08:34:42,0,1.0,0.8074333333333333,1,Positive,0.4155666666666667,19.0,v1.0,Hindi,Loan Collections,1,0.0,0,Low,0.0,0.0,0.0,0.0,Premium,65+,Home Loan
4262,3726a65e-f874-4e6a-8485-d4b5af632df3,449,2026-02-06 09:06:34,0,18.0,0.8552,1,Neutral,0.24856666666666669,44.0,v1.1,English,Customer Support,1,0.0,0,Low,0.0,0.0,0.0,0.0,High Value,26-35,Credit Card
6277,c42a3258-241d-493a-9e4a-7eac93818129,1285,2026-02-06 09:12:17,0,1.0,0.9040333333333334,1,Positive,0.43903333333333333,35.0,v1.1,English,Insurance Renewal,1,0.0,0,Low,0.0,0.0,0.0,0.0,Premium,18-25,Credit Card
4451,c1261e12-8da8-4154-8b0f-d2134effde45,1957,2026-02-06 09:30:05,1,19.0,0.7182333333333334,1,Positive,0.16486666666666666,37.0,v1.0,Tamil,Payment Reminder,1,0.0,0,Low,0.0,2.0,1.0,1.0,Mass,65+,Personal Loan
4480,094787b2-8cdf-4a5c-9d21-9e5eb5c8dd36,1555,2026-02-06 10:16:48,0,13.0,0.7357,0,Neutral,0.24586666666666668,28.0,v1.0,English,Customer Support,1,0.0,0,Low,0.0,0.0,0.0,0.0,Mass,18-25,
8476,f9a108c2-6e48-481d-a605-fadfcb076876,1123,2026-02-06 10:19:03,0,15.0,0.7520333333333333,1,Neutral,0.03463333333333333,32.0,v1.1,English,Customer Support,1,0.0,0,Low,0.0,0.0,0.0,0.0,Premium,18-25,Credit Card
8116,37a9dcbb-6b21-4015-bdb0-525dc4c6d8b5,1748,2026-02-06 11:07:47,0,12.0,0.8849,0,Positive,0.5336333333333333,43.0,v2.0,English,Loan Application,2,0.0,0,Low,0.0,3.0,1.0,4.0,Mass,26-35,Credit Card
7118,5c9bedbe-0358-46d5-9f44-8549e06256ff,559,2026-02-06 11:29:40,1,2.0,0.5205333333333333,2,Neutral,0.07766666666666666,42.0,v1.0,Telugu,Lead Qualification,2,0.0,0,Low,0.0,2.0,0.0,1.0,Premium,46-55,Auto Loan
8342,55f19fbb-d9b1-411a-9a1b-9be328f13f6b,868,2026-02-06 12:01:11,0,19.0,0.9365,0,Positive,0.6923666666666666,34.0,v2.0,English,Payment Reminder,1,0.0,0,Low,0.0,0.0,0.0,0.0,Mass,46-55,Credit Card
4204,279123fb-d5c3-4f1f-a7d4-a43e7e3d13e2,71,2026-02-06 13:15:54,1,6.0,0.7891666666666666,2,Neutral,0.19416666666666668,37.0,v1.0,Hindi,Loan Application,1,22.0,1-30,Low,80335.1,1.0,0.0,0.0,Premium,18-25,Personal Loan
4020,b324e22a-c78a-4fa5-b7f0-de62c3921541,1760,2026-02-06 13:45:38,0,17.0,0.42049999999999993,0,Negative,-0.11103333333333333,28.0,v1.0,English,Insurance Renewal,1,0.0,0,Low,0.0,0.0,0.0,0.0,Mass,26-35,Personal Loan
2144,41cb4c1d-b7cc-4e6a-912a-939bef2da9a1,953,2026-02-06 13:52:43,0,11.0,0.8704666666666666,1,Positive,0.38086666666666663,37.0,v1.0,Hindi,Payment Reminder,1,0.0,0,Low,0.0,0.0,0.0,0.0,Mass,36-45,Personal Loan
6845,d1c69450-c2cc-46b8-8e42-3d14e8ac988c,1871,2026-02-06 14:41:51,0,7.0,0.8881666666666668,0,Neutral,0.29106666666666664,24.0,v1.0,Telugu,Loan Collections,1,0.0,0,Low,0.0,0.0,0.0,0.0,High Value,26-35,Credit Card
5980,ec60e1e1-9453-42b3-804a-60d7d689b11c,1038,2026-02-06 14:51:56,1,8.0,0.7176333333333332,1,Neutral,0.10593333333333332,42.0,v1.0,Hindi,Loan Collections,2,0.0,0,Low,0.0,1.0,0.0,1.0,Mass,36-45,Credit Card
4407,0beb357c-9209-4275-9e6b-32af98759b6f,1780,2026-02-06 15:08:59,1,3.0,0.7176,2,Neutral,0.2086,33.0,v2.0,English,Loan Collections,1,0.0,0,Low,0.0,0.0,0.0,0.0,Mass,36-45,Personal Loan
8201,0be1f458-2e35-43ac-b669-45b1c280890f,1438,2026-02-06 15:23:05,1,4.0,0.21016666666666664,1,Negative,-0.36673333333333336,20.0,v1.0,Tamil,Loan Collections,1,119.0,90+,High,62550.35,1.0,0.0,1.0,Premium,26-35,
6613,168c9640-521b-412c-8625-5d91e10f6ea5,1067,2026-02-06 15:27:32,0,5.0,0.7302333333333334,2,Neutral,0.23650000000000002,30.0,v1.0,English,Insurance Renewal,1,0.0,0,Low,0.0,0.0,0.0,0.0,Premium,56-65,Credit Card
6798,35866f48-5467-49b0-bf7a-1887fbdb0831,210,2026-02-06 17:02:24,0,16.0,0.8329333333333334,1,Neutral,0.09860000000000001,30.0,v1.0,Telugu,Insurance Renewal,1,0.0,0,Low,0.0,1.0,0.0,1.0,Premium,36-45,Credit Card
3612,bc0f5e2c-69a4-446f-96ee-28f4ba9187d6,1709,2026-02-06 18:23:28,1,7.0,0.7890666666666667,1,Neutral,0.13149999999999998,37.0,v1.0,Tamil,Loan Collections,1,0.0,0,Low,0.0,1.0,0.0,0.0,Mass,36-45,Personal Loan
8721,2eebb354-0e75-4b45-ac04-c3c13a265526,1863,2026-02-06 18:24:12,0,1.0,0.8279666666666667,1,Positive,0.42240000000000005,34.0,v1.0,Hindi,Payment Reminder,1,0.0,0,Low,0.0,1.0,1.0,0.0,Premium,36-45,Auto Loan
1881,8eeafb27-7d65-490d-98b7-c2844b11069d,1288,2026-02-06 19:33:16,1,10.0,0.46449999999999997,2,Neutral,-0.2358,34.0,v1.0,Telugu,Lead Qualification,1,112.0,90+,High,45286.8,2.0,0.0,0.0,Mass,36-45,Personal Loan
1320,4c12858d-cc14-4028-850e-97293606f2c5,1888,2026-02-07 09:26:48,1,,0.7596333333333334,3,Positive,0.23856666666666668,41.0,v1.0,Tamil,Lead Qualification,2,0.0,0,Low,0.0,1.0,0.0,0.0,Mass,36-45,Auto Loan
9355,767e383e-6cfb-4b6c-8a68-51d2a748a5cc,639,2026-02-07 10:05:23,1,13.0,0.4134333333333333,2,Positive,0.10130000000000002,41.0,v1.0,Hindi,Loan Application,1,114.0,90+,High,32507.22,1.0,0.0,1.0,Mass,46-55,Auto Loan
4569,e5ad92ed-773d-41d6-895b-1f91479266d1,567,2026-02-07 10:48:06,0,19.0,0.4319,0,Negative,-0.2725666666666666,42.0,v1.0,Hindi,Loan Collections,1,0.0,0,Low,0.0,0.0,0.0,0.0,Premium,56-65,Credit Card
7017,e3b82d85-147a-485d-bff2-d801432b9f06,278,2026-02-07 11:19:11,1,3.0,0.3017,2,Neutral,-0.17066666666666666,26.0,v1.0,Tamil,Loan Collections,1,46.0,31-60,Medium,65140.65,2.0,1.0,4.0,Premium,18-25,Personal Loan
5987,935a6c99-274a-4e58-83df-89f93698f836,1523,2026-02-07 11:20:39,0,12.0,0.7115333333333332,1,Neutral,0.04420000000000001,38.0,v1.0,Hindi,Customer Support,1,0.0,0,Low,0.0,1.0,1.0,2.0,Premium,26-35,
8379,898c6ebd-b6b1-4327-ba0e-5a78fa6a46a3,1018,2026-02-07 11:45:37,0,17.0,0.6086333333333334,1,Negative,-0.044466666666666675,43.0,v2.0,English,Loan Collections,1,0.0,0,Low,0.0,1.0,0.0,0.0,Mass,36-45,Auto Loan
6668,9a2bec6f-593c-4212-a739-bf695a150b1e,1720,2026-02-07 12:30:41,0,7.0,0.9293333333333335,0,Positive,0.36946666666666667,32.0,v1.1,English,Loan Collections,1,0.0,0,Low,0.0,1.0,0.0,0.0,Premium,18-25,Personal Loan
6016,c6c119e5-6a40-4403-9905-5553c694a157,1792,2026-02-07 12:37:00,1,7.0,0.31193333333333334,2,Negative,-0.2342,34.0,v1.0,Telugu,Lead Qualification,1,36.0,31-60,Medium,36492.61,1.0,0.0,0.0,Mass,18-25,Auto Loan
615,473fa0f0-6baf-4232-ab5d-2ca4cb0ef598,679,2026-02-07 12:47:17,0,19.0,0.8018333333333333,1,Positive,0.30596666666666666,46.0,v1.0,Tamil,Payment Reminder,1,0.0,0,Low,0.0,1.0,1.0,2.0,Mass,36-45,Credit Card
5236,eb862b5d-2f60-44ba-930b-dd9bff2ec10d,1388,2026-02-07 13:24:45,1,9.0,0.29113333333333336,2,Neutral,-0.2598333333333333,42.0,v1.0,Telugu,Lead Qualification,1,94.0,90+,High,44896.13,0.0,0.0,0.0,Mass,56-65,Personal Loan
8303,665d8130-9134-4bea-a55e-fb85cef3a82e,94,2026-02-07 13:30:50,0,12.0,0.6718666666666667,1,Neutral,0.18856666666666666,27.0,v1.0,English,Insurance Renewal,1,0.0,0,Low,0.0,1.0,0.0,0.0,Mass,36-45,Personal Loan
9865,153ae106-51e9-486f-a9b5-14ac0b192d50,907,2026-02-07 14:13:59,0,9.0,0.8271999999999999,1,Positive,0.2847,32.0,v1.0,Tamil,Insurance Renewal,1,0.0,0,Low,0.0,1.0,1.0,5.0,Mass,36-45,
2274,90fdeaed-4970-441c-bde9-34bc195ca67c,312,2026-02-07 15:31:46,1,13.0,0.6090666666666666,2,Neutral,-0.23593333333333333,46.0,v1.0,English,Insurance Renewal,1,67.0,61-90,High,35439.76,0.0,0.0,0.0,Mass,36-45,Home Loan
5836,466197d1-7df8-40da-9022-13da3e69fdc9,1118,2026-02-07 15:47:40,1,11.0,0.6063000000000001,1,Neutral,-0.3242333333333333,29.0,v1.0,Tamil,Insurance Renewal,1,84.0,61-90,High,22148.68,1.0,1.0,2.0,Premium,18-25,Personal Loan
64,b3ede4da-e61a-4899-b99d-5a0fff1ab047,876,2026-02-07 15:56:31,0,3.0,0.7379000000000001,2,Neutral,0.26886666666666664,32.0,v2.0,English,Lead Qualification,1,0.0,0,Low,0.0,0.0,0.0,0.0,Mass,26-35,Personal Loan
6620,0bbf9466-740d-414e-aca0-778ed3620af1,1044,2026-02-07 16:59:56,0,19.0,0.7448,1,Positive,0.4060333333333333,30.0,v1.0,Telugu,Loan Collections,1,0.0,0,Low,0.0,1.0,0.0,0.0,Mass,46-55,Credit Card
9309,0be68083-927e-4072-bef5-41448c689bca,1308,2026-02-07 17:13:21,0,11.0,0.8022333333333332,1,Neutral,0.11133333333333334,32.0,v1.0,Tamil,Loan Collections,1,0.0,0,Low,0.0,1.0,0.0,0.0,Wealth,36-45,Credit Card
2809,76861574-0ac9-4cef-ac82-8145c110f498,1069,2026-02-07 17:54:02,1,6.0,0.3234666666666667,2,Negative,-0.6608666666666667,25.0,v1.0,Telugu,Customer Support,1,110.0,90+,High,45262.4,0.0,0.0,0.0,Mass,26-35,Credit Card
4195,b57df57f-010a-410f-a9cc-fc6e3b5c9c7a,290,2026-02-07 18:08:19,1,10.0,0.8505666666666666,2,Positive,0.3567666666666667,32.0,v1.1,English,Payment Reminder,1,38.0,31-60,Medium,93456.07,0.0,0.0,0.0,Mass,36-45,Personal Loan
962,fc7b0dcf-12f1-472f-9e50-bbceff136dcf,1194,2026-02-07 18:33:00,0,10.0,0.8841,2,Positive,0.6456333333333334,25.0,v1.1,English,Loan Collections,1,0.0,0,Low,0.0,1.0,0.0,0.0,Mass,56-65,Credit Card
6095,b6266cf2-d2d3-490d-b3a9-91514863a20b,13,2026-02-07 18:36:15,1,3.0,0.21356666666666668,2,Negative,-0.5222333333333333,36.0,v1.0,Tamil,Loan Collections,2,65.0,61-90,High,59170.89,3.0,0.0,0.0,Mass,36-45,Credit Card
4906,d260ada6-b4f0-437e-b18b-ca4536c47b1a,1914,2026-02-07 19:44:54,1,2.0,0.6620333333333334,2,Negative,-0.16920000000000002,33.0,v1.0,Tamil,Loan Collections,1,14.0,1-30,Low,31719.86,0.0,0.0,0.0,Mass,36-45,Home Loan
2846,cad9987b-a1c3-473a-8c1b-04d4edf2da41,40,2026-02-08 08:04:29,1,16.0,0.2457,2,Negative,-0.5391333333333334,37.0,v1.0,Tamil,Customer Support,2,110.0,90+,High,49243.21,2.0,0.0,0.0,Mass,36-45,Personal Loan
9262,a184d80d-be5b-412d-b93b-ab28fe4310b7,1018,2026-02-08 08:09:43,1,10.0,0.8719333333333333,1,Neutral,0.25699999999999995,28.0,v1.0,Hindi,Insurance Renewal,1,0.0,0,Low,0.0,2.0,0.0,1.0,Mass,36-45,Auto Loan
4206,7e6c6104-585b-405c-8d18-621d70d468f7,1962,2026-02-08 08:15:06,0,18.0,0.4711666666666667,1,Positive,0.14096666666666666,30.0,v1.0,English,Payment Reminder,2,0.0,0,Low,0.0,3.0,0.0,1.0,Premium,26-35,
1562,072f7dcd-5017-4f98-bc80-11d191390bd0,19,2026-02-08 08:45:30,0,18.0,0.6246333333333334,1,Neutral,0.1532,37.0,v1.0,English,Loan Application,1,0.0,0,Low,0.0,0.0,0.0,0.0,Mass,56-65,
6123,7de5ff07-27a9-465f-a82a-caeded824b0d,1329,2026-02-08 09:53:57,1,,0.36353333333333326,3,Positive,0.05533333333333334,30.0,v1.0,Telugu,Customer Support,1,41.0,31-60,Medium,58069.26,1.0,0.0,0.0,Mass,46-55,Personal Loan
8613,009cb2fb-b105-4cd3-a8f8-3e3c45e7a8f1,1308,2026-02-08 10:02:32,0,5.0,0.8596333333333334,0,Positive,0.3411666666666667,39.0,v1.0,Hindi,Customer Support,1,21.0,1-30,Low,47598.77,2.0,0.0,1.0,Wealth,36-45,Credit Card
3840,d14f28f4-d994-4244-a324-f041c8d7b602,1598,2026-02-08 10:27:33,0,16.0,0.49123333333333336,1,Negative,-0.07333333333333333,41.0,v1.0,Telugu,Insurance Renewal,1,76.0,61-90,High,41653.24,0.0,0.0,0.0,Mass,46-55,Credit Card
667,20455e4e-8f20-4e32-9ff1-1bf6d52549f9,1263,2026-02-08 10:39:08,0,14.0,0.8648000000000001,2,Positive,0.42849999999999994,42.0,v2.0,English,Loan Collections,1,0.0,0,Low,0.0,0.0,0.0,0.0,Mass,46-55,Credit Card
7475,4835a0b4-6735-4707-bd5b-2b7618a9b5ce,990,2026-02-08 11:07:45,0,8.0,0.6212,1,Neutral,0.26563333333333333,37.0,v1.0,Telugu,Customer Support,1,0.0,0,Low,0.0,1.0,0.0,1.0,Mass,36-45,Credit Card
2548,ab1fa1fb-7bba-429d-bcda-2d3526ebbc18,1727,2026-02-08 12:03:42,0,1.0,0.6939333333333333,1,Positive,0.18579999999999997,34.0,v1.0,Telugu,Insurance Renewal,1,0.0,0,Low,0.0,0.0,0.0,0.0,Mass,36-45,Personal Loan
6951,a32545dd-100e-478f-b392-1c1490c9ce83,1353,2026-02-08 12:11:20,1,15.0,0.46893333333333337,1,Neutral,-0.1847,26.0,v1.0,Tamil,Lead Qualification,1,20.0,1-30,Low,43093.34,0.0,0.0,0.0,Premium,46-55,Credit Card
7204,eb69eae4-ac78-4cb6-9142-68630bed283d,590,2026-02-08 12:52:11,0,13.0,0.8516333333333334,1,Neutral,0.4180333333333333,31.0,v1.1,English,Customer Support,1,0.0,0,Low,0.0,0.0,0.0,0.0,Mass,36-45,Credit Card
3971,f7bdc0b3-9e3e-444b-bef0-32a74c23e4c2,1734,2026-02-08 13:17:48,1,12.0,0.49743333333333334,1,Neutral,0.006566666666666668,30.0,v1.0,English,Insurance Renewal,1,62.0,61-90,High,34449.62,4.0,0.0,1.0,Premium,65+,Credit Card
8870,f5546808-9d1a-433e-8a4a-913828a199b9,1214,2026-02-08 14:47:12,0,18.0,0.6735666666666668,1,Neutral,-0.15433333333333335,42.0,v1.0,English,Customer Support,1,0.0,0,Low,0.0,0.0,0.0,0.0,Premium,26-35,Credit Card
6055,9a1b89f2-0859-4bf4-b4f6-2d95b1227eb9,198,2026-02-08 15:14:30,1,,0.2382,3,Negative,-0.3128666666666667,39.0,v2.0,English,Insurance Renewal,1,102.0,90+,High,35593.98,0.0,0.0,0.0,Mass,26-35,Personal Loan
5101,2bec3f9b-9585-45bb-84ed-0de62a5e440f,1106,2026-02-08 17:12:42,0,1.0,0.7555333333333333,0,Neutral,0.2876666666666667,33.0,v1.0,Telugu,Customer Support,1,0.0,0,Low,0.0,0.0,0.0,0.0,Mass,46-55,Personal Loan
4587,865e5a03-a593-4ee3-b096-3c68c0034cd6,1540,2026-02-08 18:07:32,0,7.0,0.8047333333333334,1,Positive,0.44903333333333334,29.0,v1.0,Tamil,Lead Qualification,1,0.0,0,Low,0.0,0.0,0.0,0.0,Premium,46-55,Personal Loan
358,f63de69b-1ad3-4235-b928-ecd91359f46c,1096,2026-02-08 18:19:57,1,7.0,0.4759666666666667,2,Neutral,-0.014800000000000016,40.0,v1.0,Hindi,Payment Reminder,1,105.0,90+,High,45025.5,1.0,1.0,5.0,Mass,46-55,Personal Loan
5670,92007308-682f-42d4-8165-ea9e9f7aee7b,1649,2026-02-08 19:58:09,1,,0.7111666666666667,3,Positive,0.40650000000000003,35.0,v1.0,Tamil,Loan Collections,1,34.0,31-60,Medium,66400.4,0.0,0.0,0.0,Mass,46-55,Credit Card
4051,e0cde74d-7f69-43c4-a137-4043ebd2bc1b,293,2026-02-09 08:05:00,1,17.0,0.3199,2,Neutral,-0.10613333333333334,35.0,v2.0,English,Insurance Renewal,1,110.0,90+,High,69162.74,2.0,1.0,4.0,Mass,26-35,
7961,7acc501f-a377-45f5-b4a2-df9e58bd6065,1045,2026-02-09 09:22:54,0,8.0,0.844,1,Positive,0.37976666666666664,30.0,v1.1,English,Insurance Renewal,2,0.0,0,Low,0.0,1.0,0.0,1.0,Mass,26-35,Credit Card
6650,33edb2fe-647f-45b1-b4de-35f926561f12,1300,2026-02-09 09:30:36,1,,0.357,3,Neutral,-0.3416333333333333,42.0,v1.0,Tamil,Loan Collections,1,0.0,0,Low,0.0,2.0,0.0,1.0,Premium,26-35,Credit Card
1506,2f40354c-a360-4f33-aa75-d51a56f41a83,1544,2026-02-09 10:43:55,1,6.0,0.7089333333333334,0,Neutral,0.17076666666666665,33.0,v1.0,English,Loan Collections,1,0.0,0,Low,0.0,0.0,0.0,0.0,High Value,26-35,Auto Loan
4916,1b13ae0b-e129-47e6-8667-23fb00c48133,1857,2026-02-09 11:05:15,1,,0.7178,3,Neutral,0.012300000000000005,34.0,v2.0,English,Loan Collections,1,11.0,1-30,Low,46896.53,0.0,0.0,0.0,Premium,26-35,Credit Card
8562,11831e13-c2d6-40b9-99f1-f32f65b452a5,255,2026-02-09 11:06:01,0,7.0,0.9365666666666667,1,Positive,0.5153666666666666,29.0,v2.0,English,Loan Application,1,0.0,0,Low,0.0,2.0,0.0,1.0,Mass,26-35,Credit Card
8219,e68af4c2-9c96-4661-bbce-80d337457f18,914,2026-02-09 11:42:57,0,9.0,0.8384666666666667,2,Positive,0.5295,43.0,v1.0,Hindi,Customer Support,1,0.0,0,Low,0.0,1.0,0.0,0.0,Premium,36-45,
6633,8c91cf67-68b4-458b-b708-8d8cd092ea07,1249,2026-02-09 11:56:30,1,19.0,0.7275333333333333,2,Neutral,0.06526666666666667,35.0,v1.0,Tamil,Payment Reminder,1,12.0,1-30,Low,96881.1,1.0,0.0,1.0,High Value,46-55,Auto Loan
3565,a86064a2-9d43-475f-8d01-220c1ddba11f,1539,2026-02-09 12:07:51,0,14.0,0.8287999999999999,0,Positive,0.39103333333333334,45.0,v2.0,English,Loan Collections,1,31.0,31-60,Medium,80819.82,1.0,0.0,0.0,Mass,36-45,Personal Loan
9100,2dce9788-bd46-4f35-8891-e1dd94801151,284,2026-02-09 12:16:57,0,18.0,0.8482333333333334,1,Positive,0.18356666666666666,27.0,v1.1,English,Loan Application,2,0.0,0,Low,0.0,3.0,1.0,5.0,Mass,26-35,Credit Card
8387,47e1010a-1664-41d0-be21-12b0cb2bdf4a,843,2026-02-09 12:24:40,0,5.0,0.8326333333333333,0,Positive,0.21896666666666667,34.0,v1.0,English,Insurance Renewal,1,15.0,1-30,Low,45688.5,2.0,0.0,1.0,Premium,26-35,Personal Loan
4664,6a8500e0-5951-46cc-bceb-a48a02b75e74,549,2026-02-09 12:57:32,0,1.0,0.8330333333333334,2,Positive,0.41653333333333337,43.0,v1.0,Tamil,Insurance Renewal,1,0.0,0,Low,0.0,1.0,1.0,2.0,Premium,36-45,Credit Card
6392,d4af7c62-02a5-4b97-96c3-0d847f43741d,530,2026-02-09 13:28:59,0,7.0,0.9047000000000001,2,Positive,0.5093666666666666,37.0,v1.1,English,Loan Application,1,0.0,0,Low,0.0,1.0,0.0,0.0,Premium,36-45,Personal Loan
1695,8831b43a-b261-415b-b28b-649cf15aa8bd,937,2026-02-09 14:13:01,0,7.0,0.7928333333333333,0,Neutral,0.13620000000000002,39.0,v1.0,English,Payment Reminder,1,0.0,0,Low,0.0,0.0,0.0,0.0,Premium,36-45,Personal Loan
9989,acc1e39c-8165-4e1c-85af-40b84a324051,729,2026-02-09 14:17:15,1,,0.6251333333333333,3,Neutral,0.18226666666666666,38.0,v1.0,Tamil,Insurance Renewal,1,15.0,1-30,Low,28950.57,1.0,0.0,0.0,Premium,26-35,Credit Card
3144,0222d704-000a-47c0-b37c-705f0a1ea7b1,1222,2026-02-09 14:38:27,1,14.0,0.39676666666666666,1,Neutral,-0.017966666666666662,42.0,v1.1,English,Insurance Renewal,1,0.0,0,Low,0.0,1.0,0.0,1.0,Mass,46-55,Personal Loan
8712,29a2145e-ba45-444e-9e6f-bc7a252fb250,577,2026-02-09 14:47:05,0,13.0,0.7817666666666666,1,Neutral,0.2667,29.0,v1.0,Hindi,Payment Reminder,1,0.0,0,Low,0.0,3.0,1.0,3.0,Mass,36-45,Credit Card
7232,b62fba4e-0ca1-473f-ba64-1deea3dfa69d,1335,2026-02-09 15:25:33,0,8.0,0.7737333333333334,1,Neutral,0.2926666666666667,43.0,v1.1,English,Loan Collections,1,7.0,1-30,Low,36106.79,1.0,1.0,3.0,High Value,18-25,Credit Card
9528,7f94cd19-b903-46a2-95a3-261055316ce6,952,2026-02-09 15:29:41,0,11.0,0.9535333333333332,1,Positive,0.6305,36.0,v2.0,English,Insurance Renewal,2,0.0,0,Low,0.0,2.0,0.0,1.0,High Value,46-55,Home Loan
7266,e465b302-5918-4f2e-b80b-69b18e01cfd5,1220,2026-02-09 15:59:23,0,11.0,0.8547666666666668,0,Neutral,0.08466666666666667,46.0,v1.0,Hindi,Customer Support,1,0.0,0,Low,0.0,2.0,0.0,1.0,High Value,46-55,Personal Loan
1202,65286a22-55a3-4a53-806d-7e469c8754a1,917,2026-02-09 16:33:58,0,12.0,0.6760333333333334,1,Neutral,-0.3229666666666667,41.0,v1.0,Hindi,Loan Collections,1,45.0,31-60,Medium,56436.1,1.0,1.0,4.0,Mass,26-35,Personal Loan
1791,3d2b97ab-6333-43e7-a261-eeae850be242,30,2026-02-09 18:15:55,1,,0.3182,3,Negative,-0.6793999999999999,33.0,v1.0,English,Loan Collections,2,38.0,31-60,Medium,42715.84,2.0,1.0,4.0,Wealth,26-35,Credit Card
9322,4721affd-4846-4a9a-801e-74a2d7aebf1b,1443,2026-02-09 18:25:22,1,2.0,0.5268,2,Negative,-0.4521,38.0,v1.0,Telugu,Loan Collections,1,61.0,61-90,High,26569.34,2.0,0.0,0.0,High Value,26-35,Personal Loan
6026,13079d70-36dc-4c8e-b473-72691aeb5c29,384,2026-02-09 19:45:12,0,14.0,0.7489333333333333,1,Positive,0.4200000000000001,42.0,v1.1,English,Loan Application,1,0.0,0,Low,0.0,1.0,0.0,1.0,High Value,46-55,Personal Loan
6385,02b02857-7990-404a-974b-856059a804d2,1363,2026-02-09 19:50:26,1,15.0,0.6868666666666666,1,Neutral,-0.015566666666666666,21.0,v1.0,Hindi,Loan Collections,1,0.0,0,Low,0.0,0.0,0.0,0.0,Mass,26-35,Personal Loan
5277,eada6806-e103-463d-b3ec-f34c47813538,1648,2026-02-10 08:06:03,0,7.0,0.9548666666666666,1,Positive,0.7259333333333333,46.0,v2.0,English,Loan Collections,1,0.0,0,Low,0.0,1.0,0.0,1.0,Mass,18-25,Credit Card
9301,08016c12-c0d7-4efc-a421-1623badaedc6,1218,2026-02-10 08:48:02,1,17.0,0.34273333333333333,1,Negative,-0.35346666666666665,44.0,v1.0,Telugu,Payment Reminder,1,0.0,0,Low,0.0,0.0,0.0,0.0,Mass,46-55,Credit Card
389,1ccc64e4-ab0c-40dc-b4ff-d475df107e10,159,2026-02-10 09:12:21,1,13.0,0.617,1,Neutral,0.09123333333333333,32.0,v1.1,English,Customer Support,1,101.0,90+,High,101776.55,1.0,0.0,1.0,Mass,36-45,Personal Loan
5183,fd41c1ea-754b-4054-aec6-1476eafa999a,270,2026-02-10 09:42:40,0,2.0,0.9033333333333333,1,Positive,0.5227333333333334,36.0,v2.0,English,Loan Collections,1,0.0,0,Low,0.0,0.0,0.0,0.0,Mass,18-25,
5428,52929d83-84f7-4347-9b9b-1ed36567a2bc,772,2026-02-10 11:54:32,1,8.0,0.6426333333333333,1,Neutral,-0.16073333333333334,31.0,v1.1,English,Loan Collections,1,91.0,90+,High,27199.64,0.0,0.0,0.0,Mass,26-35,
1466,c641b2ba-2cf9-4c44-bb97-b19fa74c77c9,1972,2026-02-10 12:17:07,1,1.0,0.5202666666666667,2,Neutral,-0.39996666666666664,37.0,v1.0,English,Lead Qualification,1,91.0,90+,High,43865.45,1.0,1.0,2.0,Mass,46-55,Personal Loan
5246,588d90e0-12d8-42bc-8775-7d1e771d2248,126,2026-02-10 13:30:16,1,6.0,0.4984,2,Neutral,-0.14773333333333333,39.0,v1.0,Tamil,Loan Collections,1,0.0,0,Low,0.0,1.0,1.0,1.0,Mass,36-45,Personal Loan
4723,544bdd19-043d-4e80-9fff-ea0c1cbd9f1c,105,2026-02-10 13:43:44,0,14.0,0.8224666666666667,1,Positive,0.24906666666666666,33.0,v2.0,English,Lead Qualification,1,0.0,0,Low,0.0,1.0,0.0,0.0,High Value,18-25,Personal Loan
5424,0c08ed66-d6f7-43f7-bbac-136ac03cda8b,598,2026-02-10 13:50:01,1,8.0,0.6920333333333334,1,Neutral,0.11299999999999999,31.0,v2.0,English,Loan Collections,1,83.0,61-90,High,28228.7,0.0,0.0,0.0,Premium,26-35,Credit Card
8970,8a7569a3-0be8-4b34-bac5-930cc8011800,483,2026-02-10 14:13:39,0,4.0,0.7458999999999999,1,Neutral,-0.1975,42.0,v1.0,English,Loan Collections,1,0.0,0,Low,0.0,4.0,2.0,3.0,Mass,36-45,Personal Loan
4143,039e4bc9-651d-47f2-9117-0b7e68ae9f03,646,2026-02-10 14:29:51,0,9.0,0.7318333333333333,0,Positive,0.47809999999999997,22.0,v1.0,Hindi,Lead Qualification,1,0.0,0,Low,0.0,0.0,0.0,0.0,Premium,26-35,Home Loan
1939,717fe90c-a824-422b-bd45-e18e9f2fb767,965,2026-02-10 14:36:56,0,5.0,0.8715333333333334,0,Neutral,0.3049,38.0,v1.0,Tamil,Loan Collections,1,0.0,0,Low,0.0,2.0,0.0,2.0,Mass,46-55,Personal Loan
8490,a3ba4b3e-d1e4-43c5-acea-5ff7a03397f8,408,2026-02-10 15:47:36,0,18.0,0.7385666666666667,0,Positive,0.4429,33.0,v1.1,English,Payment Reminder,1,0.0,0,Low,0.0,0.0,0.0,0.0,Wealth,26-35,Credit Card
3577,9efcf082-209c-44b0-928c-85f5efda11d6,540,2026-02-10 15:48:30,1,15.0,0.46963333333333335,1,Neutral,-0.028933333333333335,33.0,v1.1,English,Payment Reminder,1,28.0,1-30,Low,41975.54,0.0,0.0,0.0,Mass,46-55,Personal Loan
8957,fc429e15-a192-48e2-8a77-141f91aeb3eb,1594,2026-02-10 16:22:01,1,2.0,0.7589,2,Neutral,0.1431,40.0,v2.0,English,Customer Support,1,66.0,61-90,High,60373.54,0.0,0.0,0.0,High Value,26-35,Credit Card
8961,d4f5d8c5-e42a-4bc1-9170-ee8a64e994d5,499,2026-02-10 17:05:47,1,17.0,0.3244666666666667,2,Negative,-0.3739333333333333,35.0,v1.0,English,Insurance Renewal,2,13.0,1-30,Low,75440.68,1.0,0.0,1.0,Mass,26-35,Credit Card
4754,88854d63-73af-450a-a355-dffa60c6f75b,788,2026-02-10 17:25:27,0,17.0,0.5849666666666667,1,Neutral,-0.07376666666666667,42.0,v1.0,Hindi,Insurance Renewal,1,43.0,31-60,Medium,64459.15,3.0,0.0,3.0,Premium,26-35,Personal Loan
9849,1e28a6cf-53a1-42a7-9667-e16ef9409f11,917,2026-02-10 17:31:20,1,13.0,0.506,1,Neutral,0.007733333333333335,31.0,v1.0,Telugu,Payment Reminder,1,67.0,61-90,High,31520.26,2.0,1.0,5.0,Mass,26-35,Personal Loan
6672,0b95b7ca-3cc7-41ef-8e94-82002fd43311,920,2026-02-10 18:00:39,0,17.0,0.6653666666666667,0,Positive,0.3454,40.0,v2.0,English,Payment Reminder,1,0.0,0,Low,0.0,0.0,0.0,0.0,High Value,36-45,Credit Card
1402,eacfc403-9784-4db9-a35c-1a098ad8f37c,1154,2026-02-10 18:14:11,0,1.0,0.8114666666666667,0,Positive,0.3012333333333333,31.0,v1.0,Telugu,Payment Reminder,1,0.0,0,Low,0.0,0.0,0.0,0.0,Mass,18-25,Credit Card
31,0f5fd810-5a1a-4e6e-85f0-bdb7eacdae25,1893,2026-02-10 18:32:46,1,4.0,0.6772999999999999,2,Neutral,-0.005100000000000003,33.0,v1.0,Hindi,Loan Collections,1,26.0,1-30,Low,56437.89,0.0,0.0,0.0,Mass,65+,Credit Card
5085,b578a7f6-0e82-4361-8f13-8397eaa34cd6,1295,2026-02-10 18:50:22,0,12.0,0.7946666666666666,1,Positive,0.47446666666666665,40.0,v1.1,English,Payment Reminder,1,0.0,0,Low,0.0,2.0,0.0,1.0,Mass,36-45,Personal Loan
1336,351e8e6d-ecf8-42f5-8b31-a94d30d1fe36,1283,2026-02-10 19:13:36,0,5.0,0.8713666666666667,1,Positive,0.42639999999999995,28.0,v1.0,Hindi,Loan Application,2,0.0,0,Low,0.0,2.0,0.0,0.0,Mass,46-55,
9010,7589cee7-7e1a-42ad-8c50-cd1f9df8c178,801,2026-02-10 19:33:11,1,16.0,0.49366666666666664,1,Negative,-0.40549999999999997,36.0,v1.0,Telugu,Customer Support,1,69.0,61-90,High,11056.72,1.0,0.0,1.0,Wealth,18-25,Credit Card
6545,355d6ea9-d664-41c5-ab33-9b7678e2c613,448,2026-02-10 19:38:04,0,8.0,0.8718333333333333,2,Positive,0.41209999999999997,46.0,v2.0,English,Loan Application,1,0.0,0,Low,0.0,0.0,0.0,0.0,Mass,36-45,Personal Loan
8018,3ced24db-1c7e-4b9a-9b46-8db22492b6ba,1851,2026-02-10 19:46:56,1,11.0,0.39433333333333337,1,Neutral,-0.20266666666666666,22.0,v1.0,English,Customer Support,1,42.0,31-60,Medium,76172.01,0.0,0.0,0.0,High Value,18-25,
5146,48d1b7b0-abc0-48d7-8018-d054a479fbdc,814,2026-02-10 19:51:32,1,17.0,0.3618333333333334,2,Negative,-0.3982666666666666,47.0,v1.0,Telugu,Insurance Renewal,1,0.0,0,Low,0.0,2.0,1.0,2.0,High Value,46-55,Personal Loan
8645,128711f6-cc7e-40e7-bc15-e543cc8c21e6,429,2026-02-11 09:05:43,1,,0.24949999999999997,3,Negative,-0.5607,36.0,v1.0,Hindi,Customer Support,1,90.0,61-90,High,46782.04,1.0,0.0,0.0,Mass,26-35,Credit Card
6071,aa117bef-b11c-4dc6-972d-14128e6e8611,620,2026-02-11 09:45:45,0,9.0,0.7931333333333334,0,Positive,0.3550333333333333,34.0,v1.0,Hindi,Payment Reminder,1,0.0,0,Low,0.0,2.0,1.0,3.0,Mass,36-45,Personal Loan
6204,1d9d6c56-2c39-49e9-9210-93bbe534b55f,460,2026-02-11 09:46:00,1,9.0,0.3306,1,Neutral,-0.26666666666666666,41.0,v1.0,Hindi,Loan Application,1,64.0,61-90,High,70800.43,0.0,0.0,0.0,High Value,46-55,Personal Loan
5138,ffdd12c8-8e57-4ce9-8e0f-f629b4099681,407,2026-02-11 09:50:41,0,5.0,0.8021333333333334,1,Positive,0.29706666666666665,40.0,v1.0,Tamil,Lead Qualification,1,32.0,31-60,Medium,58103.5,0.0,0.0,0.0,Mass,26-35,Home Loan
2343,360c92b8-f7c0-43c9-a002-85981d2a7b41,726,2026-02-11 10:01:12,1,16.0,0.7866666666666666,0,Neutral,0.2760666666666667,33.0,v2.0,English,Insurance Renewal,1,89.0,61-90,High,82707.83,1.0,0.0,0.0,Premium,46-55,Personal Loan
9716,39c363bb-2260-4f49-96c1-903cf9d1e341,1258,2026-02-11 12:57:50,0,18.0,0.5025000000000001,0,Neutral,-0.12753333333333333,46.0,v1.0,Tamil,Insurance Renewal,1,8.0,1-30,Low,47885.93,1.0,0.0,0.0,Premium,46-55,Personal Loan
7135,fb739373-a280-4303-b77b-6f792f778be5,701,2026-02-11 13:13:24,0,13.0,0.7555,0,Neutral,0.11396666666666666,23.0,v1.0,English,Customer Support,1,0.0,0,Low,0.0,1.0,0.0,0.0,Mass,26-35,Personal Loan
4430,d5cb94b3-db48-494d-a8cc-8248a0666223,522,2026-02-11 13:37:35,0,4.0,0.6607,0,Negative,-0.19169999999999998,36.0,v1.0,Tamil,Customer Support,1,0.0,0,Low,0.0,1.0,0.0,0.0,Premium,18-25,Credit Card
468,b45b2897-810e-4ac7-b5c7-4793076b14b8,1995,2026-02-11 13:56:40,0,15.0,0.8217333333333333,0,Neutral,0.17003333333333334,42.0,v2.0,English,Lead Qualification,1,0.0,0,Low,0.0,2.0,1.0,2.0,Premium,36-45,Personal Loan
9978,47334bc5-6946-4e64-8152-e26c792f32a9,1257,2026-02-11 14:00:42,0,9.0,0.7171333333333333,0,Neutral,-0.11553333333333332,41.0,v1.1,English,Insurance Renewal,2,87.0,61-90,High,45890.44,3.0,1.0,3.0,Mass,36-45,Credit Card
2702,4462236f-df20-4fd0-a219-7aeb548576dd,1429,2026-02-11 14:46:13,1,15.0,0.31866666666666665,2,Negative,-0.5400333333333333,32.0,v1.0,Telugu,Payment Reminder,1,51.0,31-60,Medium,26334.07,0.0,0.0,0.0,Premium,26-35,Auto Loan
9103,f60f4270-48e7-4279-a5d0-ac35d72af56d,1976,2026-02-11 14:57:07,0,9.0,0.8485666666666667,0,Positive,0.49533333333333335,33.0,v2.0,English,Customer Support,1,39.0,31-60,Medium,45063.74,2.0,0.0,2.0,Mass,18-25,Credit Card
3825,556a0440-dd13-4276-94f3-39be99cc9e3e,836,2026-02-11 14:58:55,0,19.0,0.9054000000000001,2,Positive,0.4566333333333333,40.0,v2.0,English,Loan Collections,1,0.0,0,Low,0.0,1.0,0.0,1.0,Mass,46-55,Auto Loan
6045,96b54e11-df93-4672-9b63-5914d74b5d0c,1672,2026-02-11 15:28:51,0,15.0,0.8269000000000001,1,Positive,0.03436666666666668,32.0,v2.0,English,Payment Reminder,1,28.0,1-30,Low,1000.0,3.0,0.0,0.0,Premium,36-45,Personal Loan
7692,d25b41d5-6fbe-4a5b-b6da-ed41650e4daf,151,2026-02-11 15:51:50,0,10.0,0.8082666666666666,1,Neutral,0.2125,35.0,v1.0,Tamil,Lead Qualification,1,0.0,0,Low,0.0,2.0,1.0,5.0,Mass,26-35,Home Loan
6790,301e5dc0-f376-47c9-a2ea-424f37d1357e,1656,2026-02-11 16:51:55,1,17.0,0.4532333333333333,2,Neutral,0.11066666666666665,31.0,v1.0,English,Customer Support,1,,31-60,Medium,45267.09,0.0,0.0,0.0,Mass,36-45,Personal Loan
6257,fc03eb7e-389e-4284-86d9-aa5c8cebbd88,254,2026-02-11 17:22:24,0,1.0,0.9273333333333333,0,Positive,0.5851000000000001,31.0,v1.1,English,Loan Collections,1,0.0,0,Low,0.0,2.0,1.0,3.0,Mass,36-45,Credit Card
2875,814397e6-7468-4f49-a758-ba8110e04d93,813,2026-02-11 17:49:46,0,1.0,0.7840333333333334,0,Positive,0.3347,26.0,v1.0,Telugu,Loan Collections,1,0.0,0,Low,0.0,2.0,0.0,0.0,Mass,56-65,Home Loan
9696,f09fd433-9be9-4141-a33b-1242fed6bae2,1900,2026-02-11 19:04:35,0,2.0,0.8519666666666666,0,Positive,0.6047666666666666,38.0,v2.0,English,Payment Reminder,1,0.0,0,Low,0.0,1.0,0.0,0.0,Premium,36-45,Credit Card
4467,e16e6d52-7ae0-497a-a25e-15c4de8dd78c,1490,2026-02-11 19:05:08,0,4.0,0.7723,1,Positive,0.3454,40.0,v1.1,English,Insurance Renewal,1,3.0,1-30,Low,86388.73,0.0,0.0,0.0,Premium,46-55,Home Loan
1836,b2a9e668-5f26-42e7-8ac1-7b3583919e2d,845,2026-02-12 08:25:16,1,3.0,0.6481333333333333,2,Neutral,-0.05726666666666666,33.0,v1.1,English,Customer Support,1,0.0,0,Low,0.0,0.0,0.0,0.0,Mass,26-35,Credit Card
9788,1bddf4b8-d4f7-4a34-a2b6-4e1c7681446c,22,2026-02-12 08:29:46,0,9.0,0.7324,1,Neutral,0.1951333333333333,39.0,v1.0,Hindi,Loan Collections,1,35.0,31-60,Medium,58456.18,1.0,0.0,0.0,Mass,18-25,Credit Card
9356,70a25501-4aa9-4d4b-afcb-9864ca20596d,430,2026-02-12 09:15:23,1,16.0,0.18359999999999999,2,Negative,-0.6416333333333334,36.0,v1.0,Tamil,Loan Collections,1,81.0,61-90,High,57216.86,2.0,0.0,1.0,Mass,46-55,Personal Loan
781,893dd2a7-3182-474d-adf3-e84b72d57eff,1353,2026-02-12 10:22:39,0,19.0,0.7906,2,Positive,0.455,34.0,v1.0,Telugu,Insurance Renewal,1,0.0,0,Low,0.0,1.0,1.0,2.0,Premium,46-55,Credit Card
6032,47c2022e-8588-48a6-8dc9-b9901864e157,695,2026-02-12 10:58:37,0,6.0,0.6460333333333333,2,Neutral,0.22296666666666665,27.0,v1.1,English,Payment Reminder,1,0.0,0,Low,0.0,1.0,0.0,2.0,Premium,65+,Home Loan
594,c563a872-d989-4314-b807-1dd6c65f62b7,1696,2026-02-12 10:59:39,1,8.0,0.7406666666666667,2,Positive,0.16113333333333332,36.0,v1.0,Tamil,Loan Collections,1,0.0,0,Low,0.0,1.0,0.0,0.0,Premium,46-55,Credit Card
5634,b0045ba3-52d3-4470-8349-2fcaa4cc9675,194,2026-02-12 12:25:58,1,2.0,0.7277999999999999,1,Neutral,0.11993333333333334,31.0,v1.0,Tamil,Loan Collections,1,0.0,0,Low,0.0,0.0,0.0,0.0,Wealth,26-35,Personal Loan
746,d40ad7f4-7901-4d5d-beb9-75731b21d6a2,1581,2026-02-12 12:36:25,1,11.0,0.1279,2,Negative,-0.6947,45.0,v1.0,English,Loan Collections,1,95.0,90+,High,7305.06,4.0,0.0,1.0,Premium,18-25,Credit Card
2036,44fe39a3-d9e2-477f-b38e-57fbff8e3a4a,1921,2026-02-12 12:47:01,0,13.0,0.7667666666666667,0,Positive,0.3884666666666667,37.0,v2.0,English,Loan Application,1,116.0,90+,High,96992.55,1.0,0.0,1.0,Mass,36-45,Personal Loan
7314,c1371a36-c423-4d87-a512-494a266669ea,853,2026-02-12 12:57:49,0,19.0,0.6638333333333333,1,Neutral,0.10713333333333334,30.0,v1.0,Tamil,Loan Collections,1,28.0,1-30,Low,48609.69,1.0,1.0,1.0,High Value,18-25,Personal Loan
4823,e85f5842-03da-428f-975d-c2c908c8468f,998,2026-02-12 13:15:06,0,11.0,0.8786,0,Neutral,0.2878,41.0,v1.0,Telugu,Loan Collections,1,7.0,1-30,Low,69811.97,1.0,0.0,0.0,Mass,26-35,Auto Loan
2085,6fe12246-a47b-4bf8-af3d-504d9cd95aea,595,2026-02-12 13:24:25,0,13.0,0.8151,1,Neutral,0.25476666666666664,33.0,v1.0,Hindi,Insurance Renewal,1,0.0,0,Low,0.0,0.0,0.0,0.0,Mass,36-45,
3126,6d1a27f0-8dc5-4d4c-928c-241237c9d7a5,655,2026-02-12 14:15:02,0,9.0,0.7560333333333333,1,Positive,0.37343333333333334,35.0,v1.0,Telugu,Customer Support,1,0.0,0,Low,0.0,1.0,0.0,0.0,Mass,18-25,Credit Card
5024,2ee3a9e6-2d03-4042-b7e2-c998633f8509,122,2026-02-12 14:36:13,0,3.0,0.5903666666666667,1,Neutral,-0.16989999999999997,45.0,v1.1,English,Lead Qualification,1,38.0,31-60,Medium,52421.99,1.0,0.0,0.0,Wealth,36-45,Credit Card
3723,4e26b826-c2da-44e4-8e22-13fd9807792c,1349,2026-02-12 16:08:12,0,18.0,0.6732666666666667,0,Positive,0.38033333333333336,25.0,v1.0,Tamil,Loan Collections,1,0.0,0,Low,0.0,1.0,1.0,3.0,High Value,46-55,Credit Card
6934,c86a569d-d9aa-485f-a593-2b3f4dacdf01,1224,2026-02-12 16:17:17,0,14.0,0.6549666666666667,1,Neutral,-0.012633333333333335,36.0,v1.0,Hindi,Loan Application,2,0.0,0,Low,0.0,4.0,0.0,3.0,High Value,36-45,
1240,0dbd35f4-ab9c-4365-a35d-6567d63f4bfb,1251,2026-02-12 16:18:02,0,8.0,0.9182333333333332,0,Positive,0.6064333333333333,45.0,v2.0,English,Insurance Renewal,1,0.0,0,Low,0.0,1.0,0.0,1.0,Mass,26-35,Credit Card
2477,3b3f849d-22df-4a0d-8213-2a50f4e833a1,717,2026-02-12 16:30:44,0,1.0,0.8849666666666667,0,Positive,0.586,33.0,v1.1,English,Payment Reminder,1,0.0,0,Low,0.0,0.0,0.0,0.0,Mass,46-55,Personal Loan
8185,d91256ea-0c57-4cfb-8e99-daed492ffb43,1849,2026-02-12 17:20:11,0,1.0,0.4987000000000001,0,Negative,-0.15380000000000002,33.0,v1.0,Hindi,Lead Qualification,1,88.0,61-90,High,47112.1,0.0,0.0,0.0,Premium,36-45,Personal Loan
4696,9cee99ce-b37c-4ab8-8b96-6a4a32987b51,1646,2026-02-12 18:27:24,0,9.0,0.904,0,Positive,0.47336666666666666,29.0,v1.1,English,Loan Collections,1,0.0,0,Low,0.0,1.0,0.0,0.0,Mass,46-55,Personal Loan
1873,303eb174-b505-4004-8b3d-1608237c2a9a,1548,2026-02-12 18:55:49,1,4.0,0.25423333333333337,1,Negative,-0.4575666666666667,43.0,v1.0,Tamil,Lead Qualification,1,100.0,90+,High,38419.74,1.0,0.0,0.0,Mass,36-45,Credit Card
7300,9fb69c33-281b-4a78-9ece-d40589cbe3eb,1572,2026-02-12 19:01:13,0,9.0,0.7483333333333334,1,Neutral,0.11333333333333334,28.0,v1.0,Hindi,Insurance Renewal,1,0.0,0,Low,0.0,2.0,0.0,1.0,Mass,36-45,Home Loan
9762,5a5ed6f3-3187-41a6-8406-5db87f14fb09,1526,2026-02-12 19:39:34,0,19.0,0.9133333333333332,1,Positive,0.4046666666666667,36.0,v2.0,English,Loan Application,1,0.0,0,Low,0.0,1.0,0.0,1.0,Mass,26-35,Home Loan
7801,649cab40-f9b9-41be-8c78-058415c0f228,278,2026-02-12 19:40:32,1,13.0,0.6209333333333333,0,Negative,-0.3333333333333333,21.0,v1.0,English,Loan Collections,1,81.0,61-90,High,54442.15,3.0,2.0,7.0,Premium,18-25,Personal Loan
8539,284fada4-ec0e-481e-a599-129a9860ee37,1971,2026-02-13 08:04:52,1,17.0,0.3291,2,Negative,-0.4792,29.0,v1.1,English,Lead Qualification,1,71.0,61-90,High,42371.6,1.0,0.0,0.0,Premium,46-55,Personal Loan
1385,9e5f6197-4262-4dda-ac23-bf7a57ddda19,1279,2026-02-13 08:21:15,0,2.0,0.8491666666666667,0,Positive,0.4258333333333333,32.0,v2.0,English,Loan Application,1,0.0,0,Low,0.0,1.0,1.0,1.0,Mass,46-55,Personal Loan
4845,624af22e-da5e-433d-a30b-09440b75c366,1097,2026-02-13 08:28:23,0,16.0,0.8067666666666667,0,Neutral,0.17963333333333334,31.0,v2.0,English,Loan Collections,1,79.0,61-90,High,23776.92,1.0,0.0,1.0,Premium,26-35,Credit Card
8958,6684fb07-708d-4a49-b27e-d0915fa2dbd4,1754,2026-02-13 08:56:52,0,14.0,0.669,0,Negative,-0.0593,36.0,v1.0,Tamil,Insurance Renewal,1,0.0,0,Low,0.0,1.0,1.0,1.0,Premium,36-45,Credit Card
8094,eb32823c-1f97-447b-b1dc-082d3ae0bb4f,1488,2026-02-13 09:13:01,1,,0.3086333333333333,3,Neutral,-0.09639999999999999,30.0,v1.0,Tamil,Insurance Renewal,2,60.0,31-60,Medium,34578.94,3.0,1.0,3.0,High Value,36-45,Credit Card
3627,7d4ed062-e944-46e7-96d1-0236dc23c383,344,2026-02-13 09:30:59,1,8.0,0.45543333333333336,0,Neutral,-0.24070000000000003,32.0,v1.0,English,Insurance Renewal,1,75.0,61-90,High,29742.88,0.0,0.0,0.0,Mass,26-35,Credit Card
8920,c89987a7-a967-491f-8104-74e18e413b21,1572,2026-02-13 10:23:44,0,19.0,0.6403666666666666,0,Negative,-0.043933333333333324,38.0,v1.1,English,Customer Support,1,45.0,31-60,Medium,50157.64,3.0,0.0,2.0,Mass,36-45,Home Loan
4219,718cadfd-be9b-4ede-af3c-5027fcee992e,492,2026-02-13 10:33:42,0,7.0,0.8441666666666667,0,Positive,0.44483333333333336,35.0,v1.0,Hindi,Payment Reminder,2,0.0,0,Low,0.0,1.0,0.0,1.0,Mass,26-35,Auto Loan
8959,cc7c7156-0070-4cdb-b0c9-5349acb98411,531,2026-02-13 11:00:03,1,14.0,0.25176666666666664,2,Negative,-0.5264333333333333,33.0,v1.0,English,Customer Support,2,105.0,90+,High,52107.63,5.0,1.0,5.0,Mass,36-45,Personal Loan
8101,bf4dd7e6-6dc2-40f8-b150-b74d703019e7,1185,2026-02-13 11:31:09,0,16.0,0.9233333333333333,0,Positive,0.6186666666666666,48.0,v2.0,English,Insurance Renewal,1,0.0,0,Low,0.0,2.0,1.0,3.0,High Value,56-65,Home Loan
2614,99b79426-c50e-4ca0-aed9-2f015dab143b,1553,2026-02-13 11:55:20,1,,0.3266,3,Negative,-0.5514,27.0,v1.0,English,Loan Collections,1,56.0,31-60,Medium,84378.92,2.0,1.0,5.0,Mass,36-45,Personal Loan
1178,7697e159-44a5-4555-9dab-f980aff5e680,522,2026-02-13 12:28:50,1,,0.28186666666666665,3,Negative,-0.2820333333333333,27.0,v1.0,Telugu,Customer Support,2,57.0,31-60,Medium,70018.55,2.0,0.0,1.0,Premium,18-25,Credit Card
9377,0c06f9c1-6024-476b-9835-dab2bdb05269,1128,2026-02-13 13:23:46,0,18.0,0.48699999999999993,2,Neutral,0.017666666666666674,43.0,v1.0,English,Loan Collections,1,0.0,0,Low,0.0,1.0,0.0,0.0,Mass,36-45,Credit Card
7007,3558ca5d-58a7-4591-9635-df1febeb0e51,557,2026-02-13 13:59:48,0,18.0,0.7018666666666666,1,Neutral,0.07786666666666668,26.0,v1.0,Tamil,Loan Collections,1,0.0,0,Low,0.0,3.0,1.0,2.0,Mass,56-65,Personal Loan
8191,629bc099-f413-40be-9167-f1da37f7e00d,1623,2026-02-13 14:15:17,1,10.0,0.8007,1,Neutral,0.27676666666666666,37.0,v1.0,English,Loan Collections,1,0.0,0,Low,0.0,1.0,1.0,1.0,Wealth,36-45,Credit Card
2550,e5ed2f66-b475-4850-a0bd-3f6ccf4f8fa0,673,2026-02-13 15:30:50,1,2.0,0.5619999999999999,0,Neutral,-0.23526666666666665,31.0,v1.0,English,Payment Reminder,2,0.0,0,Low,0.0,2.0,1.0,2.0,Mass,46-55,Personal Loan
7273,9c709fde-714c-400c-b75a-434282ef323a,1728,2026-02-13 16:32:26,0,18.0,0.6584666666666666,0,Neutral,-0.055766666666666666,29.0,v1.0,Telugu,Loan Collections,1,0.0,0,Low,0.0,2.0,0.0,1.0,Mass,36-45,Personal Loan
8536,c4cd5851-37bf-4dc3-b069-2f6a4b12a084,1442,2026-02-13 16:50:46,0,13.0,0.8678333333333333,0,Positive,0.46209999999999996,33.0,v1.1,English,Customer Support,1,0.0,0,Low,0.0,1.0,0.0,0.0,Mass,26-35,Personal Loan
3718,1203fd4d-e9b1-4559-89a2-4fd64c436d47,207,2026-02-13 17:36:27,0,11.0,0.6903333333333334,1,Neutral,0.1045,48.0,v2.0,English,Loan Collections,2,57.0,31-60,Medium,30231.44,2.0,1.0,2.0,Mass,26-35,Personal Loan
5226,6dd65ec5-bf84-4993-b379-eb08f1557d6b,1170,2026-02-13 18:41:24,0,11.0,0.8164666666666666,1,Positive,0.36756666666666665,36.0,v1.0,Telugu,Payment Reminder,1,0.0,0,Low,0.0,2.0,1.0,3.0,Premium,36-45,Credit Card
1103,4287bfeb-20d2-43f7-978d-864edb611feb,1940,2026-02-13 19:01:58,1,12.0,0.32653333333333334,2,Negative,-0.3757333333333333,38.0,v1.0,English,Payment Reminder,1,102.0,90+,High,81719.85,1.0,1.0,2.0,Mass,36-45,Auto Loan
6223,07e2e28b-2cf4-4089-b8c5-51007e590514,1320,2026-02-13 19:03:41,0,1.0,0.9321333333333334,1,Positive,0.7484000000000001,26.0,v2.0,English,Loan Collections,1,0.0,0,Low,0.0,1.0,1.0,2.0,Premium,18-25,Credit Card
3059,a2860b12-4f4c-48d9-ba14-e8be73a75cf5,1262,2026-02-14 08:06:07,0,10.0,0.7184333333333334,0,Neutral,0.2597333333333333,30.0,v1.1,English,Loan Collections,2,91.0,90+,High,22712.0,1.0,0.0,0.0,Mass,18-25,Credit Card
5180,f60195be-d99c-42f6-bfcb-f19959759818,862,2026-02-14 09:05:31,1,18.0,0.3435333333333333,1,Negative,-0.5410333333333334,39.0,v1.0,English,Loan Collections,1,106.0,90+,High,37103.75,3.0,0.0,1.0,Mass,18-25,Credit Card
140,62831f8a-b5e5-45f6-b668-2a80ad65ba4d,1077,2026-02-14 09:45:22,0,10.0,0.9130666666666666,1,Positive,0.5486333333333334,33.0,v1.1,English,Payment Reminder,1,0.0,0,Low,0.0,0.0,0.0,0.0,Wealth,36-45,Personal Loan
9647,a1c53ea1-5d4c-4168-8479-1a4333d72ba1,1297,2026-02-14 10:32:32,0,4.0,0.7902999999999999,0,Neutral,0.24606666666666666,34.0,v2.0,English,Loan Collections,2,0.0,0,Low,0.0,1.0,0.0,0.0,Mass,36-45,Credit Card
9412,3449f68f-5c1a-4135-9b45-190a21dda981,819,2026-02-14 11:21:56,1,17.0,0.14936666666666668,2,Negative,-0.6527333333333334,32.0,v1.0,Telugu,Loan Collections,1,76.0,61-90,High,33068.16,0.0,0.0,0.0,Mass,36-45,Personal Loan
7815,0b112317-bf81-4166-956e-b5793d8dd084,116,2026-02-14 11:23:28,1,19.0,0.6026333333333334,1,Neutral,-0.08916666666666666,43.0,v1.0,Telugu,Loan Collections,1,81.0,61-90,High,63381.07,0.0,0.0,0.0,Mass,26-35,Personal Loan
2452,679d62c4-320b-45c2-9f35-697dc5b5f80d,808,2026-02-14 11:45:00,1,3.0,0.7971,2,Neutral,0.30573333333333336,35.0,v2.0,English,Loan Collections,1,0.0,0,Low,0.0,1.0,0.0,0.0,High Value,26-35,Credit Card
4771,1ca56cbc-f801-4f30-af11-3030652fcf14,1207,2026-02-14 12:23:23,1,3.0,0.7649333333333334,2,Neutral,-0.09496666666666664,27.0,v2.0,English,Insurance Renewal,1,0.0,0,Low,0.0,1.0,1.0,2.0,Mass,36-45,Personal Loan
7953,c0fb4baa-74a1-4540-8d4e-b56c315b1356,1434,2026-02-14 13:14:48,0,10.0,0.71,0,Neutral,-0.10996666666666667,47.0,v1.1,English,Customer Support,1,27.0,1-30,Low,62054.78,1.0,0.0,1.0,Wealth,18-25,Personal Loan
1720,12a0e304-5516-4ce3-82eb-fd4b359bdd52,913,2026-02-14 14:24:40,0,7.0,0.8754666666666667,0,Positive,0.6725,33.0,v1.1,English,Loan Collections,1,0.0,0,Low,0.0,0.0,0.0,0.0,Mass,56-65,Personal Loan
3936,170655a7-e169-45d5-8d78-1bc82afad503,761,2026-02-14 14:54:39,1,19.0,0.2873,2,Negative,-0.5920333333333333,24.0,v1.0,Telugu,Loan Application,1,118.0,90+,High,40403.43,0.0,0.0,0.0,High Value,36-45,Auto Loan
8882,97b2bc67-325a-41ac-84fe-b7f59d37e8a3,1500,2026-02-14 14:55:14,1,13.0,0.7450666666666667,1,Neutral,0.31856666666666666,45.0,v1.0,Tamil,Customer Support,1,0.0,0,Low,0.0,2.0,1.0,4.0,Mass,46-55,Personal Loan
6115,4ff2f52d-2559-4156-b41a-21ec7b014a98,1421,2026-02-14 15:21:35,0,13.0,0.7189666666666668,0,Neutral,0.004200000000000018,40.0,v1.0,Hindi,Customer Support,1,45.0,31-60,Medium,53243.63,0.0,0.0,0.0,Mass,26-35,Home Loan
7085,b4128ecd-7bc8-40c8-bc92-f765fbc92f84,1469,2026-02-14 16:10:59,1,,0.25210000000000005,3,Neutral,-0.33613333333333334,31.0,v1.0,English,Customer Support,1,43.0,31-60,Medium,59421.55,0.0,0.0,0.0,Mass,26-35,Credit Card
3691,3e875b73-6bb2-4e99-8a4f-39a77d6606c0,1794,2026-02-14 16:15:55,0,11.0,0.8980666666666667,0,Neutral,0.23303333333333334,38.0,v1.0,Tamil,Lead Qualification,1,0.0,0,Low,0.0,1.0,0.0,0.0,Mass,26-35,Credit Card
3507,d241c54c-6c88-4d07-b8c5-3a1cc2f860af,1284,2026-02-14 16:46:37,0,7.0,0.8786999999999999,0,Positive,0.43840000000000007,42.0,v1.1,English,Loan Collections,1,2.0,1-30,Low,93275.01,1.0,1.0,2.0,Mass,46-55,Credit Card
2465,3a1582ac-c10f-4c99-9dd4-34d34401a93d,381,2026-02-14 16:51:53,1,,0.4302333333333334,3,Neutral,-0.2124,35.0,v1.0,Hindi,Payment Reminder,1,0.0,0,Low,0.0,2.0,0.0,0.0,Mass,36-45,Credit Card
2883,a4d425f4-2377-451b-bef4-cc152427dd81,1969,2026-02-14 18:00:11,0,19.0,0.7885333333333334,0,Positive,0.1798666666666667,37.0,v1.0,Tamil,Customer Support,1,0.0,0,Low,0.0,0.0,0.0,0.0,Premium,36-45,Auto Loan
8179,6f0406ff-581d-4d9c-82f5-d992414c829a,1762,2026-02-14 18:28:11,0,1.0,0.9275333333333333,0,Neutral,0.3665333333333333,35.0,v1.1,English,Loan Collections,1,0.0,0,Low,0.0,2.0,1.0,5.0,Mass,46-55,
3142,e4190c1c-99c4-4dad-ae55-3194ed4b4b8c,289,2026-02-15 08:05:54,0,12.0,0.8177333333333333,0,Positive,0.4633333333333334,38.0,v1.1,English,Insurance Renewal,1,0.0,0,Low,0.0,0.0,0.0,0.0,Mass,46-55,Auto Loan
1909,bb940094-d358-43c8-8ce1-55f16fcfd0af,1934,2026-02-15 08:13:02,0,2.0,0.7557999999999999,0,Neutral,0.1786333333333333,35.0,v1.1,English,Customer Support,1,0.0,0,Low,0.0,1.0,0.0,0.0,Wealth,26-35,Credit Card
6053,2867bf2c-8c86-4a5a-a498-31968d1e7786,1953,2026-02-15 08:54:32,0,3.0,0.41563333333333335,1,Neutral,-0.08316666666666667,38.0,v1.0,Hindi,Lead Qualification,1,0.0,0,Low,0.0,2.0,2.0,4.0,Premium,18-25,Credit Card
1522,16675889-bfa0-44f5-84d3-10e023d8841a,1926,2026-02-15 09:04:23,1,6.0,0.42006666666666664,0,Negative,-0.2517,25.0,v1.0,Tamil,Insurance Renewal,1,2.0,1-30,Low,61199.87,1.0,0.0,0.0,Premium,26-35,Personal Loan
554,dffb56a5-0619-4c2b-8e6e-ea51d2070de2,1181,2026-02-15 09:21:45,0,7.0,0.8558,0,Positive,0.4283333333333334,40.0,v1.1,English,Insurance Renewal,2,0.0,0,Low,0.0,2.0,1.0,3.0,Mass,18-25,Credit Card
3025,ca8a2b0f-28a8-4344-ae5d-6f31b8f29b2f,1393,2026-02-15 09:39:50,0,7.0,0.8194,1,Positive,0.4174333333333333,35.0,v1.0,Hindi,Insurance Renewal,1,0.0,0,Low,0.0,1.0,0.0,0.0,High Value,36-45,Personal Loan
7501,3f3cf456-6d11-4a2d-867f-9fa1f66e89a5,300,2026-02-15 09:55:26,0,18.0,0.6636666666666667,1,Neutral,0.11193333333333333,31.0,v1.0,English,Loan Application,1,0.0,0,Low,0.0,1.0,0.0,0.0,Mass,46-55,Credit Card
3795,71ea492d-ce5c-4687-89aa-6172e71a652e,501,2026-02-15 10:02:32,0,14.0,0.8359,1,Positive,0.2919333333333333,28.0,v2.0,English,Loan Application,1,0.0,0,Low,0.0,1.0,1.0,1.0,Premium,36-45,Credit Card
6744,291b60d0-1b6d-4018-9d2a-cfec9955b81b,1974,2026-02-15 10:22:33,1,14.0,0.30456666666666665,2,Neutral,-0.028200000000000003,40.0,v1.0,English,Lead Qualification,1,0.0,0,Low,0.0,0.0,0.0,0.0,Mass,18-25,Personal Loan
6777,2ee98c44-158a-4169-885f-6c969a49f047,707,2026-02-15 11:13:44,0,11.0,0.8832666666666666,0,Positive,0.4784,42.0,v2.0,English,Loan Collections,1,85.0,61-90,High,35329.7,2.0,0.0,0.0,Mass,26-35,Credit Card
9524,db9896ed-44d3-45a8-ba30-3feb210981ca,1723,2026-02-15 11:56:49,0,8.0,0.8954,2,Positive,0.6007333333333333,31.0,v2.0,English,Lead Qualification,2,0.0,0,Low,0.0,2.0,0.0,0.0,Premium,36-45,Credit Card
4325,f1b66ac7-356d-4790-9e44-ae0f84b3c9a2,469,2026-02-15 12:05:03,1,19.0,0.4663,1,Negative,-0.32863333333333333,35.0,v1.0,Hindi,Payment Reminder,1,0.0,0,Low,0.0,2.0,0.0,1.0,Mass,26-35,Credit Card
1439,936e03fc-c542-4e54-b082-f1ffd1503d9f,1746,2026-02-15 12:54:20,0,7.0,0.7479999999999999,0,Positive,0.11820000000000001,43.0,v1.0,English,Customer Support,1,0.0,0,Low,0.0,2.0,0.0,1.0,Mass,36-45,Credit Card
3728,233ec5cc-c766-484f-9f14-cd38616a7281,1228,2026-02-15 13:17:26,0,13.0,0.8648000000000001,1,Neutral,0.29236666666666666,43.0,v1.1,English,Loan Collections,1,7.0,1-30,Low,54295.9,1.0,0.0,0.0,High Value,26-35,Personal Loan
7406,00c34ff5-60e5-4924-9e4f-7472e215c0ea,1032,2026-02-15 14:18:37,1,,0.4196,3,Neutral,-0.3418666666666667,28.0,v1.0,Telugu,Loan Application,1,0.0,0,Low,0.0,0.0,0.0,0.0,Mass,36-45,Credit Card
5274,218c678c-a72b-4b51-b613-675d51a4f50d,562,2026-02-15 14:26:26,0,4.0,0.7337666666666666,1,Positive,0.21913333333333332,42.0,v1.1,English,Payment Reminder,1,7.0,1-30,Low,45347.1,0.0,0.0,0.0,Mass,36-45,Personal Loan
4217,fd1b9b98-c06e-41b8-b3f2-5ad470b6d2fc,1881,2026-02-15 14:27:09,0,5.0,0.6257666666666667,1,Neutral,0.16826666666666668,49.0,v1.0,Telugu,Loan Collections,1,66.0,61-90,High,49730.93,2.0,1.0,1.0,Mass,36-45,Home Loan
3602,526f5fae-8e32-49e9-b715-6fc7e08994a6,276,2026-02-15 14:52:47,0,15.0,0.5931333333333333,1,Neutral,-0.2845666666666667,32.0,v1.0,Hindi,Customer Support,1,3.0,1-30,Low,60744.4,0.0,0.0,0.0,High Value,36-45,Personal Loan
6508,83dcfb51-3089-4543-ba88-ae277bababf0,873,2026-02-15 17:05:46,0,11.0,0.7303999999999999,0,Positive,0.23796666666666666,25.0,v1.0,English,Loan Application,1,18.0,1-30,Low,16435.35,1.0,1.0,1.0,Premium,56-65,Credit Card
4910,c5501248-9cd3-44c6-9e25-43a000c2f41f,1993,2026-02-15 17:45:15,1,18.0,0.4001333333333333,2,Neutral,-0.3635,35.0,v1.0,Tamil,Lead Qualification,1,69.0,61-90,High,57162.45,1.0,0.0,0.0,Mass,18-25,Home Loan
2825,d7ddeb2b-c541-4519-9328-2c54cf34511f,1548,2026-02-15 18:54:33,0,7.0,0.7575,1,Neutral,0.18199999999999997,32.0,v1.0,Hindi,Customer Support,2,32.0,31-60,Medium,36144.08,2.0,1.0,4.0,Mass,36-45,Credit Card
3017,bf0482c8-ba84-4ab5-b896-eb0aee7d2e94,858,2026-02-15 19:15:18,0,2.0,0.8606333333333334,2,Positive,0.6265000000000001,40.0,v2.0,English,Lead Qualification,2,0.0,0,Low,0.0,4.0,1.0,2.0,Mass,26-35,Credit Card
5039,3f9fa791-f3d6-48f4-a2f3-76083fa0f84c,1433,2026-02-15 19:16:39,0,16.0,0.8164000000000001,1,Positive,0.34299999999999997,25.0,v1.0,Tamil,Insurance Renewal,1,0.0,0,Low,0.0,1.0,0.0,0.0,Mass,26-35,Credit Card
7347,3dd0f685-24c6-45ee-8ed2-454d28008b30,1517,2026-02-16 08:56:58,0,7.0,0.919,1,Positive,0.7474666666666666,30.0,v1.1,English,Customer Support,1,0.0,0,Low,0.0,0.0,0.0,0.0,Mass,26-35,Credit Card
9130,0809fe67-5298-49e6-8536-8ab17b2a85ae,1211,2026-02-16 09:31:14,0,7.0,0.7727,1,Positive,0.2759666666666667,24.0,v1.0,English,Lead Qualification,1,0.0,0,Low,0.0,1.0,1.0,5.0,Mass,36-45,Personal Loan
4105,51b649c0-9047-4b51-a067-ba09c2e3c876,485,2026-02-16 09:40:23,0,5.0,0.8058666666666667,2,Neutral,0.2917666666666667,46.0,v1.0,Hindi,Customer Support,1,47.0,31-60,Medium,62677.99,1.0,0.0,0.0,High Value,36-45,Credit Card
9756,ec6cea56-4955-43c4-a608-388f9b0b1960,775,2026-02-16 11:54:56,0,5.0,0.8351999999999999,1,Positive,0.23753333333333335,31.0,v1.0,English,Loan Collections,2,0.0,0,Low,0.0,1.0,1.0,1.0,Premium,18-25,Credit Card
3824,6e731091-9bea-4c5c-8f22-5d9e2e9d0e62,470,2026-02-16 12:03:47,1,7.0,0.8234333333333334,1,Neutral,0.2664,47.0,v1.0,Hindi,Insurance Renewal,1,6.0,1-30,Low,54548.71,1.0,0.0,0.0,Mass,36-45,Credit Card
7754,3e56b298-56a0-435b-8f92-8c78d63550ec,1989,2026-02-16 13:43:13,0,5.0,0.9303666666666667,0,Positive,0.5934333333333334,38.0,v2.0,English,Loan Collections,1,47.0,31-60,Medium,58038.91,1.0,1.0,1.0,Premium,46-55,Credit Card
4156,9c25127b-4526-46b0-84d3-841763c3081e,1682,2026-02-16 13:50:51,1,,0.3074,3,Negative,-0.5844,37.0,v1.0,English,Loan Collections,1,13.0,1-30,Low,67973.52,0.0,0.0,0.0,Mass,26-35,Auto Loan
296,9ac7a77e-ec40-483e-8f50-2e277a5512bd,1742,2026-02-16 14:22:00,1,18.0,0.17423333333333332,2,Negative,-0.5982,36.0,v1.0,Hindi,Loan Collections,1,85.0,61-90,High,68385.87,2.0,0.0,2.0,Mass,26-35,Credit Card
7388,a80a7ae2-31d1-4350-991e-6b445c8558ca,1774,2026-02-16 16:55:42,1,8.0,0.43006666666666665,2,Neutral,-0.2228,28.0,v1.0,English,Loan Collections,1,115.0,90+,High,72491.54,2.0,2.0,2.0,Mass,36-45,Home Loan
4976,963375ca-f7ba-43a9-803f-9aa6539feb0a,1039,2026-02-16 17:46:44,0,18.0,0.8828333333333332,1,Positive,0.5163,32.0,v2.0,English,Loan Application,1,0.0,0,Low,0.0,2.0,0.0,2.0,Premium,65+,Credit Card
1451,036f0f83-7e4d-471b-9646-fdb64a8cc4c5,1477,2026-02-16 17:48:33,0,5.0,0.9525666666666667,1,Positive,0.6567666666666667,40.0,v2.0,English,Insurance Renewal,1,0.0,0,Low,0.0,0.0,0.0,0.0,Mass,46-55,Home Loan
7882,6c389795-cf84-41ac-8951-3bf6f2c86de3,1446,2026-02-16 18:40:57,0,6.0,0.9737999999999999,0,Positive,0.7705333333333333,36.0,v2.0,English,Loan Collections,1,0.0,0,Low,0.0,2.0,2.0,6.0,Mass,36-45,Credit Card
346,c40f4827-507a-4039-bbee-f71dc95ba54a,1336,2026-02-16 19:18:00,1,19.0,0.6856666666666666,0,Neutral,0.09570000000000001,34.0,v1.0,Tamil,Customer Support,2,59.0,31-60,Medium,70617.35,2.0,1.0,4.0,Mass,26-35,Personal Loan
8054,88420df1-c4ed-4b1e-95ab-f0865c65d8f3,1096,2026-02-16 19:47:09,0,5.0,0.9188000000000001,0,Positive,0.6332666666666666,45.0,v1.0,Hindi,Loan Application,1,0.0,0,Low,0.0,2.0,2.0,8.0,Mass,46-55,Personal Loan
3030,0bdaf435-fc27-4474-a247-0d6e39754194,1566,2026-02-17 08:37:30,0,19.0,0.7534333333333333,1,Neutral,0.2945,37.0,v1.0,Tamil,Loan Application,1,0.0,0,Low,0.0,1.0,0.0,0.0,Mass,26-35,Auto Loan
9576,e18b4b85-0a35-4594-b4e9-52c6a648e98a,40,2026-02-17 10:41:57,0,12.0,0.6254666666666666,1,Neutral,0.2787,28.0,v1.0,Tamil,Lead Qualification,1,0.0,0,Low,0.0,5.0,1.0,2.0,Mass,36-45,Personal Loan
4899,48450752-80b6-4212-ba6f-117bf2935028,964,2026-02-17 12:13:39,0,1.0,0.7120666666666667,1,Positive,0.19509999999999997,28.0,v1.0,English,Customer Support,2,0.0,0,Low,0.0,4.0,1.0,4.0,High Value,18-25,Credit Card
6618,0965c86f-ee30-43d2-8dc2-e869e989eecc,683,2026-02-17 12:23:08,1,,0.48503333333333326,3,Neutral,-0.11666666666666668,44.0,v1.0,Hindi,Insurance Renewal,1,0.0,0,Low,0.0,1.0,0.0,0.0,Mass,26-35,Personal Loan
4367,0861179a-9fc3-4493-bf87-baa056effef1,453,2026-02-17 12:37:55,0,18.0,0.9198333333333334,2,Positive,0.5229333333333334,34.0,v2.0,English,Insurance Renewal,1,0.0,0,Low,0.0,3.0,1.0,2.0,Premium,26-35,Personal Loan
9866,f4874e6a-6b80-41c8-9d29-116efa9f0743,1098,2026-02-17 13:05:51,1,19.0,0.6173333333333333,0,Neutral,0.0497,26.0,v1.1,English,Insurance Renewal,2,87.0,61-90,High,59319.94,3.0,1.0,1.0,Mass,26-35,Personal Loan
5068,3a18c165-3b59-49e2-aa00-d60a1572c310,1389,2026-02-17 13:43:46,1,3.0,0.43226666666666663,2,Negative,-0.4512666666666667,36.0,v1.1,English,Loan Collections,1,69.0,61-90,High,55749.79,0.0,0.0,0.0,Premium,46-55,Personal Loan
814,a101b134-e673-4bfd-a962-c4a257d79ed1,1139,2026-02-17 14:09:33,1,8.0,0.7157333333333332,1,Neutral,0.14586666666666667,30.0,v1.0,Hindi,Lead Qualification,1,16.0,1-30,Low,48942.61,0.0,0.0,0.0,Premium,26-35,Credit Card
404,bcc68d2d-818a-44b7-b431-10ffcf641125,1524,2026-02-17 14:37:10,1,4.0,0.41509999999999997,1,Negative,-0.2767,42.0,v1.0,Hindi,Loan Collections,1,64.0,61-90,High,67699.96,0.0,0.0,0.0,Mass,46-55,Personal Loan
3285,93d65c3c-4007-431c-85ef-90ca2e1b3443,967,2026-02-17 14:42:00,1,8.0,0.6014333333333334,2,Negative,-0.20010000000000003,37.0,v1.0,Tamil,Customer Support,1,32.0,31-60,Medium,46537.22,1.0,1.0,2.0,Premium,36-45,Credit Card
4715,4281077e-7d9c-45a8-b9cb-804571bfd3ce,1137,2026-02-17 15:09:38,0,19.0,0.7526,0,Positive,0.3497333333333333,29.0,v1.0,Hindi,Insurance Renewal,1,18.0,1-30,Low,65485.09,1.0,1.0,1.0,Wealth,26-35,Credit Card
9012,63342b00-771b-4a09-a5bb-24a6907f1cc5,225,2026-02-17 15:17:01,1,17.0,0.7363,2,Neutral,0.15346666666666667,44.0,v1.0,Hindi,Loan Collections,1,0.0,0,Low,0.0,1.0,0.0,0.0,Premium,26-35,Credit Card
6336,74b79b1d-287f-4c1c-9f51-468a64cd8c9f,1331,2026-02-17 15:18:53,1,,0.27373333333333333,3,Negative,-0.5325333333333333,36.0,v1.1,English,Loan Collections,1,108.0,90+,High,26826.28,1.0,1.0,2.0,Mass,46-55,Personal Loan
7847,cac1a3d8-4fba-4cae-84f1-e238f9c3bb49,551,2026-02-17 15:24:36,1,4.0,0.6699999999999999,1,Neutral,0.2975333333333333,31.0,v1.0,Hindi,Lead Qualification,1,0.0,0,Low,0.0,2.0,1.0,2.0,Mass,46-55,Auto Loan
706,28676546-1897-4498-8228-292aacba8255,933,2026-02-17 15:40:40,1,18.0,0.6157666666666667,1,Positive,0.023333333333333317,44.0,v1.0,Tamil,Payment Reminder,1,0.0,0,Low,0.0,0.0,0.0,0.0,Mass,36-45,Personal Loan
277,e32f9a20-1563-4d6d-a700-c433103722b4,1519,2026-02-17 16:22:30,0,7.0,0.8767333333333333,1,Positive,0.453,33.0,v2.0,English,Loan Collections,2,62.0,61-90,High,58932.69,3.0,2.0,6.0,Premium,36-45,Credit Card
8282,af302285-c28b-4775-b009-90cc1a0fc283,273,2026-02-17 16:35:05,0,16.0,0.7999666666666667,1,Positive,0.39369999999999994,51.0,v1.1,English,Insurance Renewal,1,0.0,0,Low,0.0,1.0,0.0,0.0,Mass,36-45,Credit Card
2923,74cbaedc-1fc9-47e9-8d3f-271c5737e943,676,2026-02-17 17:33:58,0,13.0,0.8907666666666666,1,Positive,0.5380333333333334,33.0,v1.1,English,Loan Collections,2,0.0,0,Low,0.0,1.0,0.0,1.0,Mass,36-45,
6611,c0968a5e-8f57-4200-9779-9f9bc5be9e7c,1317,2026-02-17 18:23:59,1,10.0,0.4562333333333333,1,Neutral,-0.13626666666666667,35.0,v1.0,Telugu,Loan Collections,1,0.0,0,Low,0.0,2.0,1.0,3.0,Mass,26-35,Auto Loan
6937,5370924b-d965-411a-af61-caf3df892fa4,499,2026-02-17 18:46:04,1,18.0,0.5795666666666667,1,Negative,-0.2596,31.0,v1.1,English,Payment Reminder,1,118.0,90+,High,49491.23,2.0,1.0,4.0,Mass,26-35,Credit Card
6248,db5aa89f-e298-4e28-9f7f-c3fd5b09b7ab,815,2026-02-17 18:46:25,0,16.0,0.6359666666666667,1,Neutral,0.19199999999999998,49.0,v1.0,Tamil,Loan Collections,1,10.0,1-30,Low,35030.83,3.0,1.0,2.0,Mass,46-55,Personal Loan
1852,f95d8b56-ad01-45d8-b215-c3720b8a4d42,341,2026-02-17 18:51:25,1,1.0,0.4918,2,Neutral,-0.0013666666666666688,45.0,v1.0,Tamil,Insurance Renewal,1,89.0,61-90,High,80038.21,1.0,0.0,0.0,Mass,46-55,Personal Loan
5849,5ec18b63-e07f-456c-b5db-189134d39a60,1810,2026-02-17 19:24:06,0,8.0,0.7649,1,Neutral,0.15383333333333335,27.0,v1.0,Hindi,Customer Support,1,0.0,0,Low,0.0,0.0,0.0,0.0,Mass,36-45,Credit Card
8016,f85d93ef-a2ca-4747-b86f-9ed1162c0195,1657,2026-02-18 08:01:42,1,12.0,0.2495666666666667,2,Neutral,-0.1878,34.0,v1.0,English,Lead Qualification,1,77.0,61-90,High,44781.76,3.0,0.0,0.0,Mass,26-35,Credit Card
160,33103b48-d883-460f-9700-0597af641c4c,1126,2026-02-18 09:01:21,1,4.0,0.612,1,Neutral,0.12409999999999999,36.0,v1.0,Hindi,Lead Qualification,1,0.0,0,Low,0.0,1.0,1.0,3.0,High Value,26-35,Credit Card
3743,9e491420-7af6-4557-8cf0-f872e0744b3c,1699,2026-02-18 09:14:59,1,18.0,0.48773333333333335,1,Neutral,0.2251,34.0,v1.0,Hindi,Insurance Renewal,1,0.0,0,Low,0.0,0.0,0.0,0.0,High Value,46-55,Personal Loan
76,16f2f6da-2c64-4b23-a424-7895ae43a0f3,714,2026-02-18 09:20:45,1,17.0,0.4131,1,Negative,-0.3620666666666667,42.0,v1.0,Tamil,Loan Collections,1,0.0,0,Low,0.0,1.0,0.0,1.0,Mass,36-45,Personal Loan
1454,fac5941b-d565-4753-acd0-c7122f23d8f2,739,2026-02-18 11:00:31,0,10.0,0.7775,1,Positive,0.33016666666666666,45.0,v1.0,English,Payment Reminder,1,0.0,0,Low,0.0,1.0,0.0,0.0,Premium,26-35,Personal Loan
2537,2ec108de-a195-451f-a6b5-90cee939819e,674,2026-02-18 11:13:34,0,19.0,0.8597999999999999,0,Positive,0.5044000000000001,33.0,v2.0,English,Lead Qualification,1,0.0,0,Low,0.0,1.0,0.0,0.0,Premium,26-35,Personal Loan
8589,739769b1-8173-4062-a34c-406fcffc2f6b,380,2026-02-18 11:25:44,0,10.0,0.9251333333333333,0,Neutral,0.48743333333333333,29.0,v2.0,English,Lead Qualification,2,0.0,0,Low,0.0,3.0,1.0,2.0,Wealth,26-35,Credit Card
388,e5a6eb5d-646a-46bc-80ed-7c6e791c4490,1984,2026-02-18 11:27:27,0,1.0,0.8011333333333334,0,Positive,0.6396000000000001,36.0,v1.0,Telugu,Loan Application,2,0.0,0,Low,0.0,2.0,0.0,0.0,Premium,36-45,Home Loan
6150,96984da5-e509-4235-b136-0cc5a510b906,377,2026-02-18 12:00:14,0,8.0,0.8285333333333332,0,Positive,0.5684333333333333,47.0,v1.1,English,Loan Application,1,0.0,0,Low,0.0,1.0,0.0,0.0,Mass,18-25,Credit Card
8674,b11d8c11-7b7e-458a-86a3-60bcfc96b8f3,94,2026-02-18 12:11:32,1,8.0,0.34980000000000006,2,Neutral,-0.20463333333333333,39.0,v1.0,English,Loan Collections,1,112.0,90+,High,50663.49,4.0,0.0,1.0,Mass,36-45,Personal Loan
8017,394c63df-04de-40bc-bd36-72844481d941,826,2026-02-18 12:25:03,1,6.0,0.47576666666666667,2,Negative,-0.3394,28.0,v1.0,Telugu,Lead Qualification,1,46.0,31-60,Medium,38139.91,2.0,0.0,0.0,Mass,56-65,
8935,1a9e05c2-c93b-4263-889c-fb077cead0d0,1280,2026-02-18 13:00:00,0,16.0,0.8249500000000001,0,Positive,0.24156666666666668,36.0,v1.1,English,Loan Collections,1,0.0,0,Low,0.0,2.0,0.0,1.0,Mass,26-35,Home Loan
8198,87db48cb-c94a-476f-8d41-15060a051dfb,744,2026-02-18 13:46:10,0,12.0,0.8984333333333333,0,Positive,0.6065333333333333,37.0,v2.0,English,Loan Collections,1,0.0,0,Low,0.0,1.0,0.0,2.0,Mass,36-45,Credit Card
9267,51561030-1444-4c9f-b0b7-745a63392c4c,1715,2026-02-18 13:56:25,0,2.0,0.6680333333333334,0,Neutral,0.18059999999999998,41.0,v1.0,English,Loan Application,1,0.0,0,Low,0.0,1.0,0.0,0.0,Mass,36-45,Personal Loan
7743,235904d1-0c72-4689-8ac2-1298d64b4a32,227,2026-02-18 15:23:05,1,2.0,0.5317,2,Neutral,0.0617,29.0,v1.1,English,Customer Support,1,88.0,61-90,High,60256.37,1.0,0.0,0.0,Mass,36-45,Personal Loan
381,11018bc0-00f1-4d1b-905e-4c8674fbc081,768,2026-02-18 16:41:01,1,15.0,0.4641333333333333,1,Negative,-0.18513333333333334,30.0,v1.1,English,Lead Qualification,1,64.0,61-90,High,42366.02,1.0,0.0,1.0,High Value,18-25,Credit Card
5323,b58034ad-c217-478e-984d-0076c3cd5bdd,1186,2026-02-18 17:47:43,0,15.0,0.5802666666666667,0,Neutral,0.15873333333333334,36.0,v1.1,English,Loan Application,1,0.0,0,Low,0.0,0.0,0.0,0.0,Mass,26-35,Credit Card
6236,2b8f94a9-72ce-4711-9eb8-77021678963b,1213,2026-02-18 18:32:42,0,7.0,0.8222333333333333,1,Neutral,0.16116666666666665,46.0,v1.0,Tamil,Loan Collections,1,0.0,0,Low,0.0,0.0,0.0,0.0,Mass,26-35,Auto Loan
7741,97a9876c-f0d9-41c1-9967-97bbe51e7d49,648,2026-02-18 18:43:42,0,8.0,0.8172333333333333,1,Positive,0.4467666666666667,29.0,v1.1,English,Loan Collections,1,0.0,0,Low,0.0,0.0,0.0,0.0,Mass,36-45,Credit Card
7417,3b0aa5cd-3010-4f53-99a7-491352cf5031,339,2026-02-18 19:37:47,1,14.0,0.3980333333333333,2,Negative,-0.49866666666666665,41.0,v1.0,Hindi,Customer Support,2,34.0,31-60,Medium,6899.18,3.0,0.0,0.0,Mass,26-35,Credit Card
9720,ab4a4263-7a0e-46de-a806-6bd7787947b7,1508,2026-02-19 09:10:57,0,11.0,0.7168,0,Neutral,0.004133333333333346,38.0,v1.1,English,Payment Reminder,1,109.0,90+,High,45717.41,1.0,0.0,0.0,Mass,18-25,Personal Loan
9630,a981cb36-af6f-4ad8-952b-2da4b54a9efd,1080,2026-02-19 09:21:36,1,4.0,0.7214,1,Neutral,0.21830000000000002,30.0,v2.0,English,Loan Collections,1,0.0,0,Low,0.0,1.0,0.0,1.0,Mass,46-55,Personal Loan
4616,8d8afe2f-29dc-4626-8bfd-2dba492d8ff2,11,2026-02-19 09:45:58,0,2.0,0.7061333333333333,2,Neutral,0.3945,26.0,v1.0,Hindi,Loan Collections,1,10.0,1-30,Low,66338.47,0.0,0.0,0.0,High Value,36-45,
8096,88fb5440-3922-4552-9263-a8768770d490,627,2026-02-19 10:34:57,0,3.0,0.7709,1,Positive,0.377,35.0,v2.0,English,Payment Reminder,1,0.0,0,Low,0.0,2.0,0.0,0.0,Premium,46-55,Credit Card
829,acf26fbd-deee-4321-af26-8b26ae962761,1387,2026-02-19 10:42:41,0,5.0,0.5322,0,Neutral,-0.08693333333333335,43.0,v1.0,Tamil,Loan Collections,1,104.0,90+,High,48809.15,0.0,0.0,0.0,Mass,46-55,Credit Card
9611,58c04af7-dfd4-4b15-82d3-6a8314f2b744,1384,2026-02-19 11:33:09,0,5.0,0.9558,0,Positive,0.7583333333333333,42.0,v2.0,English,Insurance Renewal,1,0.0,0,Low,0.0,2.0,0.0,2.0,Mass,18-25,Credit Card
4868,acf5e343-76d7-4d3c-b9c0-950bc1c2538e,1174,2026-02-19 12:20:00,0,11.0,0.7169333333333334,0,Neutral,0.3965,29.0,v1.0,English,Loan Collections,1,0.0,0,Low,0.0,2.0,0.0,0.0,Mass,26-35,Personal Loan
6924,bb44fb88-a232-451a-814a-c151d37291cd,558,2026-02-19 13:32:50,0,15.0,0.5262333333333333,1,Neutral,-0.3204666666666667,45.0,v1.0,Telugu,Lead Qualification,1,0.0,0,Low,0.0,2.0,0.0,1.0,Mass,36-45,Credit Card
2059,1aa7314a-0ed1-4052-bbb3-f1c7a395065c,1425,2026-02-19 13:45:27,0,11.0,0.7894,0,Positive,0.14446666666666666,33.0,v1.0,Telugu,Customer Support,1,22.0,1-30,Low,45977.7,0.0,0.0,0.0,Mass,26-35,Personal Loan
6010,d4fbce45-c9cc-4eca-8f8f-f279d243f479,1421,2026-02-19 15:10:25,0,19.0,0.7174333333333333,0,Neutral,0.25886666666666663,45.0,v1.0,English,Insurance Renewal,1,0.0,0,Low,0.0,1.0,0.0,0.0,Mass,26-35,Home Loan
2784,646456d1-9929-413c-a2ef-bd9fef742c0d,428,2026-02-19 15:44:05,0,12.0,0.8220666666666666,0,Positive,0.47446666666666665,43.0,v1.1,English,Loan Collections,1,36.0,31-60,Medium,51634.56,1.0,0.0,1.0,Premium,18-25,Credit Card
4313,135947e3-1b2e-4be7-afbc-2a795ee77f98,1994,2026-02-19 17:33:02,0,18.0,0.7694,1,Positive,0.23473333333333332,38.0,v1.0,Telugu,Lead Qualification,1,0.0,0,Low,0.0,1.0,0.0,0.0,Premium,36-45,Auto Loan
245,8e871017-fe27-4875-bf79-2fcee0e2cf3a,113,2026-02-19 17:37:35,0,18.0,0.8179666666666666,1,Neutral,-3.333333333333891e-05,29.0,v1.0,Telugu,Payment Reminder,1,0.0,0,Low,0.0,0.0,0.0,0.0,Mass,36-45,Credit Card
6707,f6b4ef41-f212-41cc-8cd0-42dc6ceea99c,1837,2026-02-19 18:13:34,0,12.0,0.8754333333333334,0,Positive,0.5375,32.0,v2.0,English,Lead Qualification,1,0.0,0,Low,0.0,1.0,1.0,2.0,High Value,56-65,Credit Card
7350,02fb0984-0be3-4f65-ac91-fc499ee0b21c,316,2026-02-19 18:42:49,1,8.0,0.34430000000000005,2,Neutral,-0.23656666666666668,30.0,v1.0,Hindi,Lead Qualification,1,91.0,90+,High,70879.69,1.0,0.0,1.0,Mass,36-45,Personal Loan
7132,3622a9f7-c598-4ef2-8118-8eeaa2ebb08c,718,2026-02-19 19:49:15,1,13.0,0.7861333333333334,2,Neutral,-0.03266666666666667,29.0,v1.1,English,Loan Application,1,65.0,61-90,High,26606.21,2.0,1.0,4.0,Premium,26-35,Personal Loan
7974,347a3870-07d0-45b3-adb9-7528ca2c374e,1508,2026-02-20 08:06:46,1,8.0,0.38186666666666663,2,Neutral,-0.14673333333333333,38.0,v1.0,English,Loan Application,2,69.0,61-90,High,85291.26,2.0,0.0,0.0,Mass,18-25,Personal Loan
7451,13453787-784e-433c-8e97-a80f45f110e7,726,2026-02-20 09:07:46,1,17.0,0.19726666666666667,2,Neutral,-0.10443333333333334,30.0,v1.0,English,Loan Collections,2,11.0,1-30,Low,58779.41,2.0,1.0,1.0,Premium,46-55,Personal Loan
1625,9de24fe5-5271-4f61-baff-58569e8d7cdb,378,2026-02-20 09:43:09,0,10.0,0.9317333333333333,1,Positive,0.7155,39.0,v2.0,English,Loan Collections,1,0.0,0,Low,0.0,1.0,0.0,0.0,Premium,36-45,Personal Loan
2513,9b42018f-58c1-4a2f-a19a-ba75718a16f9,1077,2026-02-20 11:32:33,1,3.0,0.44956666666666667,2,Negative,-0.4256333333333333,43.0,v1.0,Hindi,Customer Support,1,0.0,0,Low,0.0,1.0,0.0,1.0,Wealth,36-45,Personal Loan
8736,c964e6d8-7b8b-4750-8275-1143869ecce6,226,2026-02-20 12:41:26,0,5.0,0.9396333333333334,0,Positive,0.5912666666666667,29.0,v1.1,English,Lead Qualification,1,0.0,0,Low,0.0,1.0,0.0,1.0,Mass,56-65,Personal Loan
1672,2ce1ca71-750d-47d9-a9a5-d2607ef28611,1008,2026-02-20 13:42:47,1,18.0,0.5937,2,Neutral,-0.08899999999999998,42.0,v1.0,Telugu,Payment Reminder,1,13.0,1-30,Low,79297.26,2.0,0.0,0.0,Premium,36-45,Personal Loan
4133,ff557724-8a71-45d7-99c4-635aef2005cd,1748,2026-02-20 14:51:20,1,17.0,0.49333333333333335,2,Negative,-0.3821666666666667,40.0,v1.0,Tamil,Loan Collections,2,0.0,0,Low,0.0,5.0,1.0,4.0,Mass,26-35,Credit Card
9353,3665e863-7e36-4a04-976b-1353d34bea08,1096,2026-02-20 15:19:50,1,,0.4478,3,Negative,-0.44473333333333337,28.0,v1.0,Tamil,Loan Application,2,89.0,61-90,High,19915.1,3.0,2.0,8.0,Mass,46-55,Personal Loan
798,7a64df85-847e-4119-a057-0a5d6a1a1182,254,2026-02-20 15:22:47,0,11.0,0.8497666666666667,1,Neutral,0.4592,31.0,v1.1,English,Loan Collections,1,0.0,0,Low,0.0,3.0,1.0,3.0,Mass,36-45,Credit Card
5959,fbe9db4f-f579-40a0-af6e-d4a7d6f190e3,1528,2026-02-20 15:49:05,1,,0.17843333333333333,3,Negative,-0.5777333333333333,36.0,v1.0,Tamil,Loan Collections,1,78.0,61-90,High,43751.93,0.0,0.0,0.0,Mass,46-55,Personal Loan
111,eeec1a7a-c957-45ff-b041-61075da0104c,295,2026-02-20 15:54:55,0,13.0,0.8673666666666667,1,Neutral,0.4340333333333333,32.0,v1.0,Hindi,Insurance Renewal,1,0.0,0,Low,0.0,2.0,0.0,0.0,Mass,46-55,
7930,87509d3c-18ac-4aea-a2b6-cf97f0984daf,1248,2026-02-20 16:30:02,1,7.0,0.24650000000000002,1,Negative,-0.5573,30.0,v1.0,Telugu,Loan Collections,1,84.0,61-90,High,43916.75,0.0,0.0,0.0,Mass,26-35,Credit Card
131,57dcd0e3-b6c3-4d43-ad06-9bafec34e68c,1011,2026-02-20 16:32:24,0,10.0,0.9062,1,Positive,0.4694666666666667,29.0,v1.1,English,Loan Collections,1,0.0,0,Low,0.0,1.0,1.0,3.0,Premium,18-25,Personal Loan
2797,01d5a74c-1ae3-4df5-b21f-774f6c91f9a9,1201,2026-02-20 17:06:04,0,12.0,0.7466666666666667,2,Neutral,0.08823333333333333,42.0,v1.0,Tamil,Loan Collections,1,0.0,0,Low,0.0,1.0,0.0,0.0,Premium,26-35,Credit Card
8962,2867f4cd-c5f6-406e-bd1d-5822e8a0c68f,732,2026-02-20 18:58:15,0,5.0,0.8813666666666666,0,Positive,0.2836,23.0,v1.0,Tamil,Loan Collections,1,0.0,0,Low,0.0,1.0,0.0,0.0,Mass,18-25,Credit Card
5701,53d3c0fb-806c-48e1-b3a1-eaf76fc48915,573,2026-02-21 08:50:14,0,12.0,0.9144666666666668,2,Neutral,0.5221333333333333,37.0,v2.0,English,Loan Application,1,12.0,1-30,Low,73347.43,1.0,0.0,0.0,Premium,26-35,Credit Card
1521,aaa21c52-31c1-4195-9699-a25d34808ff5,741,2026-02-21 09:28:32,1,17.0,0.3157666666666667,2,Negative,-0.14626666666666666,41.0,v1.0,Telugu,Lead Qualification,1,1.0,1-30,Low,74692.21,3.0,0.0,0.0,Premium,46-55,Personal Loan
7503,a126c666-8c91-49f1-80d8-715b916780c3,1909,2026-02-21 09:40:52,1,17.0,0.1433,2,Negative,-0.7191666666666667,43.0,v1.0,English,Loan Collections,1,67.0,61-90,High,46721.89,2.0,0.0,0.0,Mass,56-65,Personal Loan
3078,ef74f93b-dd25-4533-a756-c07d59b946fa,573,2026-02-21 10:06:10,1,3.0,0.30456666666666665,2,Negative,-0.14359999999999998,38.0,v1.0,English,Loan Collections,1,0.0,0,Low,0.0,2.0,0.0,2.0,Premium,26-35,Credit Card
8189,8c61ae77-8675-4388-8018-68b418f4b05d,232,2026-02-21 10:14:42,1,12.0,0.43096666666666666,2,Neutral,-0.03296666666666666,41.0,v1.0,Tamil,Loan Collections,1,50.0,31-60,Medium,55837.84,0.0,0.0,0.0,Mass,36-45,Credit Card
872,61e0aa4b-b7d9-42b5-99e4-84d0a995d225,789,2026-02-21 10:19:54,0,5.0,0.9030999999999999,1,Positive,0.6297333333333334,33.0,v1.1,English,Customer Support,1,0.0,0,Low,0.0,1.0,1.0,2.0,Premium,18-25,Credit Card
9453,840202d4-8567-496e-9b45-f35b6384a635,177,2026-02-21 10:35:51,1,,0.22956666666666667,3,Negative,-0.2787,35.0,v1.0,Telugu,Lead Qualification,2,47.0,31-60,Medium,54078.88,1.0,0.0,0.0,Mass,65+,Credit Card
4021,b6e17441-ce7b-4b75-b8d1-c2459ec822e9,1832,2026-02-21 11:08:12,0,13.0,0.8503,1,Positive,0.4390666666666667,31.0,v2.0,English,Insurance Renewal,1,64.0,61-90,High,25333.81,1.0,0.0,0.0,Mass,26-35,Credit Card
7284,ca8c0889-006b-4784-b9bc-3663f48091e7,318,2026-02-21 11:34:46,0,14.0,0.7622666666666666,0,Neutral,-0.10486666666666666,31.0,v1.1,English,Loan Collections,1,35.0,31-60,Medium,45899.95,2.0,2.0,6.0,Mass,36-45,Home Loan
5559,d61879fb-962a-4734-ab42-2c49ede351c3,760,2026-02-21 11:42:56,0,10.0,0.9100666666666667,1,Positive,0.43606666666666666,36.0,v1.1,English,Loan Application,1,0.0,0,Low,0.0,1.0,0.0,0.0,High Value,36-45,Personal Loan
807,4d13f598-e146-4f76-822e-50ff2dc677e4,307,2026-02-21 12:14:41,1,15.0,0.28773333333333334,1,Negative,-0.5001333333333333,29.0,v1.0,Telugu,Payment Reminder,1,55.0,31-60,Medium,46434.24,0.0,0.0,0.0,Premium,26-35,Credit Card
540,a0398922-e1b8-4247-bac1-3b7c4602671e,1521,2026-02-21 14:08:14,1,14.0,0.1812666666666667,2,Negative,-0.6003333333333333,37.0,v1.0,English,Payment Reminder,1,87.0,61-90,High,12119.66,1.0,0.0,0.0,Premium,36-45,Credit Card
1401,1b458141-0df9-42df-b108-572016e002fb,1397,2026-02-21 14:49:34,1,15.0,0.5252,2,Negative,-0.3496333333333333,24.0,v1.0,English,Loan Collections,1,0.0,0,Low,0.0,0.0,0.0,0.0,Mass,36-45,Personal Loan
6034,e1ab5e5d-e767-493e-8a53-74dd64138f04,1897,2026-02-21 15:00:36,1,19.0,0.24349999999999997,2,Negative,-0.5576,29.0,v1.0,Hindi,Customer Support,1,82.0,61-90,High,55673.07,4.0,1.0,1.0,Mass,26-35,Credit Card
821,31514ac0-6532-4fde-b140-1799c19a89b2,79,2026-02-21 15:27:33,1,18.0,0.4230333333333334,2,Neutral,-0.312,28.0,v1.0,Tamil,Customer Support,1,63.0,61-90,High,41822.69,1.0,0.0,0.0,Premium,26-35,
5351,c86612de-c170-4140-a3c6-42fc67dea403,667,2026-02-21 16:00:45,1,18.0,0.5998,2,Neutral,-0.01896666666666667,45.0,v1.0,Telugu,Payment Reminder,1,0.0,0,Low,0.0,1.0,0.0,0.0,Mass,26-35,Personal Loan
1181,462d9f9e-39e9-4ced-92ab-beb8b5aa29a7,1018,2026-02-21 16:05:09,0,14.0,0.5513666666666667,1,Neutral,-0.015566666666666666,42.0,v1.0,English,Customer Support,2,0.0,0,Low,0.0,4.0,1.0,3.0,Mass,36-45,Auto Loan
2280,89f504cf-3963-4b71-9bb1-d865607822d1,1476,2026-02-21 16:11:21,0,19.0,0.7792,1,Neutral,0.2826,43.0,v1.0,Tamil,Insurance Renewal,1,0.0,0,Low,0.0,2.0,0.0,0.0,Mass,18-25,Auto Loan
8269,3e92d2d7-aa1f-4ab2-b9a9-791434f8a17c,1681,2026-02-21 16:20:47,0,3.0,0.6891666666666666,1,Neutral,-0.06713333333333334,33.0,v1.1,English,Loan Collections,1,0.0,0,Low,0.0,4.0,0.0,1.0,High Value,18-25,Personal Loan
8439,488b29d0-c3bd-48a6-b5a4-796b43e99a18,148,2026-02-21 16:58:18,0,13.0,0.7067,0,Positive,0.044333333333333336,34.0,v1.0,English,Customer Support,1,0.0,0,Low,0.0,2.0,0.0,0.0,Premium,26-35,Personal Loan
1967,4d24f3b1-0db7-4f05-88ab-b036378658b4,481,2026-02-21 17:58:59,1,17.0,0.6358666666666667,2,Neutral,0.17063333333333333,35.0,v2.0,English,Lead Qualification,1,0.0,0,Low,0.0,3.0,0.0,1.0,Mass,26-35,Credit Card
6717,4db6ee5d-cf9d-4503-a61d-d1b291203041,21,2026-02-21 19:07:09,1,16.0,0.703,1,Neutral,-0.0022000000000000166,44.0,v1.0,Telugu,Customer Support,1,0.0,0,Low,0.0,3.0,1.0,2.0,Wealth,46-55,Personal Loan
3106,8052d304-359a-4a88-ad79-8d54d8041abb,1739,2026-02-21 19:33:34,1,11.0,0.4375,2,Neutral,-0.09096666666666665,39.0,v1.0,English,Lead Qualification,1,0.0,0,Low,0.0,3.0,0.0,4.0,Mass,18-25,Personal Loan
6975,ba2dffd5-66bc-4fbe-b47b-77bd01e6a248,1683,2026-02-22 08:21:39,0,11.0,0.8118666666666666,0,Neutral,0.08836666666666666,20.0,v1.0,English,Loan Collections,1,0.0,0,Low,0.0,1.0,0.0,0.0,Mass,46-55,Credit Card
9768,3a94ab3b-5f20-4300-a959-6445350bd812,167,2026-02-22 09:15:25,1,2.0,0.7167666666666667,2,Neutral,0.00156666666666667,47.0,v1.0,Hindi,Insurance Renewal,1,14.0,1-30,Low,26865.6,4.0,1.0,6.0,Mass,36-45,Credit Card
5452,b1c0edeb-fe69-467b-b2fd-047d78481c62,916,2026-02-22 09:28:09,0,7.0,0.9260999999999999,1,Positive,0.5828333333333333,30.0,v2.0,English,Customer Support,1,0.0,0,Low,0.0,1.0,0.0,0.0,Mass,18-25,Credit Card
7820,ef7462af-01b2-4693-be99-a39047cfa388,1536,2026-02-22 09:39:35,0,5.0,0.8585666666666668,0,Positive,0.3982666666666667,32.0,v1.0,Tamil,Loan Collections,1,0.0,0,Low,0.0,1.0,0.0,0.0,Premium,18-25,Auto Loan
5702,9ab0b700-61fc-4c1a-bb76-3a456ad46820,982,2026-02-22 10:55:35,1,,0.44239999999999996,3,Negative,-0.32736666666666664,35.0,v1.1,English,Loan Collections,1,110.0,90+,High,37162.08,1.0,0.0,0.0,Mass,18-25,Credit Card
6930,cbf0b33b-7ede-4d6d-8722-05e221fd2602,1531,2026-02-22 11:34:19,0,3.0,0.8374333333333333,0,Positive,0.5604,28.0,v1.1,English,Loan Collections,1,14.0,1-30,Low,58855.45,2.0,0.0,0.0,Mass,46-55,Credit Card
9629,cfc2937e-b347-44f6-89d9-844171c688e6,124,2026-02-22 11:59:29,0,1.0,0.8513666666666667,0,Positive,0.4419,36.0,v1.0,Hindi,Payment Reminder,2,0.0,0,Low,0.0,3.0,2.0,4.0,Mass,18-25,Auto Loan
7236,406f3b30-ec8b-4a59-9851-2f6f9584cf8b,1479,2026-02-22 12:21:54,0,19.0,0.5608666666666667,1,Neutral,-0.0025000000000000022,26.0,v1.0,English,Insurance Renewal,2,0.0,0,Low,0.0,3.0,2.0,5.0,Mass,36-45,Credit Card
1549,dabc54c7-aa45-4341-8bef-993ffc22f5c2,70,2026-02-22 12:56:28,1,16.0,0.26813333333333333,2,Negative,-0.4359333333333333,33.0,v1.0,English,Loan Collections,1,105.0,90+,High,59135.64,2.0,1.0,1.0,Mass,18-25,Credit Card
6866,59661af7-f5b9-431b-bda8-4afa6da129e4,1648,2026-02-22 13:08:19,0,9.0,0.8672333333333334,0,Neutral,0.19110000000000002,34.0,v2.0,English,Customer Support,2,81.0,61-90,High,32714.68,3.0,0.0,2.0,Mass,18-25,Credit Card
5396,db55b8e3-0aff-4fd5-af74-37a75a9bb288,1065,2026-02-22 14:19:47,1,19.0,0.3911,2,Neutral,-0.2729666666666667,36.0,v1.0,Tamil,Loan Collections,1,90.0,61-90,High,60987.04,3.0,1.0,3.0,Mass,18-25,Credit Card
9841,12c8ce11-d917-4892-9dc7-a5e79cdf7f7f,929,2026-02-22 14:26:18,0,19.0,0.9262666666666667,1,Positive,0.6301666666666667,40.0,v2.0,English,Customer Support,1,0.0,0,Low,0.0,1.0,0.0,1.0,High Value,46-55,Personal Loan
4704,b119fc1e-e663-433c-8f04-2f1c7ceaa159,586,2026-02-22 14:39:18,1,6.0,0.5650666666666667,2,Neutral,-0.3055333333333333,35.0,v1.1,English,Loan Collections,1,60.0,31-60,Medium,18983.22,0.0,0.0,0.0,Mass,36-45,Credit Card
9481,983cfa77-ef4c-44e6-bf18-e0d5f11e6b2d,393,2026-02-22 14:39:58,1,18.0,0.7051,1,Positive,0.06153333333333333,42.0,v1.0,Tamil,Insurance Renewal,2,0.0,0,Low,0.0,2.0,1.0,2.0,Mass,26-35,Credit Card
8885,fc8968ce-0f9a-49bb-b5f8-92444df44927,1928,2026-02-22 15:19:19,0,6.0,0.5767333333333333,1,Neutral,-0.0207,33.0,v1.1,English,Customer Support,1,27.0,1-30,Low,38543.69,1.0,0.0,0.0,Premium,36-45,Personal Loan
3571,01d13ebd-5739-4c05-8233-f4dc54e44b0c,857,2026-02-22 15:50:36,0,8.0,0.8017,1,Positive,0.2339,31.0,v1.0,Hindi,Loan Application,1,0.0,0,Low,0.0,0.0,0.0,0.0,Mass,26-35,Personal Loan
2598,89156f35-8e9c-45f1-8b59-7d23ac7e8fd8,1773,2026-02-22 17:27:09,1,1.0,0.18303333333333335,2,Negative,-0.608,23.0,v1.0,Tamil,Loan Collections,1,80.0,61-90,High,76511.27,0.0,0.0,0.0,High Value,36-45,Personal Loan
5042,285b3334-db01-497a-ac0b-13d865cec5d0,6,2026-02-22 18:48:37,0,5.0,0.8742333333333333,0,Positive,0.6979666666666667,43.0,v1.0,Hindi,Lead Qualification,1,0.0,0,Low,0.0,0.0,0.0,0.0,High Value,36-45,Home Loan
7878,597372a6-c482-4921-bf62-1220584c7c8a,930,2026-02-22 18:50:09,0,5.0,0.9087333333333333,0,Positive,0.4373666666666667,29.0,v1.0,Telugu,Loan Collections,1,0.0,0,Low,0.0,3.0,2.0,3.0,Premium,36-45,Credit Card
7339,45779b76-f2d8-465a-949e-2886b4a89427,326,2026-02-22 19:31:23,1,9.0,0.6708333333333334,2,Neutral,0.24613333333333332,35.0,v1.0,Hindi,Loan Collections,1,0.0,0,Low,0.0,2.0,0.0,1.0,Premium,46-55,Credit Card
8467,968f7075-e723-4e6e-9eb0-7445c6bc65f8,143,2026-02-22 19:48:33,1,18.0,0.4047666666666667,1,Neutral,-0.2016,36.0,v1.0,Hindi,Loan Application,2,75.0,61-90,High,54639.0,1.0,1.0,4.0,High Value,26-35,Personal Loan
6449,29850123-b4c5-44ee-bb53-903adf529648,896,2026-02-23 08:47:06,1,4.0,0.7306666666666667,2,Negative,0.1910333333333333,45.0,v1.1,English,Payment Reminder,1,0.0,0,Low,0.0,2.0,0.0,0.0,Premium,36-45,Auto Loan
927,f599a876-db7d-4345-bcc3-abb83d3191b3,714,2026-02-23 09:18:49,0,10.0,0.8817666666666666,1,Neutral,0.3149666666666667,31.0,v1.0,Telugu,Loan Collections,1,0.0,0,Low,0.0,2.0,1.0,3.0,Mass,36-45,Personal Loan
683,dfccd13b-61ca-48ca-9e36-a35e6f4f63bb,1457,2026-02-23 09:33:19,0,19.0,0.7509,0,Positive,0.4656666666666667,41.0,v1.0,Tamil,Loan Collections,1,0.0,0,Low,0.0,0.0,0.0,0.0,Premium,18-25,Personal Loan
2295,6b742c36-5ad1-4728-8d36-914547186aae,1048,2026-02-23 10:00:53,0,14.0,0.7994666666666667,0,Neutral,0.3173666666666667,37.0,v1.1,English,Insurance Renewal,1,0.0,0,Low,0.0,2.0,0.0,1.0,Mass,56-65,Personal Loan
4264,640b1b46-8fc0-4bd1-a1e0-97d6752bdf05,919,2026-02-23 11:04:09,0,13.0,0.8539333333333333,1,Positive,0.5082666666666666,30.0,v1.1,English,Loan Collections,1,27.0,1-30,Low,69163.95,2.0,0.0,0.0,Mass,18-25,Auto Loan
9612,58a84425-6f76-4c48-8923-2efb878c27a6,1499,2026-02-23 11:26:55,0,4.0,0.5572666666666667,1,Neutral,0.023500000000000004,41.0,v1.0,Telugu,Payment Reminder,2,0.0,0,Low,0.0,1.0,0.0,0.0,Premium,46-55,Personal Loan
8741,c26cae5f-f563-4842-91a6-cc252c714d8a,1495,2026-02-23 11:27:11,1,,0.18653333333333333,3,Negative,-0.42016666666666663,34.0,v1.0,Tamil,Loan Collections,1,92.0,90+,High,62352.93,0.0,0.0,0.0,Mass,36-45,Home Loan
6174,836238cc-3fe6-40b1-8e00-7ad3ee144f2f,1422,2026-02-23 12:25:38,0,5.0,0.8104,2,Positive,0.4766666666666666,27.0,v1.0,Hindi,Loan Application,1,0.0,0,Low,0.0,0.0,0.0,0.0,Premium,36-45,Credit Card
330,a65bce34-140d-4c6e-9b14-e48f50fbb1ec,780,2026-02-23 12:53:57,0,19.0,0.8230000000000001,0,Positive,0.39749999999999996,24.0,v1.0,Hindi,Loan Collections,1,0.0,0,Low,0.0,0.0,0.0,0.0,Mass,36-45,Credit Card
9953,d83be30b-b8d3-4565-a394-281cef849abd,19,2026-02-23 13:36:46,0,11.0,0.8482666666666666,0,Positive,0.4857666666666667,54.0,v1.0,Hindi,Insurance Renewal,1,0.0,0,Low,0.0,2.0,0.0,2.0,Mass,56-65,
4113,7d2d484e-17da-421f-9fe8-68f63faa93e6,227,2026-02-23 14:00:16,0,19.0,0.8089333333333334,1,Neutral,0.0013666666666666827,27.0,v1.1,English,Loan Collections,1,54.0,31-60,Medium,62106.64,2.0,1.0,3.0,Mass,36-45,Personal Loan
9753,2039518b-1f24-4dd1-a69b-e1a4801da769,1836,2026-02-23 14:07:26,0,7.0,0.7413333333333334,1,Positive,0.23163333333333333,30.0,v1.0,Hindi,Loan Collections,2,0.0,0,Low,0.0,2.0,1.0,3.0,Mass,26-35,Personal Loan
4321,81f9c043-9dac-4e14-bc31-32f49ebb0084,1381,2026-02-23 14:26:14,0,9.0,0.8342999999999999,0,Positive,0.5220999999999999,41.0,v1.1,English,Insurance Renewal,1,0.0,0,Low,0.0,0.0,0.0,0.0,Premium,26-35,Auto Loan
7082,3a32f254-7274-4e00-ab4b-cecbda955773,1011,2026-02-23 15:17:41,1,14.0,0.6883,2,Neutral,-0.0693,44.0,v1.0,Tamil,Loan Application,1,0.0,0,Low,0.0,2.0,1.0,4.0,Premium,18-25,Personal Loan
4872,9d3b8a94-4fe1-4e91-a732-145099a63a2f,202,2026-02-23 15:37:43,0,15.0,0.6640666666666667,1,Neutral,0.08539999999999999,17.0,v1.0,English,Customer Support,1,0.0,0,Low,0.0,2.0,2.0,3.0,Mass,36-45,Home Loan
8472,3ddd6d32-3752-4eb7-b4f3-ff788621baba,1802,2026-02-23 16:07:45,0,2.0,0.7621666666666668,0,Neutral,0.08266666666666667,46.0,v1.0,Hindi,Payment Reminder,1,0.0,0,Low,0.0,1.0,0.0,0.0,Mass,26-35,Personal Loan
9665,c15c02c8-8e42-4297-b0ff-eff74d534af3,1065,2026-02-23 16:13:06,1,9.0,0.6160666666666667,1,Neutral,-0.0703,40.0,v1.0,English,Lead Qualification,1,50.0,31-60,Medium,79084.84,4.0,2.0,6.0,Mass,18-25,Credit Card
1992,cc368958-8ccc-448c-b87b-bb31b8a96484,1630,2026-02-23 16:36:12,0,13.0,0.7347666666666667,0,Neutral,0.2376666666666667,31.0,v1.0,Tamil,Payment Reminder,1,0.0,0,Low,0.0,2.0,1.0,5.0,Mass,36-45,Credit Card
2600,15592d31-8369-4160-90b7-d65088c50306,1955,2026-02-24 09:10:12,0,12.0,0.6943666666666667,1,Neutral,0.07903333333333333,36.0,v1.0,English,Customer Support,1,0.0,0,Low,0.0,1.0,0.0,0.0,Mass,18-25,
1614,51ab0c63-b2cb-48ee-b81a-44cfd7c7a005,1141,2026-02-24 09:24:24,1,2.0,0.5003333333333334,2,Neutral,-0.07469999999999999,42.0,v1.1,English,Loan Application,1,64.0,61-90,High,44515.28,0.0,0.0,0.0,Premium,18-25,Credit Card
3082,87af018d-1f28-41bb-b644-40c5552a2c0b,902,2026-02-24 09:32:45,0,6.0,0.6278666666666667,1,Neutral,0.06379999999999998,54.0,v1.0,Hindi,Loan Application,2,24.0,1-30,Low,31113.34,2.0,0.0,0.0,Mass,36-45,Credit Card
2921,0df5aa49-73d3-4536-99a7-81f57bdcd074,1703,2026-02-24 09:37:09,0,12.0,0.6703666666666667,1,Neutral,-0.0824,41.0,v1.0,English,Lead Qualification,1,0.0,0,Low,0.0,0.0,0.0,0.0,High Value,56-65,Personal Loan
9536,5cab4e37-edce-435f-8678-0859d04bdcff,1243,2026-02-24 09:39:29,0,8.0,0.9297333333333334,1,Positive,0.37753333333333333,30.0,v2.0,English,Loan Collections,1,0.0,0,Low,0.0,2.0,1.0,2.0,High Value,26-35,Credit Card
7053,d7fe8372-555e-4297-9a9b-1573e4a4b607,882,2026-02-24 10:04:13,0,10.0,0.7462,0,Neutral,0.12143333333333332,30.0,v1.1,English,Lead Qualification,1,71.0,61-90,High,59757.73,0.0,0.0,0.0,Premium,36-45,Personal Loan
4101,ce6fe36b-ea14-4a24-8af2-40223a489b76,77,2026-02-24 10:52:37,0,18.0,0.8768333333333334,0,Positive,0.4054333333333333,32.0,v2.0,English,Loan Collections,1,0.0,0,Low,0.0,0.0,0.0,0.0,Mass,26-35,Personal Loan
3092,42998206-afc3-4992-bf92-94de42aa681f,274,2026-02-24 11:24:17,0,19.0,0.7710333333333333,1,Positive,0.26180000000000003,30.0,v1.0,Telugu,Loan Application,1,0.0,0,Low,0.0,1.0,0.0,1.0,Mass,56-65,Personal Loan
7104,7b788c7d-8693-4b23-85a7-f542e26ec392,663,2026-02-24 11:25:57,0,6.0,0.7400666666666668,0,Positive,0.4237666666666667,36.0,v2.0,English,Payment Reminder,1,0.0,0,Low,0.0,0.0,0.0,0.0,Mass,46-55,Credit Card
3095,5a667c92-1f57-4fa4-beb4-4eeba08fdf16,1257,2026-02-24 11:37:36,0,19.0,0.7536,1,Neutral,0.0048,32.0,v1.0,Telugu,Payment Reminder,1,0.0,0,Low,0.0,4.0,1.0,3.0,Mass,36-45,Credit Card
8617,52f377e9-1072-4470-ade9-c84f95071b19,1585,2026-02-24 11:43:16,0,12.0,0.6786333333333333,1,Positive,0.2925,35.0,v1.0,Tamil,Lead Qualification,1,0.0,0,Low,0.0,2.0,0.0,1.0,Mass,26-35,Personal Loan
1886,a0f8ca4d-732c-445d-b479-b1087ab6738d,2,2026-02-24 12:13:33,0,17.0,0.6093333333333333,0,Positive,0.045533333333333335,36.0,v2.0,English,Loan Application,1,18.0,1-30,Low,61729.85,2.0,1.0,6.0,Mass,46-55,Personal Loan
6689,0fdbe8ae-31c8-4c99-8b02-cb79f36a2288,1804,2026-02-24 12:53:54,0,11.0,0.8265333333333333,1,Positive,0.3361666666666667,30.0,v1.0,Hindi,Loan Application,1,0.0,0,Low,0.0,2.0,0.0,1.0,Mass,36-45,Credit Card
1014,9218166d-255a-4d06-b945-06cf250e8bae,237,2026-02-24 14:01:02,1,,0.45813333333333334,3,Neutral,-0.2809666666666667,42.0,v1.0,Tamil,Customer Support,1,43.0,31-60,Medium,24938.93,1.0,1.0,5.0,Mass,26-35,Personal Loan
2451,013ad460-559f-4126-a604-9f4a5787a166,408,2026-02-24 14:14:58,1,3.0,0.4792,2,Neutral,-0.021300000000000003,35.0,v1.0,Hindi,Loan Application,1,5.0,1-30,Low,5316.72,1.0,0.0,1.0,Wealth,26-35,Credit Card
2436,71c79910-4ddc-465f-84b8-2dfc56c43fd7,1665,2026-02-24 14:36:10,1,14.0,0.6504666666666666,1,Neutral,0.08763333333333334,30.0,v1.1,English,Lead Qualification,1,38.0,31-60,Medium,45989.89,2.0,0.0,0.0,Premium,26-35,Credit Card
6608,1b0a27d8-e908-440a-ab21-042a6fa92cf3,553,2026-02-24 15:00:58,0,9.0,0.6234999999999999,1,Neutral,0.08953333333333334,34.0,v1.0,English,Insurance Renewal,1,51.0,31-60,Medium,61109.52,3.0,2.0,5.0,Mass,36-45,Home Loan
1262,bd9a267b-4f7f-4fa2-9ea4-4b6eb08cf272,129,2026-02-24 15:07:48,0,18.0,0.6675,1,Negative,-0.18673333333333333,43.0,v1.0,Hindi,Insurance Renewal,1,0.0,0,Low,0.0,0.0,0.0,0.0,Mass,36-45,Credit Card
8495,99bb7196-140a-4be9-90cf-3c0c2bbb60a4,39,2026-02-24 15:24:29,0,10.0,0.8930666666666668,2,Positive,0.3817333333333333,37.0,v2.0,English,Customer Support,1,51.0,31-60,Medium,54682.07,2.0,0.0,1.0,Mass,46-55,Home Loan
9514,aad69c2c-1cdb-4e12-9dee-e7f0a12f4c6d,2000,2026-02-24 15:25:15,0,10.0,0.9480333333333334,0,Positive,0.6374,40.0,v2.0,English,Payment Reminder,1,20.0,1-30,Low,50832.61,4.0,1.0,5.0,Wealth,36-45,Credit Card
7555,fb0e4997-d230-483a-acde-7db37c21d587,1156,2026-02-24 16:13:00,0,1.0,0.6490333333333334,1,Neutral,0.04036666666666666,48.0,v1.0,Tamil,Insurance Renewal,1,89.0,61-90,High,44150.85,0.0,0.0,0.0,Mass,36-45,Personal Loan
3694,751f8c87-fd24-428a-8196-ee589d4dd695,1749,2026-02-24 16:42:32,0,2.0,0.8849,1,Positive,0.5162333333333333,40.0,v2.0,English,Customer Support,2,0.0,0,Low,0.0,1.0,0.0,1.0,Mass,26-35,Personal Loan
8015,7b16e116-86c8-406b-8899-7579851d9140,1115,2026-02-24 16:44:47,0,12.0,0.9125,0,Positive,0.5908,30.0,v2.0,English,Loan Collections,2,0.0,0,Low,0.0,3.0,0.0,1.0,Mass,26-35,Auto Loan
6636,c86f8f38-4cb9-4c45-8c0e-706c34341c32,838,2026-02-24 16:47:15,0,2.0,0.6337666666666667,0,Positive,0.057166666666666664,31.0,v1.1,English,Payment Reminder,2,51.0,31-60,Medium,13084.05,2.0,0.0,0.0,Mass,26-35,Credit Card
8025,3a8ea5cd-b070-4c4f-a0c7-fdc6309eb686,1576,2026-02-24 17:24:56,0,19.0,0.8703333333333333,0,Positive,0.4881333333333333,39.0,v1.1,English,Insurance Renewal,1,0.0,0,Low,0.0,4.0,0.0,0.0,Premium,56-65,Home Loan
7443,f5545dd5-b598-41e1-afed-846e6018fd62,1384,2026-02-24 17:38:43,0,10.0,0.6029333333333333,0,Neutral,0.0005999999999999986,39.0,v1.1,English,Payment Reminder,2,107.0,90+,High,47277.28,3.0,0.0,2.0,Mass,18-25,Credit Card
1597,cfaaf37a-72a9-419d-86ad-508178b49ecd,1908,2026-02-24 19:24:30,1,3.0,0.44366666666666665,2,Negative,-0.2794,40.0,v1.0,Tamil,Loan Collections,1,0.0,0,Low,0.0,0.0,0.0,0.0,Premium,18-25,Home Loan
5814,3aa8fdf0-55e9-4016-92ca-a6de50e4b61a,1777,2026-02-24 19:50:13,1,17.0,0.39916666666666667,2,Negative,-0.23056666666666667,40.0,v1.0,Tamil,Lead Qualification,2,0.0,0,Low,0.0,1.0,0.0,0.0,Mass,46-55,Personal Loan
9029,e0c84dec-b0d0-4383-aec6-2fb406ac2020,1067,2026-02-25 08:13:15,0,13.0,0.6423333333333333,1,Positive,0.36243333333333333,35.0,v1.0,English,Loan Application,1,13.0,1-30,Low,58735.2,1.0,0.0,2.0,Premium,56-65,Credit Card
1951,a06edece-d925-4ed9-a5e4-7bce5a1f343f,661,2026-02-25 09:06:27,1,2.0,0.644,2,Neutral,-0.13793333333333332,43.0,v1.0,English,Loan Application,1,0.0,0,Low,0.0,0.0,0.0,0.0,Mass,26-35,Credit Card
4022,3f24d07b-fc1d-4f8e-9de8-2c9dfeb019e8,228,2026-02-25 09:32:29,0,15.0,0.424,1,Negative,-0.13026666666666667,47.0,v1.0,English,Lead Qualification,1,0.0,0,Low,0.0,2.0,1.0,2.0,Mass,18-25,Credit Card
4114,93d17a82-483d-43b5-afaa-4b036b70cd47,1304,2026-02-25 11:14:25,1,,0.3970666666666667,3,Neutral,-0.23583333333333334,34.0,v1.0,Telugu,Loan Application,1,0.0,0,Low,0.0,1.0,1.0,6.0,Mass,26-35,Personal Loan
8629,89fe2a60-abc3-491b-a13e-0dee98bd3845,1916,2026-02-25 12:08:00,1,6.0,0.45943333333333336,1,Neutral,-0.1213,35.0,v1.0,English,Customer Support,1,0.0,0,Low,0.0,1.0,1.0,3.0,Mass,36-45,Personal Loan
9132,4dc5f168-8e07-4b5d-a93f-fcf5d5d3d338,699,2026-02-25 13:40:28,0,7.0,0.8086666666666668,0,Neutral,0.1392,36.0,v1.0,Telugu,Customer Support,1,0.0,0,Low,0.0,3.0,1.0,2.0,High Value,26-35,Home Loan
5688,2f07fde7-4178-4b48-951d-bb0c7b47e8be,683,2026-02-25 13:58:48,0,14.0,0.6851333333333334,0,Neutral,0.09813333333333334,37.0,v1.0,Tamil,Loan Collections,2,54.0,31-60,Medium,57675.36,2.0,1.0,4.0,Mass,26-35,Personal Loan
5210,e94ade26-53d5-432d-9f5d-32a5af72e5b5,638,2026-02-25 15:11:21,1,17.0,0.307,2,Negative,-0.7013333333333334,49.0,v1.0,Hindi,Insurance Renewal,1,113.0,90+,High,59398.27,3.0,2.0,4.0,Premium,36-45,Home Loan
4489,e99c37c1-772c-4d20-ada0-f06bb26afbe8,72,2026-02-25 15:18:08,1,17.0,0.4035666666666667,2,Neutral,-0.3226,36.0,v1.0,Telugu,Loan Application,1,0.0,0,Low,0.0,1.0,1.0,2.0,Mass,36-45,Personal Loan
8745,8c69c811-a96e-4abd-a71b-b1091fd6a6e5,498,2026-02-25 15:54:12,0,10.0,0.8603999999999999,1,Positive,0.45543333333333336,29.0,v2.0,English,Loan Collections,1,67.0,61-90,High,55334.74,2.0,0.0,1.0,Premium,36-45,Credit Card
9254,224a6d22-78d7-4242-819f-c7b499a2b945,636,2026-02-25 16:38:07,0,11.0,0.9199,0,Positive,0.5268,30.0,v1.1,English,Payment Reminder,1,0.0,0,Low,0.0,3.0,0.0,0.0,Mass,26-35,Credit Card
5535,c582397c-b171-4731-ad48-81dc9300e2e5,886,2026-02-25 17:18:54,1,18.0,0.4437,1,Negative,-0.2775666666666667,36.0,v1.0,English,Loan Application,1,59.0,31-60,Medium,43781.76,0.0,0.0,0.0,Premium,26-35,Credit Card
1369,1ab85025-9d3b-4e5c-865c-ec7c3ed22940,1257,2026-02-25 17:33:14,1,18.0,0.5687333333333333,2,Neutral,0.005566666666666674,41.0,v1.0,English,Lead Qualification,1,0.0,0,Low,0.0,5.0,1.0,4.0,Mass,36-45,Credit Card
7199,1ffbb8d7-7ed2-403f-b85d-cf459e2d6ef2,1624,2026-02-25 18:07:11,0,5.0,0.8118666666666666,1,Neutral,0.12309999999999999,35.0,v1.0,English,Customer Support,1,0.0,0,Low,0.0,0.0,0.0,0.0,High Value,36-45,Credit Card
1130,b199dda0-f81c-40bd-b1f6-50d9bc0f1941,1392,2026-02-25 19:18:54,0,18.0,0.6991,2,Neutral,0.03356666666666667,25.0,v1.0,Tamil,Lead Qualification,1,0.0,0,Low,0.0,1.0,0.0,0.0,Mass,36-45,Personal Loan
3471,8e6cb4e8-d03b-4a8e-ab62-7ad46b5c8664,1017,2026-02-25 19:34:28,0,10.0,0.9235000000000001,2,Positive,0.5549666666666666,33.0,v1.1,English,Payment Reminder,1,9.0,1-30,Low,44786.76,2.0,1.0,2.0,Premium,36-45,Personal Loan
2263,99c315a9-7899-4d4f-ba0d-d4f896bf4371,161,2026-02-26 08:22:40,0,19.0,0.7535666666666666,0,Neutral,0.10343333333333332,51.0,v1.0,Tamil,Insurance Renewal,1,0.0,0,Low,0.0,0.0,0.0,0.0,Wealth,26-35,Credit Card
13,fbfe9ffe-07e6-45ba-8a6e-29261dfa5fb7,991,2026-02-26 08:58:46,0,14.0,0.5410333333333334,0,Neutral,-0.08186666666666667,40.0,v1.0,Hindi,Loan Collections,1,0.0,0,Low,0.0,1.0,0.0,0.0,Mass,36-45,Home Loan
312,ae9fe0c2-e7e0-4048-9200-1470ea82d68b,826,2026-02-26 09:19:36,1,4.0,0.5154,1,Neutral,-0.16616666666666668,38.0,v1.0,Tamil,Loan Collections,1,13.0,1-30,Low,55167.96,3.0,1.0,4.0,Mass,56-65,
5593,6db19eb4-28e7-4df9-9f99-00834c8bac3a,108,2026-02-26 09:32:45,0,12.0,0.715,1,Neutral,0.17243333333333333,47.0,v1.0,Hindi,Payment Reminder,1,0.0,0,Low,0.0,3.0,0.0,1.0,High Value,36-45,Credit Card
8553,d6f71dad-4a78-4936-8f5d-287259a4dcf5,1618,2026-02-26 10:32:15,0,5.0,0.8521000000000001,1,Positive,0.4337,40.0,v1.0,Telugu,Loan Collections,1,0.0,0,Low,0.0,0.0,0.0,0.0,Wealth,36-45,Credit Card
7576,f3b3b1a6-e943-493a-9e01-723f3bc26b97,1015,2026-02-26 10:44:14,0,12.0,0.8367333333333334,0,Neutral,0.4009333333333333,38.0,v1.1,English,Loan Application,2,8.0,1-30,Low,58491.21,1.0,0.0,0.0,Premium,36-45,Personal Loan
57,9ce15b19-b6b7-4056-82e9-667d328bd762,1449,2026-02-26 12:12:12,1,6.0,0.7776666666666667,1,Neutral,0.16116666666666665,47.0,v1.1,English,Lead Qualification,1,0.0,0,Low,0.0,1.0,0.0,1.0,Mass,46-55,
5322,595365f6-edb1-4f04-b06a-96f3ddece322,3,2026-02-26 12:16:03,0,16.0,0.7520000000000001,1,Neutral,0.031566666666666666,42.0,v1.0,Tamil,Insurance Renewal,1,0.0,0,Low,0.0,2.0,1.0,3.0,Premium,18-25,Personal Loan
7688,be673f97-000d-408a-ab1c-bc1670fdc8df,715,2026-02-26 12:41:50,1,8.0,0.5521,2,Neutral,-0.056299999999999996,30.0,v1.0,Hindi,Loan Application,2,108.0,90+,High,8559.17,1.0,1.0,2.0,Premium,26-35,Home Loan
7736,6e803b04-8e7a-4368-9d7a-d0810286dcdc,536,2026-02-26 13:18:38,0,18.0,0.4773666666666667,1,Neutral,0.034400000000000014,34.0,v1.0,English,Loan Application,1,0.0,0,Low,0.0,3.0,0.0,1.0,Premium,46-55,Credit Card
4654,b656984e-9c79-4905-83b1-84fe4d434536,661,2026-02-26 14:10:26,0,10.0,0.8931999999999999,1,Positive,0.7640333333333333,36.0,v1.1,English,Payment Reminder,1,0.0,0,Low,0.0,1.0,1.0,3.0,Mass,26-35,Credit Card
8683,a8184197-ff42-4e45-94e9-a081866f6b95,639,2026-02-26 14:20:30,1,14.0,0.46293333333333336,1,Neutral,0.12853333333333333,34.0,v1.0,English,Loan Application,2,0.0,0,Low,0.0,2.0,1.0,4.0,Mass,46-55,Auto Loan
2560,4a9e1ca5-e22e-4714-9a1f-822bbb327a64,1933,2026-02-26 17:00:45,0,11.0,0.8985,1,Positive,0.5336333333333333,41.0,v1.1,English,Loan Collections,1,0.0,0,Low,0.0,1.0,0.0,0.0,Mass,26-35,Personal Loan
5083,885d3d16-af40-4c4c-8227-ee8298ccbecd,7,2026-02-26 17:17:39,0,8.0,0.828,1,Neutral,0.08753333333333331,33.0,v1.0,Hindi,Loan Collections,2,0.0,0,Low,0.0,3.0,0.0,0.0,Mass,26-35,Personal Loan
3412,a40e220b-a47c-409e-ae63-88f940ccef85,1855,2026-02-26 18:52:40,1,8.0,0.3208666666666667,2,Negative,-0.4538333333333333,38.0,v1.0,English,Payment Reminder,1,53.0,31-60,Medium,75127.43,3.0,0.0,0.0,Mass,36-45,Personal Loan
1897,fe00fbce-7bd8-4593-8b8a-190afa8bf0fe,1557,2026-02-26 19:44:16,0,18.0,0.7792333333333333,1,Positive,0.3515,42.0,v2.0,English,Insurance Renewal,1,36.0,31-60,Medium,53196.84,1.0,0.0,0.0,High Value,18-25,Personal Loan
2411,8a82834d-df8a-4a9a-9438-dd65a7d61d19,88,2026-02-26 19:52:02,0,18.0,0.6696333333333332,0,Neutral,0.013600000000000001,38.0,v1.0,Hindi,Insurance Renewal,1,0.0,0,Low,0.0,1.0,0.0,1.0,Mass,56-65,Credit Card
7013,b5d2e8cb-f2ca-4b13-ac13-c4cfb6a8f5a6,981,2026-02-27 08:31:33,0,10.0,0.8097666666666666,0,Positive,0.6066666666666667,39.0,v1.0,Hindi,Loan Collections,1,0.0,0,Low,0.0,0.0,0.0,0.0,Mass,18-25,Auto Loan
2982,c5b5de63-409d-4753-a310-4ab7b2bcda59,1558,2026-02-27 08:34:28,1,,0.2538333333333333,3,Negative,-0.6346333333333333,34.0,v1.0,Telugu,Insurance Renewal,1,81.0,61-90,High,62275.65,1.0,0.0,1.0,Mass,26-35,Credit Card
6470,19687f78-6d2a-49bd-b18a-3d4db6f79bf6,942,2026-02-27 08:37:06,0,4.0,0.6306666666666666,0,Neutral,-0.23550000000000001,39.0,v1.0,Telugu,Loan Collections,2,2.0,1-30,Low,66614.62,2.0,1.0,2.0,High Value,46-55,Credit Card
9562,5b625df2-82ce-4ee6-8040-fcceaa201678,802,2026-02-27 09:23:46,1,,0.5157333333333333,3,Neutral,-0.02719999999999999,25.0,v1.0,Tamil,Loan Collections,2,84.0,61-90,High,43305.8,2.0,0.0,0.0,Mass,36-45,Credit Card
3184,ec1faf07-47a9-47dc-a127-75ac9fa310c3,1285,2026-02-27 13:52:31,0,10.0,0.8267500000000001,0,Positive,0.3897,26.0,v1.0,Hindi,Loan Collections,1,0.0,0,Low,0.0,1.0,0.0,1.0,Premium,18-25,Credit Card
159,18866d86-23e4-497d-947d-b14d7914ddb7,250,2026-02-27 14:08:14,1,6.0,0.5038333333333332,1,Negative,-0.22283333333333333,31.0,v1.0,Telugu,Customer Support,1,0.0,0,Low,0.0,1.0,0.0,0.0,Mass,46-55,Credit Card
217,5fc28c71-1dc9-4cf0-ab1f-59e703311f30,907,2026-02-27 14:21:46,0,9.0,0.9312,0,Neutral,0.3101,23.0,v2.0,English,Loan Collections,2,45.0,31-60,Medium,56050.37,2.0,1.0,6.0,Mass,36-45,
9666,bdd5d194-0be1-4554-beb9-bdc1c2540abe,650,2026-02-27 14:21:52,1,17.0,0.34096666666666664,1,Negative,-0.3279666666666667,33.0,v1.1,English,Lead Qualification,2,56.0,31-60,Medium,55526.34,3.0,1.0,2.0,Mass,46-55,Auto Loan
3598,66b63b94-765f-4819-be33-767ddfd54e8c,881,2026-02-27 14:32:54,1,1.0,0.7902999999999999,1,Neutral,0.13549999999999998,34.0,v1.0,English,Insurance Renewal,1,0.0,0,Low,0.0,0.0,0.0,0.0,Mass,36-45,Credit Card
9242,2cec48ca-d355-4729-9d2f-a50781f3f517,1330,2026-02-27 15:15:20,0,7.0,0.7543333333333333,1,Neutral,0.035866666666666665,31.0,v1.0,Hindi,Insurance Renewal,1,75.0,61-90,High,34463.6,0.0,0.0,0.0,Mass,26-35,Credit Card
8039,4272a4a9-bc8b-4315-9778-400c5778e08f,1349,2026-02-27 15:42:12,1,3.0,0.6367333333333334,1,Neutral,-0.025566666666666668,38.0,v1.0,Hindi,Loan Application,1,0.0,0,Low,0.0,2.0,1.0,3.0,High Value,46-55,Credit Card
4611,5290318d-93ef-4bea-bbb8-4c388bba87cc,181,2026-02-27 15:47:07,0,1.0,0.9143333333333333,0,Positive,0.5675333333333333,28.0,v1.1,English,Loan Collections,2,0.0,0,Low,0.0,2.0,0.0,0.0,Premium,26-35,Credit Card
4326,13ea9f10-eed9-4d92-9179-668e92589ff9,479,2026-02-27 16:00:04,0,5.0,0.7864666666666666,1,Positive,0.4232333333333333,29.0,v1.0,Tamil,Insurance Renewal,1,0.0,0,Low,0.0,2.0,0.0,2.0,Premium,36-45,Credit Card
521,293fc47c-cc9a-472b-8edf-4cd7f92edb78,1134,2026-02-27 16:56:47,0,7.0,0.8393,1,Positive,0.45986666666666665,41.0,v1.0,Hindi,Customer Support,1,0.0,0,Low,0.0,3.0,3.0,7.0,Mass,36-45,Credit Card
5445,7f77ad62-1b1b-4503-abe6-dd7f55d4231a,1011,2026-02-27 17:04:17,1,,0.09230000000000001,3,Negative,-0.7454333333333333,37.0,v1.0,Tamil,Loan Collections,2,119.0,90+,High,6986.75,3.0,2.0,6.0,Premium,18-25,Personal Loan
2856,023f133b-2815-4f41-8329-9c787e5a77a8,901,2026-02-27 17:32:44,0,4.0,0.8261,0,Positive,0.27986666666666665,24.0,v2.0,English,Insurance Renewal,1,0.0,0,Low,0.0,1.0,0.0,1.0,Mass,56-65,Personal Loan
2787,ee5723d6-6c95-4393-9d75-b5f2784f7909,237,2026-02-27 17:45:31,0,13.0,0.8717333333333334,2,Neutral,0.3792,40.0,v1.0,Hindi,Lead Qualification,1,0.0,0,Low,0.0,2.0,2.0,10.0,Mass,26-35,Personal Loan
3767,011dd8b7-637b-4e80-a67b-6b2b6256c3b2,1311,2026-02-27 18:13:32,0,18.0,0.7970333333333333,0,Positive,0.4159,31.0,v1.1,English,Loan Collections,1,0.0,0,Low,0.0,3.0,1.0,2.0,Mass,36-45,Personal Loan
4807,aeeb5e80-5618-4cce-8355-68a6dd6d45c5,269,2026-02-27 18:44:12,1,13.0,0.6048333333333333,1,Neutral,-0.017266666666666663,34.0,v1.1,English,Customer Support,2,95.0,90+,High,17543.49,2.0,0.0,1.0,High Value,26-35,Credit Card
852,ad16e141-522a-42a9-bc27-4cb118ca6337,893,2026-02-28 09:49:39,1,,0.6075,3,Neutral,0.029200000000000014,34.0,v1.0,English,Insurance Renewal,1,33.0,31-60,Medium,45295.4,1.0,1.0,1.0,Mass,26-35,Auto Loan
9859,9286cdf4-ff9b-4bed-9c13-0b3a5cdc64ec,737,2026-02-28 10:28:57,0,9.0,0.7052999999999999,1,Positive,0.17196666666666668,33.0,v1.0,English,Insurance Renewal,1,0.0,0,Low,0.0,0.0,0.0,0.0,Mass,18-25,Auto Loan
7647,a86b6bbf-e09d-4046-96f0-40be0109b7f1,424,2026-02-28 10:43:18,0,18.0,0.9450666666666666,0,Neutral,0.34003333333333335,36.0,v2.0,English,Customer Support,1,0.0,0,Low,0.0,1.0,0.0,0.0,Mass,36-45,Home Loan
6163,7fc86316-341b-49b6-8f5e-69c5e9980070,903,2026-02-28 11:36:27,1,19.0,0.7854666666666666,2,Neutral,0.04573333333333333,34.0,v1.0,Tamil,Payment Reminder,1,10.0,1-30,Low,32726.36,1.0,1.0,2.0,Mass,36-45,Auto Loan
1358,d3e27de7-da63-43d2-be4f-d9c2929c1a33,1342,2026-02-28 12:05:00,0,7.0,0.6109333333333333,1,Neutral,-9.999999999999824e-05,46.0,v1.0,English,Loan Collections,1,57.0,31-60,Medium,45972.74,0.0,0.0,0.0,Premium,36-45,Personal Loan
1286,9fa37102-1d80-40dd-9650-03ad3b685316,1377,2026-02-28 12:10:43,1,8.0,0.7013333333333334,2,Neutral,0.22769999999999999,28.0,v1.0,Telugu,Payment Reminder,1,0.0,0,Low,0.0,1.0,0.0,0.0,Premium,36-45,Credit Card
4705,5d41f370-6d60-42fe-ba5d-d5fe4e9388e4,387,2026-02-28 12:11:10,0,11.0,0.7932,0,Neutral,0.14843333333333333,21.0,v1.0,English,Loan Collections,2,0.0,0,Low,0.0,2.0,0.0,1.0,Premium,26-35,
4019,0624819a-d4a2-490b-ba14-fb753cbc5fb5,1988,2026-02-28 13:27:02,0,8.0,0.8525,1,Positive,0.5023333333333333,43.0,v1.1,English,Loan Collections,1,0.0,0,Low,0.0,3.0,0.0,1.0,High Value,26-35,Credit Card
591,01719bdb-8553-4a5f-8080-8af2dca2daa1,1519,2026-02-28 13:52:13,0,18.0,0.9081,0,Positive,0.5855333333333334,33.0,v1.1,English,Payment Reminder,1,0.0,0,Low,0.0,4.0,2.0,7.0,Premium,36-45,Credit Card
4913,a6d33598-e7ab-40d8-9dee-1ef359954568,1896,2026-02-28 14:34:34,1,11.0,0.46216666666666667,2,Neutral,-0.05283333333333332,21.0,v1.0,Telugu,Loan Application,1,68.0,61-90,High,9854.03,0.0,0.0,0.0,Mass,36-45,Personal Loan
8707,72b0a6e0-2765-455b-99c4-96dad1dd56c8,73,2026-02-28 14:59:55,0,9.0,0.8851,1,Positive,0.49563333333333337,21.0,v1.1,English,Insurance Renewal,1,0.0,0,Low,0.0,3.0,0.0,1.0,Mass,18-25,Personal Loan
1303,d7883bcf-cf7a-4a00-95dd-4361f221fdb7,106,2026-02-28 15:35:01,1,14.0,0.30526666666666663,0,Negative,-0.39366666666666666,43.0,v1.0,Telugu,Payment Reminder,1,77.0,61-90,High,57714.6,1.0,0.0,1.0,Premium,18-25,Credit Card
36,9ac95aed-d431-4aa1-a21e-63135264b3ad,1563,2026-02-28 16:10:22,1,13.0,0.7039333333333334,1,Neutral,0.0731,44.0,v1.1,English,Loan Collections,1,119.0,90+,High,44811.87,2.0,0.0,0.0,Premium,36-45,Credit Card
9693,5b54f7a6-0f38-43ed-979d-d3ad21165dc8,994,2026-02-28 18:01:09,1,,0.28506666666666663,3,Negative,-0.48503333333333326,34.0,v1.0,Tamil,Loan Application,1,44.0,31-60,Medium,64139.95,2.0,1.0,1.0,Mass,46-55,Credit Card
2013,369851da-6e08-4f14-a6f0-3a9925f889f4,367,2026-02-28 18:23:54,1,18.0,0.6339,2,Neutral,-0.0519,35.0,v1.0,Hindi,Customer Support,1,0.0,0,Low,0.0,2.0,1.0,5.0,Premium,46-55,
49,fe48e3b9-d29c-487c-b738-00ad2ad06df2,1889,2026-02-28 19:06:40,1,,0.24523333333333333,3,Negative,-0.24323333333333333,25.0,v1.0,Tamil,Loan Collections,1,53.0,31-60,Medium,19340.01,2.0,1.0,4.0,Mass,56-65,
1129,b57ecdee-e24b-4825-af15-1baf1f596922,586,2026-02-28 19:21:22,1,,0.6201333333333333,3,Neutral,0.22303333333333333,25.0,v1.0,Tamil,Insurance Renewal,1,69.0,61-90,High,31471.73,1.0,1.0,2.0,Mass,36-45,Credit Card
5729,068ad283-47ee-403d-a275-bd28144de363,1117,2026-02-28 19:54:17,1,,0.1344,3,Negative,-0.4583,40.0,v1.0,Tamil,Lead Qualification,1,110.0,90+,High,35655.47,3.0,0.0,2.0,Mass,36-45,Credit Card
9675,13c502de-e3e7-4d0b-b3d4-865c7d3961cf,971,2026-03-01 08:15:22,0,9.0,0.7229333333333333,0,Neutral,0.29383333333333334,37.0,v1.0,Telugu,Customer Support,1,0.0,0,Low,0.0,2.0,1.0,3.0,Premium,46-55,Credit Card
7109,999df724-3fa9-40a0-ac7a-5d2a02a56420,1389,2026-03-01 08:58:08,0,16.0,0.8924,0,Neutral,0.3262333333333333,46.0,v1.1,English,Loan Collections,1,0.0,0,Low,0.0,1.0,1.0,4.0,Premium,46-55,Personal Loan
660,7134736a-1bc6-4a78-a782-0b1fda0ff0c8,1587,2026-03-01 09:50:04,0,9.0,0.8137,0,Neutral,0.29696666666666666,35.0,v1.0,Hindi,Lead Qualification,2,0.0,0,Low,0.0,2.0,0.0,1.0,Mass,36-45,Credit Card
4896,aae7e7fc-62fe-475a-93ba-695390b566ee,1436,2026-03-01 11:04:36,0,11.0,0.7646333333333333,1,Neutral,0.3294,33.0,v1.0,English,Lead Qualification,1,3.0,1-30,Low,86354.28,1.0,0.0,0.0,Premium,18-25,Personal Loan
5777,0b85f983-c717-4aeb-8e57-b077a1293ad5,346,2026-03-01 11:15:37,0,9.0,0.7923666666666667,1,Positive,0.22516666666666665,24.0,v1.1,English,Lead Qualification,1,29.0,1-30,Low,7362.29,1.0,0.0,1.0,Mass,26-35,Credit Card
118,9679d000-3399-4cea-bdc1-2323cfc6402d,683,2026-03-01 11:38:02,1,,0.24793333333333334,3,Negative,-0.5501333333333333,40.0,v1.0,English,Loan Application,1,107.0,90+,High,46825.75,3.0,1.0,4.0,Mass,26-35,Personal Loan
2421,1d0958c7-cbfe-47b1-a745-abd6c3c29355,1443,2026-03-01 12:32:02,0,1.0,0.8130000000000001,0,Positive,0.3080333333333333,43.0,v1.0,Tamil,Loan Application,1,16.0,1-30,Low,27695.02,3.0,1.0,3.0,High Value,26-35,Personal Loan
1031,f4aaca6d-28a5-4266-b12c-8f3179361162,581,2026-03-01 12:38:11,0,13.0,0.9218666666666667,0,Positive,0.6757666666666666,36.0,v2.0,English,Loan Collections,1,0.0,0,Low,0.0,2.0,1.0,1.0,High Value,46-55,Credit Card
226,f00da8a7-e25e-4e5e-a725-61e15d5c3e9f,412,2026-03-01 12:57:10,1,17.0,0.35473333333333334,1,Neutral,0.06963333333333334,33.0,v1.1,English,Customer Support,2,26.0,1-30,Low,66041.31,1.0,0.0,0.0,High Value,46-55,
9441,e192767a-c718-4c9b-bf04-8f3ce8a31605,1400,2026-03-01 13:10:50,1,4.0,0.7927333333333334,1,Neutral,0.28273333333333334,27.0,v2.0,English,Loan Collections,2,0.0,0,Low,0.0,2.0,0.0,1.0,Mass,26-35,Credit Card
7038,60e11a52-5f31-4b86-9d53-534d369a65e1,1029,2026-03-01 13:21:42,0,13.0,0.8087,0,Neutral,0.42296666666666666,40.0,v1.0,Tamil,Insurance Renewal,1,0.0,0,Low,0.0,1.0,0.0,1.0,Premium,36-45,Credit Card
3037,e841bbc8-6ef2-4a07-ad6d-b83a8a98adb2,434,2026-03-01 13:28:06,1,10.0,0.30346666666666666,2,Neutral,-0.013833333333333328,33.0,v1.0,Telugu,Loan Application,1,0.0,0,Low,0.0,1.0,0.0,0.0,Premium,46-55,Home Loan
7147,5221faac-6f90-4b93-93a5-dffd414fe5e6,153,2026-03-01 15:50:16,1,3.0,0.27613333333333334,2,Neutral,-0.1829666666666667,36.0,v1.0,Tamil,Loan Collections,1,56.0,31-60,Medium,83035.18,2.0,1.0,2.0,Wealth,18-25,Home Loan
7704,6f35eba5-96da-4edf-b568-650f2868737d,267,2026-03-01 16:19:54,0,2.0,0.7098666666666666,0,Neutral,0.19633333333333333,38.0,v1.1,English,Loan Collections,1,0.0,0,Low,0.0,2.0,1.0,1.0,Mass,26-35,Home Loan
9375,31ce1bc3-b05e-486c-bdd6-1d9948e34bcb,324,2026-03-01 16:31:41,1,11.0,0.8275666666666667,2,Positive,0.42026666666666673,37.0,v1.0,Telugu,Loan Collections,1,0.0,0,Low,0.0,1.0,1.0,3.0,Mass,26-35,Personal Loan
3237,035b30ac-485c-4000-9080-429750329a2c,1892,2026-03-01 16:44:06,0,9.0,0.7729666666666667,0,Positive,0.08656666666666667,25.0,v1.0,Hindi,Loan Application,1,0.0,0,Low,0.0,0.0,0.0,0.0,High Value,36-45,Credit Card
4359,cb1847c8-d68d-495d-9de8-089bdec4273f,1907,2026-03-01 16:53:01,0,5.0,0.8474666666666667,0,Neutral,0.3829666666666667,37.0,v1.0,Telugu,Loan Collections,1,0.0,0,Low,0.0,2.0,0.0,1.0,Mass,46-55,Credit Card
7246,6b329169-fbc4-4edd-a6f7-24a9184ed9f8,1822,2026-03-01 17:02:39,0,5.0,0.9625666666666667,1,Positive,0.6184333333333333,26.0,v2.0,English,Loan Application,1,0.0,0,Low,0.0,2.0,0.0,0.0,Mass,26-35,Personal Loan
1860,3b95b2eb-fd9e-4428-986e-3b115d6b833b,1944,2026-03-01 17:16:25,0,14.0,0.6641,0,Negative,-0.3491666666666666,33.0,v1.0,English,Loan Collections,1,0.0,0,Low,0.0,0.0,0.0,0.0,Mass,26-35,Auto Loan
3465,a7ad3dda-bd91-43e0-ab8b-2b999e49ed13,1689,2026-03-01 19:02:09,1,,0.47583333333333333,3,Positive,-0.00626666666666668,40.0,v1.0,Tamil,Payment Reminder,1,0.0,0,Low,0.0,1.0,0.0,1.0,Mass,26-35,Home Loan
541,2391ffe5-b0d1-471e-bd70-7f20242b5b98,1228,2026-03-01 19:41:54,1,14.0,0.5581666666666667,1,Positive,0.10293333333333334,44.0,v1.0,English,Lead Qualification,2,0.0,0,Low,0.0,3.0,0.0,1.0,High Value,26-35,Personal Loan
5326,573464ac-4d77-464b-ab2e-3957346c28e4,828,2026-03-02 08:27:12,1,10.0,0.14363333333333334,2,Negative,-0.4839,37.0,v1.0,English,Payment Reminder,1,103.0,90+,High,41353.3,1.0,0.0,0.0,High Value,36-45,Personal Loan
711,91c51f3c-5e74-4d27-827d-18b530c906e5,939,2026-03-02 09:27:30,1,10.0,0.8000666666666666,1,Neutral,0.2675,52.0,v1.0,Telugu,Customer Support,1,0.0,0,Low,0.0,1.0,0.0,0.0,Wealth,26-35,
3112,24a18426-833b-4473-9504-cd623e9a53bf,1776,2026-03-02 09:39:48,1,6.0,0.5058666666666667,2,Neutral,-0.06083333333333334,41.0,v1.0,English,Loan Collections,1,0.0,0,Low,0.0,2.0,1.0,2.0,Mass,26-35,Credit Card
1754,1b754dbf-2da5-430d-842b-b5264428b058,1028,2026-03-02 10:05:55,1,18.0,0.8256,2,Positive,0.4687333333333334,40.0,v2.0,English,Loan Collections,2,0.0,0,Low,0.0,2.0,0.0,1.0,Premium,26-35,Personal Loan
1161,f2e4aae0-9c71-495e-b69f-6bd197159df2,1066,2026-03-02 10:26:56,1,2.0,0.6687666666666666,2,Positive,0.4398333333333333,38.0,v1.0,Tamil,Loan Application,1,0.0,0,Low,0.0,1.0,0.0,1.0,Mass,18-25,Credit Card
9432,d97bee7e-9f4b-4609-ab49-3d022d49fa44,272,2026-03-02 10:53:00,1,14.0,0.6405,1,Neutral,0.06140000000000001,44.0,v1.0,Telugu,Payment Reminder,1,0.0,0,Low,0.0,1.0,0.0,0.0,Mass,36-45,Home Loan
9539,a2f02d85-6cfc-42c8-9cbe-a01051809d3c,1763,2026-03-02 11:07:47,0,10.0,0.8137,1,Positive,0.6205333333333334,25.0,v1.0,Telugu,Insurance Renewal,1,0.0,0,Low,0.0,2.0,0.0,0.0,Mass,36-45,Credit Card
8891,3247f30e-d4f1-4c8c-95b1-ad3cdeda0911,889,2026-03-02 13:36:59,1,15.0,0.7841999999999999,2,Positive,0.24213333333333334,24.0,v2.0,English,Loan Collections,1,15.0,1-30,Low,49096.1,0.0,0.0,0.0,Mass,46-55,Credit Card
445,c50527d7-c408-4fcc-8905-78ef9922aae6,1200,2026-03-02 15:07:59,1,5.0,0.6638666666666667,2,Neutral,0.02043333333333334,36.0,v1.0,Telugu,Loan Collections,1,72.0,61-90,High,84520.76,3.0,1.0,3.0,Premium,26-35,Personal Loan
6215,03d3bbaa-54de-4d81-96c2-82485cd2cd15,1285,2026-03-02 16:30:27,1,6.0,0.7843333333333332,1,Positive,0.2752333333333334,25.0,v1.0,English,Loan Collections,2,0.0,0,Low,0.0,2.0,0.0,1.0,Premium,18-25,Credit Card
2637,4eb3f534-fcf7-45ed-b57b-da22b1235617,369,2026-03-02 16:41:09,0,8.0,0.7911333333333334,0,Neutral,0.2984,45.0,v1.0,Tamil,Loan Application,1,0.0,0,Low,0.0,1.0,0.0,1.0,High Value,36-45,Personal Loan
1613,b5d537f7-47f4-457b-a482-dddea3a5e7d7,23,2026-03-02 16:53:07,1,12.0,0.8372999999999999,1,Positive,0.4377,46.0,v1.1,English,Loan Collections,1,10.0,1-30,Low,33264.17,1.0,0.0,0.0,Mass,36-45,Auto Loan
5433,33100d32-65a6-4abd-9878-2f5d04cf2655,1949,2026-03-02 17:54:08,0,11.0,0.5182333333333333,0,Neutral,-0.07873333333333334,31.0,v1.0,Telugu,Loan Collections,1,0.0,0,Low,0.0,1.0,0.0,0.0,Mass,26-35,Credit Card
5644,fa0752ed-735f-4a98-b948-488858115ccf,465,2026-03-02 19:13:47,1,17.0,0.2718333333333333,2,Negative,-0.4458,34.0,v1.0,Tamil,Payment Reminder,1,30.0,1-30,Low,40292.08,1.0,0.0,0.0,Wealth,18-25,Credit Card
4209,e07821ea-347a-488e-9dc8-a14b745def88,1858,2026-03-03 08:03:33,0,8.0,0.6907,1,Neutral,-0.03626666666666667,42.0,v1.0,Hindi,Insurance Renewal,1,29.0,1-30,Low,51339.72,3.0,0.0,0.0,Mass,26-35,Credit Card
2105,a726683c-073b-4672-89fa-272d24a692b2,962,2026-03-03 09:01:08,0,16.0,0.9154666666666667,0,Positive,0.3464333333333333,24.0,v1.1,English,Loan Collections,1,0.0,0,Low,0.0,2.0,0.0,0.0,Mass,56-65,Credit Card
6417,202b37a7-cfcd-48c0-907a-1e5b1bd5b8d9,690,2026-03-03 09:40:26,0,13.0,0.6854333333333334,1,Neutral,0.09613333333333333,35.0,v1.0,Tamil,Payment Reminder,1,24.0,1-30,Low,45113.47,1.0,1.0,2.0,Premium,46-55,Credit Card
7043,e823197c-fd9f-4865-a320-244494373d47,1253,2026-03-03 10:03:52,1,18.0,0.51545,2,Negative,-0.31426666666666664,31.0,v1.0,English,Customer Support,1,67.0,61-90,High,49297.8,2.0,0.0,1.0,Mass,36-45,
7428,36e4da20-1cf0-4ec7-b273-e52e6594a4d4,640,2026-03-03 10:09:44,0,1.0,0.7121666666666666,1,Neutral,0.12763333333333335,40.0,v1.0,Tamil,Loan Collections,1,32.0,31-60,Medium,37787.7,2.0,1.0,1.0,Mass,18-25,Credit Card
8386,6f5302fa-c02e-4f31-a146-918dcb069286,1212,2026-03-03 10:24:24,0,10.0,0.8016333333333333,0,Positive,0.403,45.0,v1.0,Hindi,Insurance Renewal,2,0.0,0,Low,0.0,1.0,0.0,0.0,Wealth,26-35,Credit Card
1908,63920c4e-f725-41d1-8f13-069140120f25,1355,2026-03-03 10:51:37,1,14.0,0.6054666666666667,1,Neutral,-0.003533333333333342,45.0,v1.0,Hindi,Lead Qualification,2,0.0,0,Low,0.0,1.0,0.0,0.0,Mass,26-35,Personal Loan
3960,96038025-8cdb-454d-b337-cfdd49915199,1322,2026-03-03 10:59:22,0,11.0,0.8576333333333334,1,Positive,0.37906666666666666,50.0,v1.0,Hindi,Insurance Renewal,1,0.0,0,Low,0.0,0.0,0.0,0.0,High Value,46-55,Personal Loan
5050,5895e167-3e92-4d49-b5c3-64a5b037f607,1504,2026-03-03 11:18:49,0,1.0,0.8297333333333333,0,Positive,0.4290333333333333,26.0,v1.0,Tamil,Customer Support,1,0.0,0,Low,0.0,3.0,0.0,1.0,Premium,26-35,Credit Card
6776,e815564c-bdec-4022-814f-75efed7783f8,921,2026-03-03 11:50:51,1,16.0,0.25279999999999997,2,Neutral,-0.30483333333333335,36.0,v1.0,English,Loan Application,1,99.0,90+,High,61418.49,2.0,0.0,0.0,Mass,18-25,Credit Card
9495,805fd4ee-a878-4414-b8f8-84f1a7a1dbed,441,2026-03-03 11:54:10,0,8.0,0.789,1,Positive,0.3355333333333333,29.0,v1.1,English,Loan Application,2,0.0,0,Low,0.0,1.0,1.0,2.0,Premium,18-25,Credit Card
9487,1aa30b23-3e80-4c97-ac28-3e17ed3f6784,1082,2026-03-03 12:56:20,1,8.0,0.7719999999999999,2,Positive,0.3875333333333333,36.0,v1.0,Telugu,Lead Qualification,1,0.0,0,Low,0.0,4.0,1.0,5.0,Mass,36-45,Personal Loan
7957,17d55cb0-d274-4c27-98e1-c13389ff9f37,66,2026-03-03 13:00:06,1,17.0,0.32393333333333335,2,Neutral,-0.30033333333333334,32.0,v2.0,English,Customer Support,1,107.0,90+,High,28462.56,0.0,0.0,0.0,Mass,36-45,Personal Loan
7489,352e2d61-2db5-43a3-be02-c7141176cc9c,1506,2026-03-03 13:17:27,0,13.0,0.7801333333333332,1,Positive,0.46490000000000004,45.0,v1.0,Tamil,Loan Application,3,3.0,1-30,Low,29815.14,2.0,1.0,3.0,Mass,36-45,Credit Card
2981,902fd88a-ffd5-4389-a115-033c5be43ba9,1641,2026-03-03 13:20:16,0,2.0,0.6107666666666667,1,Positive,0.06609999999999999,43.0,v1.0,English,Payment Reminder,1,0.0,0,Low,0.0,1.0,0.0,1.0,Mass,65+,Credit Card
2318,5abd21f0-8ac1-4ba9-9dd6-be5a354a6da2,1932,2026-03-03 13:46:16,0,7.0,0.8317333333333333,0,Neutral,0.36323333333333335,23.0,v1.0,Telugu,Customer Support,1,0.0,0,Low,0.0,1.0,1.0,2.0,Mass,26-35,Credit Card
5911,96c38bd6-98ec-4c6d-b7ce-31d77192e6f2,1501,2026-03-03 13:59:03,0,18.0,0.5428666666666667,1,Neutral,0.0634,39.0,v1.0,English,Insurance Renewal,1,4.0,1-30,Low,47832.83,2.0,0.0,1.0,Mass,26-35,Credit Card
1427,3d4ce741-c444-41fe-a0f7-5d1125eb7c39,1886,2026-03-03 14:08:14,0,2.0,0.7509666666666667,0,Neutral,-0.010799999999999995,41.0,v1.0,Telugu,Loan Application,1,0.0,0,Low,0.0,2.0,2.0,6.0,High Value,18-25,Auto Loan
563,2c0c81f4-ce2f-42e4-b47e-305b87de41b2,1376,2026-03-03 14:24:59,0,7.0,0.9347333333333333,0,Positive,0.5609333333333334,50.0,v2.0,English,Loan Collections,1,0.0,0,Low,0.0,0.0,0.0,0.0,Premium,36-45,Personal Loan
6588,03a3a7e6-4818-4d57-939c-05ef4a1ab9df,640,2026-03-03 15:47:35,0,13.0,0.7988666666666666,0,Positive,0.4285333333333334,30.0,v1.0,Hindi,Lead Qualification,1,0.0,0,Low,0.0,3.0,1.0,2.0,Mass,18-25,Credit Card
5887,38db4d53-204f-4ad4-8248-cfc4b8e1b457,688,2026-03-03 15:47:47,0,17.0,0.30186666666666667,1,Negative,-0.2757,29.0,v1.0,Tamil,Loan Collections,1,0.0,0,Low,0.0,0.0,0.0,0.0,Mass,26-35,Credit Card
7243,a7839a1b-503e-478a-a1c0-0000f64c4dfb,480,2026-03-03 15:56:47,1,18.0,0.5050333333333333,1,Negative,-0.2343333333333333,36.0,v1.0,English,Loan Collections,1,46.0,31-60,Medium,47931.82,0.0,0.0,0.0,Premium,26-35,Personal Loan
2356,a41004fd-bc92-462b-9052-72cf656be3bc,29,2026-03-03 16:46:19,0,9.0,0.8456,1,Positive,0.5041666666666668,34.0,v1.0,Hindi,Loan Collections,1,0.0,0,Low,0.0,3.0,1.0,6.0,Mass,26-35,Personal Loan
7618,ccc13585-3da7-4a73-920a-22da00df1238,1528,2026-03-03 17:04:15,0,5.0,0.8381,1,Positive,0.4505333333333333,26.0,v1.0,Hindi,Loan Collections,2,0.0,0,Low,0.0,1.0,1.0,5.0,Mass,46-55,Personal Loan
7134,704a034f-9f8f-443d-bba6-90b82ea358f2,1646,2026-03-03 17:30:02,1,16.0,0.5706666666666667,2,Neutral,0.10503333333333333,40.0,v1.0,English,Loan Collections,1,0.0,0,Low,0.0,2.0,0.0,0.0,Mass,46-55,Personal Loan
1487,77817c94-18e8-40c4-9bb9-782c1f4f7b8d,1355,2026-03-03 19:34:40,0,10.0,0.9220666666666667,1,Positive,0.5527,27.0,v2.0,English,Insurance Renewal,1,47.0,31-60,Medium,38523.62,2.0,1.0,2.0,Mass,26-35,Personal Loan
9955,b9b54081-14fd-44f9-a8a3-db98390aa688,1158,2026-03-04 09:56:34,0,9.0,0.7241666666666666,0,Positive,0.4651,41.0,v1.0,Telugu,Lead Qualification,2,0.0,0,Low,0.0,2.0,1.0,2.0,Premium,56-65,Credit Card
9980,29e58e5f-26c8-48ba-9c30-d667abdae74d,1739,2026-03-04 10:45:21,1,14.0,0.6334666666666667,2,Neutral,-0.11403333333333333,31.0,v1.0,Tamil,Loan Collections,1,0.0,0,Low,0.0,4.0,1.0,6.0,Mass,18-25,Personal Loan
4709,971c05bf-aa52-4c32-9392-0dd3e5b9ad04,1192,2026-03-04 11:31:02,0,9.0,0.8414,0,Neutral,0.2381333333333333,28.0,v1.0,Hindi,Loan Collections,1,0.0,0,Low,0.0,2.0,0.0,0.0,Mass,46-55,Home Loan
4961,407f5ed0-d508-4341-a3f4-973ef72e85f0,900,2026-03-04 11:42:39,1,,0.23553333333333334,3,Negative,-0.4155333333333333,37.0,v1.0,Telugu,Loan Collections,3,23.0,1-30,Low,64631.56,3.0,0.0,0.0,Mass,26-35,Credit Card
8710,1bdc0093-660d-4ccb-968c-56737bb676e5,491,2026-03-04 11:53:43,1,6.0,0.0989,1,Negative,-0.6168333333333333,34.0,v1.0,Telugu,Insurance Renewal,1,104.0,90+,High,96101.77,2.0,0.0,1.0,Mass,65+,
3881,dac8ee5c-0fc1-4114-88c0-c2e5f364bc07,30,2026-03-04 13:15:14,0,1.0,0.789,1,Positive,0.3939,44.0,v1.0,Hindi,Loan Application,1,0.0,0,Low,0.0,3.0,2.0,9.0,Wealth,26-35,Credit Card
5955,11f85ae7-eede-408e-a292-3ec6f7e41a84,569,2026-03-04 14:00:00,0,1.0,0.7561,1,Positive,0.4051,29.0,v1.0,Hindi,Insurance Renewal,1,0.0,0,Low,0.0,1.0,0.0,0.0,Premium,18-25,Credit Card
6441,ad2073db-31d0-4420-a633-2059443b219e,137,2026-03-04 14:06:03,1,,0.40186666666666665,3,Negative,-0.37566666666666665,50.0,v1.0,Hindi,Lead Qualification,2,8.0,1-30,Low,14817.49,1.0,1.0,1.0,High Value,36-45,Personal Loan
6878,9ebbacde-9951-47bb-9117-6171748f5945,1968,2026-03-04 15:53:36,1,8.0,0.6998666666666667,2,Positive,0.32503333333333334,55.0,v1.0,Telugu,Insurance Renewal,2,0.0,0,Low,0.0,1.0,0.0,1.0,Premium,18-25,
2949,141c65b0-4402-4a26-8d02-26bc38be1762,1055,2026-03-04 17:51:04,0,12.0,0.8647666666666667,0,Neutral,0.3315333333333333,37.0,v1.1,English,Loan Application,1,0.0,0,Low,0.0,0.0,0.0,0.0,Premium,46-55,Credit Card
8325,e235326b-4c08-42f3-af6b-33a711c2f759,1421,2026-03-04 18:57:59,0,14.0,0.67425,0,Neutral,-0.14103333333333332,30.0,v1.0,Telugu,Insurance Renewal,2,0.0,0,Low,0.0,2.0,0.0,1.0,Mass,26-35,Home Loan
9212,045a752a-4431-49d1-84b3-94a908f42f12,404,2026-03-05 08:22:14,0,2.0,0.6592333333333333,0,Neutral,0.15793333333333334,47.0,v1.0,Telugu,Customer Support,1,0.0,0,Low,0.0,1.0,0.0,0.0,Mass,46-55,Home Loan
1981,0aa4dd49-ba39-41c9-bc64-c45126401ba0,746,2026-03-05 08:37:14,0,7.0,0.7226333333333333,2,Positive,0.26663333333333333,23.0,v1.0,Tamil,Payment Reminder,1,0.0,0,Low,0.0,1.0,1.0,3.0,Mass,46-55,Personal Loan
5033,f033ff2f-0b1c-4e36-a2c8-0fc037316a05,1445,2026-03-05 09:13:44,0,1.0,0.8184666666666667,1,Neutral,0.22429999999999997,22.0,v1.0,English,Customer Support,1,9.0,1-30,Low,22183.64,3.0,0.0,0.0,Mass,26-35,Personal Loan
675,35ca314f-1129-4452-a6d3-c0ed7b3396e0,1213,2026-03-05 09:57:56,0,18.0,0.8536333333333334,1,Neutral,0.13563333333333336,36.0,v2.0,English,Insurance Renewal,1,26.0,1-30,Low,51885.74,2.0,0.0,2.0,Mass,26-35,Auto Loan
9213,61d590fb-1861-42d7-bf9d-027ee7062109,905,2026-03-05 10:07:31,0,13.0,0.8302,1,Positive,0.3057666666666667,37.0,v1.0,Hindi,Customer Support,1,0.0,0,Low,0.0,3.0,1.0,2.0,Wealth,26-35,Home Loan
4915,bc44b337-6432-4169-b08b-6e2e65e120a6,842,2026-03-05 11:01:46,0,1.0,0.7855,0,Positive,0.217,41.0,v1.1,English,Insurance Renewal,1,79.0,61-90,High,55053.35,0.0,0.0,0.0,Premium,36-45,Personal Loan
6076,bfa178f6-8c85-4bbe-ac05-02f0757fea4d,626,2026-03-05 11:20:16,0,19.0,0.5727000000000001,1,Neutral,-0.05226666666666666,30.0,v1.0,English,Loan Application,1,0.0,0,Low,0.0,3.0,0.0,1.0,Mass,26-35,Auto Loan
5086,3ddfd026-706f-4bae-8073-434fd71164e7,6,2026-03-05 11:35:48,0,6.0,0.8212666666666667,0,Positive,0.10113333333333334,25.0,v2.0,English,Payment Reminder,1,0.0,0,Low,0.0,1.0,0.0,0.0,High Value,36-45,Home Loan
3087,f914ff83-b03f-4abd-bb7b-4e142c8369bc,1216,2026-03-05 11:44:32,0,19.0,0.9095,1,Positive,0.6128,37.0,v2.0,English,Lead Qualification,1,0.0,0,Low,0.0,0.0,0.0,0.0,Mass,46-55,Personal Loan
4912,af17e37f-4799-4a50-a2f3-6b4795125571,353,2026-03-05 12:27:06,0,3.0,0.5876,0,Positive,0.08310000000000001,39.0,v1.1,English,Customer Support,1,0.0,0,Low,0.0,1.0,0.0,0.0,Mass,36-45,Personal Loan
4883,005eed0c-f254-4236-b1e8-099870a1480a,750,2026-03-05 12:47:20,1,6.0,0.7226333333333333,1,Positive,0.21686666666666668,40.0,v1.1,English,Payment Reminder,1,0.0,0,Low,0.0,1.0,1.0,3.0,Mass,36-45,Auto Loan
6062,36d8c5d6-7294-46aa-b3b6-d0050ec4257b,126,2026-03-05 14:28:45,1,,0.2533666666666667,3,Negative,-0.5814,45.0,v1.0,English,Loan Application,1,81.0,61-90,High,47901.09,2.0,2.0,3.0,Mass,36-45,Personal Loan
2445,1314e643-3eae-4136-917c-63a30ce297f0,1887,2026-03-05 14:48:46,0,16.0,0.7715666666666667,0,Neutral,-0.045433333333333326,44.0,v1.0,English,Insurance Renewal,1,0.0,0,Low,0.0,1.0,0.0,0.0,Mass,36-45,Credit Card
7158,ed60339b-cb5b-4d16-8105-734ff48a2125,1084,2026-03-05 14:56:06,0,3.0,0.5296,1,Neutral,0.1092,29.0,v1.0,Hindi,Customer Support,2,0.0,0,Low,0.0,2.0,0.0,0.0,Mass,26-35,Personal Loan
3371,f64fc589-8022-4adb-b7d8-24acd31a7ea7,325,2026-03-05 15:07:15,0,17.0,0.6732,1,Positive,0.19266666666666668,24.0,v2.0,English,Insurance Renewal,1,0.0,0,Low,0.0,1.0,0.0,1.0,Mass,18-25,Personal Loan
337,bbbd5bef-8887-40cb-8f51-5605e191f732,1219,2026-03-05 15:58:44,1,15.0,0.5234666666666666,2,Neutral,-0.08536666666666666,37.0,v1.0,Hindi,Loan Collections,2,0.0,0,Low,0.0,3.0,0.0,1.0,High Value,36-45,Credit Card
1599,f3a4c993-6ed8-455f-9a26-1111dcdcc13e,703,2026-03-05 16:11:59,0,8.0,0.9057666666666666,0,Positive,0.5866666666666666,40.0,v2.0,English,Loan Collections,1,0.0,0,Low,0.0,1.0,0.0,1.0,Mass,26-35,Personal Loan
6390,7a80b7f3-e511-488a-b4d9-28d7d2f23ab5,30,2026-03-05 18:24:51,1,,0.16720000000000002,3,Negative,-0.6462333333333333,37.0,v1.0,Telugu,Payment Reminder,1,87.0,61-90,High,23124.44,4.0,2.0,10.0,Wealth,26-35,Credit Card
5788,9a4de9d1-9a3b-45e6-be4e-1f4fe16286fd,502,2026-03-05 18:31:25,1,1.0,0.5832666666666667,1,Negative,-0.20463333333333333,38.0,v1.0,Hindi,Lead Qualification,1,113.0,90+,High,55560.56,1.0,0.0,0.0,Premium,46-55,Auto Loan
5150,c186347c-e0b8-4116-8bde-acd0091b79d4,1483,2026-03-05 18:41:39,1,,0.32,3,Negative,-0.5360333333333333,41.0,v1.0,Hindi,Insurance Renewal,1,88.0,61-90,High,72630.34,3.0,0.0,0.0,Premium,36-45,Personal Loan
3473,cf3f9194-4b72-4863-9099-047ed62c7058,187,2026-03-06 08:33:20,0,4.0,0.7955,0,Positive,0.2951666666666667,36.0,v1.1,English,Loan Application,1,36.0,31-60,Medium,30467.04,1.0,0.0,0.0,Mass,26-35,Personal Loan
9743,506e50b9-d8a5-4742-bb4b-17b5eeeab8fb,122,2026-03-06 09:49:32,1,7.0,0.8586666666666667,2,Positive,0.19333333333333333,32.0,v1.0,Hindi,Lead Qualification,2,0.0,0,Low,0.0,3.0,0.0,1.0,Wealth,36-45,Credit Card
8775,bd220ed0-14dd-4f0a-97d0-50224137b0a1,936,2026-03-06 10:38:31,1,2.0,0.6517000000000001,1,Neutral,-0.08676666666666667,39.0,v1.0,English,Insurance Renewal,2,0.0,0,Low,0.0,2.0,0.0,3.0,Mass,26-35,Credit Card
3631,131258d2-b990-4ed2-ae2c-d6e54767a775,1156,2026-03-06 10:57:42,0,16.0,0.9152,1,Positive,0.7253,47.0,v2.0,English,Loan Application,1,0.0,0,Low,0.0,1.0,0.0,1.0,Mass,36-45,Personal Loan
3543,42712242-eede-41a8-a3fc-1db8d439d7fb,1666,2026-03-06 11:15:25,1,18.0,0.35886666666666667,2,Negative,-0.2884333333333333,48.0,v1.0,English,Loan Collections,1,60.0,31-60,Medium,71410.49,1.0,1.0,4.0,Mass,36-45,Home Loan
4917,000f3bef-284e-448c-8416-e834a7906210,1119,2026-03-06 11:26:30,1,6.0,0.4542,2,Negative,-0.39503333333333335,49.0,v1.0,English,Loan Collections,1,29.0,1-30,Low,92775.08,2.0,0.0,0.0,Mass,46-55,Auto Loan
7587,86bbad82-d70e-4e95-8437-2b9a4781fa18,1534,2026-03-06 12:04:09,1,,0.14566666666666667,3,Negative,-0.699,42.0,v1.0,English,Loan Collections,1,119.0,90+,High,62285.04,2.0,0.0,0.0,Mass,36-45,Personal Loan
8473,bbed0fce-38fb-4cb2-af61-468177cecd52,1171,2026-03-06 13:16:20,1,4.0,0.5430333333333334,2,Neutral,-0.16736666666666666,21.0,v2.0,English,Lead Qualification,1,110.0,90+,High,73051.33,1.0,0.0,0.0,Mass,36-45,Home Loan
1504,f227e49a-fb38-41e8-a893-ea5c3527e4ec,634,2026-03-06 13:52:10,1,15.0,0.3947333333333333,2,Negative,-0.4014333333333333,25.0,v1.0,Telugu,Loan Collections,2,0.0,0,Low,0.0,3.0,0.0,0.0,Premium,36-45,Home Loan
6953,e6d23bc0-1384-4f38-932a-b14d142a36e6,516,2026-03-06 14:09:38,0,8.0,0.8804666666666666,0,Positive,0.3515333333333333,29.0,v1.1,English,Customer Support,1,0.0,0,Low,0.0,1.0,0.0,0.0,Mass,26-35,Credit Card
9573,8736f7b0-1f7d-454c-9f68-8034f65382db,1958,2026-03-06 14:25:44,1,6.0,0.6050333333333334,2,Positive,-0.00366666666666667,45.0,v1.1,English,Loan Collections,1,11.0,1-30,Low,50811.05,1.0,0.0,0.0,Mass,26-35,Personal Loan
8646,659f4da0-5781-4f0e-98a7-2016f3b17e32,884,2026-03-06 14:44:02,0,12.0,0.6791333333333333,1,Neutral,0.11476666666666667,33.0,v1.0,English,Loan Collections,1,0.0,0,Low,0.0,1.0,0.0,0.0,Mass,46-55,Credit Card
7018,105b5681-761a-4ed6-a91f-533a850c5b15,1064,2026-03-06 15:48:09,1,19.0,0.7969666666666667,2,Neutral,0.16823333333333332,39.0,v1.0,Telugu,Loan Collections,1,0.0,0,Low,0.0,3.0,1.0,3.0,Mass,36-45,Personal Loan
2503,40727f7d-fa7b-4014-bd69-30946eae0f0f,999,2026-03-06 16:14:56,1,17.0,0.39230000000000004,2,Neutral,-0.029433333333333322,29.0,v1.0,Hindi,Loan Application,1,0.0,0,Low,0.0,0.0,0.0,0.0,Mass,18-25,Credit Card
5606,9e099be4-bdbe-4009-96f9-2a80487fd25e,521,2026-03-06 16:19:04,0,7.0,0.8184333333333332,1,Neutral,0.28486666666666666,42.0,v1.0,Hindi,Customer Support,1,0.0,0,Low,0.0,2.0,0.0,0.0,Premium,36-45,Auto Loan
183,c801fd09-438f-4f81-82c1-945ad0a076e6,613,2026-03-06 16:26:53,0,14.0,0.6721,0,Neutral,-0.22183333333333333,26.0,v1.1,English,Payment Reminder,1,51.0,31-60,Medium,50012.15,0.0,0.0,0.0,Mass,36-45,Credit Card
6424,52cffa16-fba1-4c49-b0d0-8da6d02fd74f,161,2026-03-06 17:02:59,0,13.0,0.8969333333333335,1,Positive,0.4692,40.0,v1.1,English,Loan Application,1,0.0,0,Low,0.0,1.0,0.0,0.0,Wealth,26-35,Credit Card
9378,e1d2d607-218e-47b5-84f1-7cff8963d083,1367,2026-03-06 17:05:16,1,,0.5593333333333333,3,Negative,-0.04006666666666666,51.0,v1.1,English,Loan Collections,1,90.0,61-90,High,33322.44,2.0,0.0,1.0,Mass,26-35,Credit Card
9476,09cd0bad-59b9-4b7c-bf90-15d530c6a69a,783,2026-03-06 17:16:12,0,13.0,0.8953000000000001,1,Positive,0.6697000000000001,31.0,v2.0,English,Payment Reminder,1,0.0,0,Low,0.0,1.0,0.0,0.0,Mass,26-35,Personal Loan
3512,57753624-3d49-4a2f-8893-d8cd42e0a609,1214,2026-03-06 17:33:30,1,19.0,0.7421666666666668,2,Neutral,0.20096666666666665,34.0,v1.0,English,Loan Collections,1,0.0,0,Low,0.0,2.0,0.0,1.0,Premium,26-35,Credit Card
39,4c160bca-a580-4567-9910-baea7222ad6c,280,2026-03-06 18:21:32,0,19.0,0.7942,1,Neutral,0.18673333333333333,40.0,v1.1,English,Customer Support,1,33.0,31-60,Medium,65803.73,1.0,0.0,0.0,Premium,26-35,Credit Card
6528,cf4ad496-202d-4436-8c41-66aec77daa48,1799,2026-03-06 18:55:08,0,11.0,0.6732,0,Neutral,0.23936666666666664,40.0,v1.0,Hindi,Lead Qualification,1,0.0,0,Low,0.0,1.0,0.0,0.0,Mass,46-55,Credit Card
2358,8e4140f9-95d4-4490-948c-6415c6263397,652,2026-03-07 08:15:19,1,6.0,0.32536666666666664,2,Neutral,-0.43683333333333335,34.0,v1.1,English,Payment Reminder,1,101.0,90+,High,52945.6,0.0,0.0,0.0,Mass,26-35,Home Loan
4512,8d2e4825-801d-4d4b-b75e-ebc69f7319cc,445,2026-03-07 08:25:33,1,,0.8553666666666667,3,Positive,0.36096666666666666,31.0,v1.0,English,Insurance Renewal,2,0.0,0,Low,0.0,2.0,0.0,0.0,High Value,36-45,Credit Card
8669,ba062d40-3b7c-47ef-9662-f04a1ac4e695,663,2026-03-07 08:57:30,0,14.0,0.8325333333333335,1,Positive,0.15713333333333332,29.0,v2.0,English,Loan Application,1,0.0,0,Low,0.0,1.0,0.0,1.0,Mass,46-55,Credit Card
8471,5e60ed7b-190e-4049-9422-6b003376c814,31,2026-03-07 10:00:35,0,7.0,0.7658666666666667,0,Positive,0.5372,36.0,v1.0,Hindi,Customer Support,1,0.0,0,Low,0.0,0.0,0.0,0.0,Wealth,26-35,Credit Card
1817,a2e90049-07d9-4c3b-b903-17a5bcab8778,452,2026-03-07 10:01:43,0,1.0,0.8261333333333333,1,Positive,0.5498999999999999,27.0,v1.1,English,Loan Collections,1,13.0,1-30,Low,74529.38,0.0,0.0,0.0,Mass,36-45,Credit Card
6398,e6099627-40eb-4661-8937-bbd83537be20,144,2026-03-07 10:01:43,0,12.0,0.8537666666666667,1,Positive,0.4516,47.0,v2.0,English,Loan Application,1,0.0,0,Low,0.0,0.0,0.0,0.0,Mass,18-25,Personal Loan
9491,b331f852-ccbc-4301-96b1-8cd834531a3c,1611,2026-03-07 11:21:32,0,5.0,0.8633333333333333,1,Neutral,0.4703333333333333,33.0,v1.0,Hindi,Insurance Renewal,1,0.0,0,Low,0.0,1.0,0.0,0.0,Mass,56-65,
6231,6447d714-516c-4bd4-908d-478e0a07635e,1270,2026-03-07 11:29:04,0,18.0,0.7971333333333334,2,Positive,0.11220000000000001,40.0,v1.0,Hindi,Lead Qualification,1,0.0,0,Low,0.0,2.0,0.0,0.0,Premium,36-45,Credit Card
4409,365c9bb4-ae64-431b-8e4e-b45ade22fb74,1736,2026-03-07 12:08:50,0,7.0,0.9396,0,Positive,0.6734,42.0,v2.0,English,Loan Collections,1,0.0,0,Low,0.0,3.0,0.0,0.0,Mass,46-55,Credit Card
795,81fc7a19-e808-4a67-88cb-cfdd84f20c27,91,2026-03-07 13:19:51,1,15.0,0.5434,2,Negative,-0.03380000000000002,44.0,v1.1,English,Loan Collections,2,18.0,1-30,Low,29527.22,1.0,0.0,1.0,Mass,26-35,Personal Loan
7231,3458b8c0-676b-4dcf-a330-e4b0b1bf6c94,279,2026-03-07 13:38:17,1,4.0,0.1553,2,Negative,-0.6603333333333333,41.0,v1.0,Tamil,Insurance Renewal,1,102.0,90+,High,88777.2,3.0,0.0,3.0,Mass,56-65,Personal Loan
4125,fe035665-e8b1-4cab-9b3b-96dddc2b1df4,1582,2026-03-07 13:48:01,0,7.0,0.6058,0,Neutral,0.2542333333333333,45.0,v1.1,English,Lead Qualification,2,110.0,90+,High,41120.23,1.0,0.0,0.0,Premium,46-55,Credit Card
4902,429334d2-94ea-4a0f-8c1a-7126703f52db,313,2026-03-07 14:03:01,0,7.0,0.6076666666666667,0,Neutral,-0.00036666666666666906,28.0,v1.0,Telugu,Loan Collections,1,106.0,90+,High,53789.48,0.0,0.0,0.0,High Value,26-35,Credit Card
8399,65a26d75-b771-47bd-b1e3-9ff408ce328e,368,2026-03-07 14:23:22,1,4.0,0.8483333333333333,2,Positive,0.3011,36.0,v2.0,English,Customer Support,1,6.0,1-30,Low,60362.29,0.0,0.0,0.0,High Value,46-55,Credit Card
2604,95689594-2d5d-4422-8da1-19444af139fd,12,2026-03-07 16:22:33,0,13.0,0.7775666666666666,1,Neutral,0.10243333333333333,39.0,v1.0,Telugu,Loan Collections,2,10.0,1-30,Low,61605.13,3.0,2.0,4.0,Premium,36-45,Auto Loan
5722,898c94dd-c11b-4323-991e-7d8457469066,856,2026-03-07 16:28:44,0,7.0,0.6370333333333333,0,Positive,0.06753333333333333,38.0,v1.0,Tamil,Insurance Renewal,1,0.0,0,Low,0.0,4.0,2.0,5.0,High Value,26-35,Personal Loan
7055,ed0f6919-af18-4f62-97a6-c8e5d3714740,587,2026-03-07 17:24:13,0,9.0,0.7355666666666667,2,Positive,0.28696666666666665,32.0,v1.0,English,Loan Collections,1,0.0,0,Low,0.0,2.0,1.0,3.0,Mass,36-45,Personal Loan
8632,8b0a1364-60df-416d-8a2f-933fc75ebd89,1545,2026-03-07 17:25:34,0,1.0,0.9174333333333333,1,Positive,0.5427333333333334,37.0,v1.1,English,Insurance Renewal,1,0.0,0,Low,0.0,0.0,0.0,0.0,Premium,36-45,Credit Card
4267,ea81be08-7c76-4963-9953-7766fd752667,1337,2026-03-07 18:06:33,1,1.0,0.16790000000000002,2,Negative,-0.6869000000000001,36.0,v1.0,Hindi,Insurance Renewal,1,114.0,90+,High,29894.92,1.0,0.0,0.0,Mass,36-45,Personal Loan
7191,fb1b6a0f-be15-49e8-8273-a40fcc3528f4,202,2026-03-08 08:31:22,0,19.0,0.7769666666666666,1,Neutral,-0.024966666666666675,25.0,v1.0,Telugu,Loan Application,2,0.0,0,Low,0.0,4.0,2.0,4.0,Mass,36-45,Home Loan
3878,cc713738-f109-49be-b143-5b90e9dad861,689,2026-03-08 09:34:19,1,17.0,0.2800666666666667,2,Neutral,-0.4143666666666667,27.0,v1.0,Telugu,Insurance Renewal,1,37.0,31-60,Medium,69275.73,0.0,0.0,0.0,Mass,26-35,Credit Card
2200,cc21298a-585b-43ca-93ac-422d09d9214a,1297,2026-03-08 09:36:42,0,19.0,0.7657666666666666,0,Neutral,0.06086666666666666,34.0,v1.0,Hindi,Payment Reminder,1,0.0,0,Low,0.0,2.0,0.0,0.0,Mass,36-45,Credit Card
1069,3591147b-9717-4911-8f92-493e2c15bb36,447,2026-03-08 10:05:09,0,8.0,0.8433333333333334,0,Positive,0.4771666666666667,42.0,v1.1,English,Lead Qualification,2,0.0,0,Low,0.0,3.0,0.0,1.0,Mass,46-55,Auto Loan
633,e943e74d-b302-49de-94d8-e0c6c08ee02d,1676,2026-03-08 10:30:49,0,2.0,0.6417333333333333,0,Neutral,-0.05086666666666667,40.0,v2.0,English,Loan Collections,1,118.0,90+,High,16005.25,1.0,0.0,1.0,Premium,46-55,Personal Loan
6879,6fefb342-98df-436b-863f-318002988664,1101,2026-03-08 10:42:25,0,13.0,0.6417333333333334,2,Neutral,-0.10713333333333334,30.0,v1.0,English,Loan Application,1,25.0,1-30,Low,33187.42,1.0,0.0,0.0,Mass,18-25,Credit Card
6165,3fe5e058-6650-47a2-8126-b0d857a19770,1217,2026-03-08 11:05:11,1,19.0,0.49770000000000003,2,Negative,-0.35966666666666663,26.0,v1.1,English,Payment Reminder,1,0.0,0,Low,0.0,0.0,0.0,0.0,Premium,46-55,Personal Loan
5394,118caf13-0f6c-49a0-9d56-ae408470fc06,360,2026-03-08 12:01:20,0,9.0,0.7648666666666667,0,Neutral,0.28526666666666667,45.0,v1.0,Telugu,Lead Qualification,1,0.0,0,Low,0.0,2.0,1.0,2.0,High Value,36-45,Credit Card
6420,378a979d-97eb-43d3-874a-62ee03ed8585,1647,2026-03-08 13:18:58,0,9.0,0.7644333333333333,2,Positive,0.2934333333333333,40.0,v1.0,Tamil,Loan Collections,1,0.0,0,Low,0.0,1.0,0.0,0.0,Mass,65+,Home Loan
9095,259a4aa2-70e4-45fa-8a53-8c063783addb,1712,2026-03-08 15:21:13,0,13.0,0.7273999999999999,0,Positive,0.14880000000000002,44.0,v1.0,English,Customer Support,1,0.0,0,Low,0.0,0.0,0.0,0.0,High Value,36-45,Credit Card
4027,7a22213f-d902-4883-a4ba-b8594bbec51d,1372,2026-03-08 15:55:54,0,19.0,0.9380000000000001,0,Positive,0.6150666666666667,23.0,v2.0,English,Customer Support,1,0.0,0,Low,0.0,0.0,0.0,0.0,Mass,36-45,Credit Card
8690,76902df3-2ebc-4168-8855-579a194d86b7,57,2026-03-08 16:09:13,0,2.0,0.7045333333333333,1,Neutral,0.22053333333333333,37.0,v1.0,Tamil,Loan Collections,1,0.0,0,Low,0.0,0.0,0.0,0.0,Mass,56-65,Personal Loan
1719,89fb172c-126d-46b8-b672-f18d7c7445d1,1995,2026-03-08 17:05:42,1,,0.3516333333333333,3,Negative,-0.2675666666666667,37.0,v1.0,Tamil,Payment Reminder,1,109.0,90+,High,20087.24,3.0,1.0,3.0,Premium,36-45,Personal Loan
5170,7a4e18a6-07a1-4904-8490-b513443b867a,1764,2026-03-08 18:35:46,1,8.0,0.7073999999999999,2,Neutral,0.004966666666666662,37.0,v1.0,Telugu,Lead Qualification,1,25.0,1-30,Low,37182.15,1.0,1.0,2.0,Premium,36-45,Auto Loan
1803,7191180b-de71-4c33-88ea-67760500ab5e,430,2026-03-08 18:43:59,0,9.0,0.7893,0,Neutral,0.2991,19.0,v1.0,Telugu,Loan Collections,2,0.0,0,Low,0.0,4.0,1.0,5.0,Mass,46-55,Personal Loan
7537,09e184fe-8af7-4fb3-956a-f0958d272657,980,2026-03-08 18:55:43,0,1.0,0.8278,1,Positive,0.5641999999999999,35.0,v1.0,Tamil,Payment Reminder,1,3.0,1-30,Low,1000.0,3.0,0.0,0.0,Mass,26-35,Credit Card
4762,c786bbbc-f871-4fa4-ae14-84816192b0c8,1580,2026-03-08 19:02:14,0,10.0,0.8239666666666667,1,Neutral,0.35266666666666663,34.0,v1.0,Hindi,Loan Collections,1,0.0,0,Low,0.0,0.0,0.0,0.0,High Value,36-45,Personal Loan
3657,0fc29ed8-a33c-431e-b3c9-e8d8dfd35a02,1307,2026-03-09 08:36:58,1,,0.45106666666666667,3,Negative,-0.4914666666666667,55.0,v1.0,Hindi,Payment Reminder,1,0.0,0,Low,0.0,1.0,0.0,0.0,Mass,18-25,Personal Loan
602,f773b5f2-ee22-4e1c-a77f-033eebb4a4fe,1447,2026-03-09 08:50:19,1,16.0,0.6567,2,Neutral,0.0805,33.0,v1.0,Hindi,Payment Reminder,1,37.0,31-60,Medium,74392.49,1.0,0.0,1.0,Mass,46-55,Credit Card
4278,b1c6e14f-f379-49e7-ac17-a2d353b698cd,1639,2026-03-09 09:32:02,1,18.0,0.7446333333333334,1,Neutral,0.07903333333333334,38.0,v2.0,English,Loan Application,1,23.0,1-30,Low,65659.19,1.0,1.0,4.0,High Value,36-45,Personal Loan
3043,27228d1c-7df3-477b-9ff6-a1d4f31d558a,161,2026-03-09 10:32:05,1,15.0,0.8375,0,Neutral,0.14083333333333334,44.0,v2.0,English,Customer Support,1,0.0,0,Low,0.0,2.0,0.0,1.0,Wealth,26-35,Credit Card
1623,201b2e28-3fca-481f-b40c-f6db25702fca,204,2026-03-09 10:32:09,0,7.0,0.92335,0,Positive,0.6488333333333333,43.0,v1.1,English,Loan Collections,1,0.0,0,Low,0.0,1.0,0.0,0.0,Premium,46-55,Auto Loan
95,e1c022c2-1304-4a13-bfd2-924996fdf432,281,2026-03-09 11:34:42,1,,0.34390000000000004,3,Neutral,-0.1429,30.0,v1.0,Tamil,Customer Support,1,0.0,0,Low,0.0,3.0,0.0,0.0,Mass,18-25,Auto Loan
9861,c73631ea-affb-4c93-9f0a-a2c5bd77cf8d,1019,2026-03-09 11:39:12,0,8.0,0.7440666666666665,1,Positive,0.3031333333333333,35.0,v1.0,English,Lead Qualification,1,0.0,0,Low,0.0,0.0,0.0,0.0,Mass,26-35,Credit Card
4800,9a9ceca1-7f50-42b1-98eb-747c8d19b31f,1848,2026-03-09 12:33:32,1,4.0,0.13286666666666666,2,Negative,-0.44520000000000004,32.0,v1.0,Hindi,Customer Support,2,101.0,90+,High,48356.13,3.0,0.0,0.0,Premium,26-35,Personal Loan
1370,5e8b94e6-c2d2-4882-b78c-2924645abf0e,1516,2026-03-09 12:50:51,0,16.0,0.8095666666666667,1,Positive,0.5268666666666667,30.0,v1.1,English,Lead Qualification,1,0.0,0,Low,0.0,2.0,0.0,0.0,Premium,18-25,Personal Loan
9488,ee3fa9fa-0a9c-4727-a18d-6ebf78c3a3ed,600,2026-03-09 12:52:22,1,,0.2644666666666666,3,Negative,-0.5115999999999999,37.0,v1.0,English,Loan Collections,1,39.0,31-60,Medium,53643.98,0.0,0.0,0.0,Mass,36-45,Personal Loan
6644,471cc65e-dd84-4255-a230-55ac9f10a6ec,739,2026-03-09 13:09:58,0,8.0,0.9305,1,Positive,0.5821000000000001,33.0,v2.0,English,Loan Application,2,0.0,0,Low,0.0,2.0,0.0,1.0,Premium,26-35,Personal Loan
4697,54dbde1a-58d0-4a3e-8e7d-ca6fb5822db5,609,2026-03-09 13:46:59,0,9.0,0.8682666666666666,0,Positive,0.4869333333333334,44.0,v1.1,English,Loan Collections,1,0.0,0,Low,0.0,3.0,1.0,1.0,Mass,56-65,Home Loan
1752,23db17b5-d268-498c-b839-52a4b8df0418,1335,2026-03-09 14:07:19,0,13.0,0.8904666666666667,1,Positive,0.5612666666666667,31.0,v1.1,English,Loan Collections,2,0.0,0,Low,0.0,2.0,1.0,4.0,High Value,18-25,Credit Card
2528,9ffdd402-51da-4f4e-b18b-67c8d4a27257,1619,2026-03-09 14:41:59,1,3.0,0.6233,2,Positive,0.19849999999999998,31.0,v1.1,English,Customer Support,2,0.0,0,Low,0.0,1.0,0.0,0.0,Wealth,36-45,Auto Loan
2055,a86cf6ae-9b89-4471-86ba-5ec5c7d995da,1989,2026-03-09 15:07:59,0,16.0,0.9066333333333333,0,Positive,0.5333,46.0,v2.0,English,Insurance Renewal,2,0.0,0,Low,0.0,2.0,1.0,2.0,Premium,46-55,Credit Card
1128,bfa28235-eb79-4159-b36b-ccbaddbff576,1229,2026-03-09 16:02:12,1,2.0,0.5510666666666667,1,Neutral,-0.012866666666666665,48.0,v1.0,Tamil,Payment Reminder,1,4.0,1-30,Low,49795.56,2.0,0.0,1.0,Mass,36-45,Personal Loan
5078,efc911bb-bb4e-4c96-b5a3-10fe175e47dd,574,2026-03-09 16:22:40,1,,0.18156666666666665,3,Neutral,-0.37443333333333334,33.0,v1.0,Tamil,Insurance Renewal,1,76.0,61-90,High,67152.43,1.0,0.0,0.0,Mass,46-55,Auto Loan
3489,4a651e1a-6ebe-409a-961d-54fc0869882c,1958,2026-03-09 18:22:57,0,6.0,0.6263333333333333,0,Positive,0.26443333333333335,39.0,v1.1,English,Lead Qualification,1,0.0,0,Low,0.0,2.0,1.0,3.0,Mass,26-35,Personal Loan
5842,d43f7026-b54c-41d3-9e0f-1eb9de0e48f2,1233,2026-03-09 18:25:34,1,17.0,0.3905,1,Negative,-0.3375333333333333,30.0,v1.0,Tamil,Loan Collections,1,60.0,31-60,Medium,56976.85,0.0,0.0,0.0,Wealth,26-35,Credit Card
1546,d2c500f0-509a-4621-b1df-6e9c03d8fa1d,1821,2026-03-09 18:46:34,0,5.0,0.9344,0,Positive,0.5996333333333334,28.0,v1.1,English,Insurance Renewal,2,4.0,1-30,Low,28602.92,3.0,1.0,4.0,High Value,26-35,Personal Loan
1798,3e31e14a-d7d8-4285-a291-2fccd4b1afd0,46,2026-03-10 09:48:57,1,13.0,0.4002333333333334,1,Negative,-0.3039,27.0,v1.0,Telugu,Loan Collections,1,23.0,1-30,Low,70277.42,2.0,0.0,0.0,Mass,26-35,Auto Loan
5901,048920fd-b4e7-4e58-b56e-f9a222a196a7,1051,2026-03-10 09:51:29,0,16.0,0.9225666666666666,0,Positive,0.5066666666666667,39.0,v2.0,English,Loan Application,1,0.0,0,Low,0.0,2.0,0.0,0.0,Wealth,26-35,Credit Card
8246,115c563f-7e64-4738-b5e4-a9e9e496ccd4,1436,2026-03-10 10:38:32,1,15.0,0.37823333333333337,1,Negative,-0.17963333333333334,43.0,v1.0,English,Insurance Renewal,1,0.0,0,Low,0.0,2.0,0.0,2.0,Premium,18-25,Personal Loan
2922,ea847836-bc19-49a0-ac87-b3b7731cb659,1848,2026-03-10 10:38:35,0,5.0,0.7415666666666666,1,Neutral,0.22240000000000001,29.0,v1.1,English,Insurance Renewal,1,88.0,61-90,High,74638.69,4.0,1.0,3.0,Premium,26-35,Personal Loan
3890,193cb11d-132b-482b-b313-d473fc13b70c,694,2026-03-10 11:51:31,0,18.0,0.8823333333333334,0,Positive,0.27133333333333337,29.0,v1.0,English,Loan Collections,1,0.0,0,Low,0.0,1.0,0.0,0.0,Mass,36-45,Personal Loan
4876,ed4f24f1-90c8-42e6-ac63-9d3204a095b0,237,2026-03-10 12:39:55,0,16.0,0.7588666666666667,0,Neutral,0.2221333333333333,26.0,v1.0,Telugu,Lead Qualification,2,8.0,1-30,Low,45127.2,5.0,2.0,12.0,Mass,26-35,Personal Loan
4635,8598d0af-c534-4d26-96fd-21d5249d67d1,1460,2026-03-10 13:14:53,1,,0.34509999999999996,3,Negative,-0.3945,42.0,v1.1,English,Payment Reminder,1,111.0,90+,High,95468.55,1.0,0.0,0.0,Premium,18-25,Auto Loan
6452,0705160e-740e-45b6-b321-4947978c804a,547,2026-03-10 14:53:22,0,10.0,0.8290666666666667,2,Neutral,0.35003333333333336,28.0,v1.0,Telugu,Payment Reminder,1,0.0,0,Low,0.0,0.0,0.0,0.0,Premium,36-45,Credit Card
340,8e99c95a-6057-48c7-b335-b6fa61b73a00,1224,2026-03-10 15:34:43,0,12.0,0.5846666666666667,1,Neutral,0.05516666666666667,27.0,v1.0,Tamil,Payment Reminder,1,49.0,31-60,Medium,15358.18,5.0,0.0,4.0,High Value,36-45,
8684,cec2fae0-ce9e-4c8d-9e2b-c9cb385d9019,1091,2026-03-10 15:54:16,0,9.0,0.6445666666666666,1,Neutral,-0.09146666666666665,31.0,v1.0,Telugu,Loan Collections,1,46.0,31-60,Medium,44873.12,0.0,0.0,0.0,Mass,26-35,Personal Loan
8862,c5f8862d-1cd9-4140-ac42-31d883d6f6cf,1214,2026-03-10 16:44:09,1,4.0,0.7600666666666666,1,Neutral,0.26653333333333334,44.0,v1.1,English,Loan Application,1,0.0,0,Low,0.0,3.0,1.0,4.0,Premium,26-35,Credit Card
2857,57ddb88f-745b-42d1-b3bf-4e16e6c6f420,945,2026-03-10 17:10:49,0,10.0,0.8618333333333333,0,Neutral,0.26056666666666667,25.0,v1.0,Tamil,Loan Collections,1,0.0,0,Low,0.0,2.0,0.0,0.0,Mass,46-55,Personal Loan
6809,811714d6-c348-45c0-b600-ef7facc3ef66,1897,2026-03-10 17:14:02,0,19.0,0.7932666666666667,0,Positive,0.46900000000000003,26.0,v1.0,Hindi,Customer Support,2,0.0,0,Low,0.0,5.0,2.0,6.0,Mass,26-35,Credit Card
9304,3eb8f50e-f4de-4220-af19-995d7f3df28c,1550,2026-03-10 17:20:05,0,9.0,0.7601500000000001,1,Positive,0.06210000000000001,29.0,v1.0,Tamil,Payment Reminder,1,0.0,0,Low,0.0,0.0,0.0,0.0,Premium,36-45,Credit Card
7438,133cf02f-e93b-4dc0-82ab-c9a89543f81c,1372,2026-03-10 17:46:48,0,4.0,0.8036,1,Positive,0.37293333333333334,38.0,v2.0,English,Payment Reminder,1,0.0,0,Low,0.0,1.0,0.0,0.0,Mass,36-45,Credit Card
5963,f6eba9b9-29d6-42b9-9f30-d4d6d1f3a449,289,2026-03-10 17:58:27,0,15.0,0.8049333333333334,0,Neutral,0.45303333333333334,30.0,v2.0,English,Insurance Renewal,2,0.0,0,Low,0.0,1.0,0.0,1.0,Mass,46-55,Auto Loan
8305,4c68ed87-15f1-4171-84cf-84628a8aa4ab,533,2026-03-10 18:48:24,0,18.0,0.7862999999999999,1,Neutral,0.12886666666666666,34.0,v2.0,English,Insurance Renewal,1,56.0,31-60,Medium,48022.77,0.0,0.0,0.0,Mass,46-55,Credit Card
4,adc7003a-0dbf-461f-96e5-a0be4e7aaa60,300,2026-03-11 10:09:32,0,8.0,0.8495333333333334,1,Positive,0.4718,32.0,v1.1,English,Lead Qualification,2,0.0,0,Low,0.0,2.0,0.0,1.0,Mass,46-55,Credit Card
7030,b30afdda-444a-4c0e-a4ef-2e7aed7bbf9a,1018,2026-03-11 10:39:09,1,14.0,0.2627,2,Neutral,-0.23939999999999997,38.0,v1.0,Hindi,Payment Reminder,1,104.0,90+,High,36299.92,5.0,1.0,4.0,Mass,36-45,Auto Loan
6483,fd5134af-68d3-4a3d-b316-9bea402b45f6,1041,2026-03-11 11:39:50,0,7.0,0.8196666666666667,1,Positive,0.2861,33.0,v1.0,Telugu,Loan Application,1,11.0,1-30,Low,91505.63,2.0,1.0,1.0,Mass,26-35,Credit Card
1561,9a7620f2-5988-47e8-96f2-77c5acf04350,160,2026-03-11 12:33:33,1,,0.2408,3,Neutral,-0.14846666666666666,30.0,v1.0,Tamil,Lead Qualification,1,0.0,0,Low,0.0,0.0,0.0,0.0,Premium,36-45,Personal Loan
9993,d8cd03fd-0567-4386-9159-2c6dc68cbf11,925,2026-03-11 15:00:55,0,9.0,0.8309000000000001,1,Neutral,-0.023099999999999996,37.0,v1.0,Tamil,Loan Collections,1,0.0,0,Low,0.0,1.0,0.0,0.0,Mass,36-45,Credit Card
951,e056293e-3ecf-40b4-8523-f250bb25cf2d,1951,2026-03-11 15:16:11,0,4.0,0.8419,0,Positive,0.17456666666666668,32.0,v2.0,English,Loan Collections,1,0.0,0,Low,0.0,2.0,2.0,6.0,Mass,65+,Credit Card
9505,9b94341c-77bb-4609-addc-3f90dfbf7834,1162,2026-03-11 16:23:04,1,,0.5343666666666667,3,Positive,0.25266666666666665,25.0,v1.0,Telugu,Customer Support,1,0.0,0,Low,0.0,1.0,0.0,0.0,High Value,26-35,Credit Card
977,b77e258b-cc29-477e-8fca-8a662c1c1d6a,145,2026-03-11 17:46:26,0,10.0,0.9393666666666668,1,Positive,0.6467,21.0,v2.0,English,Customer Support,1,0.0,0,Low,0.0,0.0,0.0,0.0,High Value,56-65,Credit Card
6795,4d16fb32-8c32-48a6-a872-1d5768cab74f,1930,2026-03-11 17:56:37,1,18.0,0.3974333333333333,1,Negative,-0.5469666666666667,32.0,v1.0,Hindi,Insurance Renewal,1,97.0,90+,High,46576.09,0.0,0.0,0.0,Mass,26-35,Personal Loan
7249,4f107f70-9914-49ac-943c-a6b133d631b4,511,2026-03-11 18:34:46,0,18.0,0.42379999999999995,0,Neutral,-0.11719999999999998,44.0,v1.0,Tamil,Customer Support,1,22.0,1-30,Low,51581.6,1.0,0.0,0.0,High Value,26-35,Home Loan
3911,e6638db6-b338-4754-bf5a-f6ebdd4ad776,1126,2026-03-11 18:37:46,0,12.0,0.8380666666666666,0,Positive,0.42693333333333333,41.0,v1.1,English,Customer Support,1,0.0,0,Low,0.0,2.0,2.0,5.0,High Value,26-35,Credit Card
269,9d5671a9-f805-4562-afc4-5854f6b2977b,1358,2026-03-11 19:00:50,0,5.0,0.9505333333333333,0,Positive,0.6364666666666666,33.0,v1.1,English,Loan Collections,1,0.0,0,Low,0.0,1.0,0.0,0.0,Mass,26-35,Credit Card
6715,7270a5fd-d40f-4d07-b63a-c1fd9c6d9474,1177,2026-03-11 19:46:53,0,3.0,0.3417666666666666,0,Negative,-0.37200000000000005,35.0,v1.0,Tamil,Customer Support,1,0.0,0,Low,0.0,0.0,0.0,0.0,Premium,26-35,Personal Loan
6702,3875ad70-ca21-4e66-869a-7f19be2aa3c1,1136,2026-03-12 09:38:18,1,,0.34656666666666663,3,Negative,-0.4245666666666667,38.0,v1.1,English,Loan Collections,1,68.0,61-90,High,72740.34,3.0,1.0,2.0,Premium,46-55,Personal Loan
9044,14f34744-b1ce-459d-a546-5f3d885cd953,941,2026-03-12 09:48:49,1,,0.33393333333333336,3,Negative,-0.5364333333333333,46.0,v1.0,Telugu,Loan Application,1,108.0,90+,High,27464.81,0.0,0.0,0.0,Mass,18-25,Auto Loan
3235,2b1af582-b7f4-4183-b3c7-5e5852e718f6,519,2026-03-12 10:07:27,1,2.0,0.6271333333333333,2,Neutral,0.012633333333333338,39.0,v1.0,Tamil,Loan Application,1,0.0,0,Low,0.0,1.0,0.0,2.0,Mass,36-45,Home Loan
8602,cadde06c-84b5-4a23-a7d5-7e7196e57665,3,2026-03-12 10:24:20,1,10.0,0.49420000000000003,2,Neutral,-0.2205,43.0,v1.0,Tamil,Insurance Renewal,2,115.0,90+,High,58263.18,3.0,1.0,4.0,Premium,18-25,Personal Loan
9155,02084afc-d823-4ba2-9e17-18aaa579836e,1279,2026-03-12 10:52:06,0,7.0,0.7776666666666667,1,Neutral,0.2016,39.0,v1.0,English,Loan Application,2,0.0,0,Low,0.0,2.0,1.0,1.0,Mass,46-55,Personal Loan
2397,a0cac1f9-9f07-49bc-9288-39153c4bf6ca,200,2026-03-12 11:56:33,0,19.0,0.9335333333333334,0,Positive,0.5979666666666668,33.0,v2.0,English,Loan Collections,1,0.0,0,Low,0.0,1.0,1.0,3.0,Mass,36-45,Personal Loan
8277,a40df41d-0787-4dd7-aa62-ae12a2b94b4d,1452,2026-03-12 11:57:11,0,7.0,0.8197333333333333,0,Positive,0.3082,44.0,v1.0,Tamil,Loan Collections,1,0.0,0,Low,0.0,2.0,0.0,1.0,Premium,46-55,Credit Card
6817,271ed139-4d9d-4fff-9e4b-2e35d9911870,1486,2026-03-12 12:21:52,0,2.0,0.8901666666666667,0,Positive,0.39916666666666667,31.0,v2.0,English,Loan Collections,1,0.0,0,Low,0.0,3.0,2.0,6.0,High Value,56-65,Personal Loan
9855,f4ee6644-0222-4458-8a92-7c48f4d2e397,797,2026-03-12 12:44:26,1,9.0,0.5564,2,Neutral,-0.22126666666666664,24.0,v1.0,Telugu,Loan Application,1,89.0,61-90,High,66041.42,0.0,0.0,0.0,Mass,26-35,Auto Loan
3734,47594d51-7699-4cb1-be8f-863c557277f7,446,2026-03-12 12:48:39,0,9.0,0.9413666666666667,2,Positive,0.7482666666666667,35.0,v2.0,English,Customer Support,1,0.0,0,Low,0.0,2.0,0.0,0.0,Premium,26-35,Auto Loan
4734,1c9f0544-279a-4ef9-b647-0b1236248bad,282,2026-03-12 12:55:10,1,15.0,0.3229,2,Neutral,-0.33336666666666664,35.0,v1.0,Telugu,Insurance Renewal,2,65.0,61-90,High,61682.71,2.0,0.0,1.0,Mass,36-45,Credit Card
1990,56a4a9bb-dfb9-46c5-895c-b1da2cea34d7,1726,2026-03-12 13:55:02,1,4.0,0.2214,2,Neutral,-0.3639333333333334,36.0,v1.0,Hindi,Loan Application,1,102.0,90+,High,66144.53,1.0,0.0,1.0,Premium,26-35,Personal Loan
8723,7166f276-ac1a-4758-9212-0103b928528a,1938,2026-03-12 14:02:17,1,18.0,0.8248666666666665,2,Neutral,-0.030766666666666664,36.0,v1.0,Tamil,Payment Reminder,1,0.0,0,Low,0.0,1.0,0.0,0.0,Premium,18-25,Personal Loan
2255,2c7bc1da-9a76-465f-adc7-7e755f79e15f,1691,2026-03-12 14:08:58,1,10.0,0.4852,2,Neutral,-0.2529333333333333,31.0,v1.0,Tamil,Loan Collections,1,103.0,90+,High,57436.92,3.0,1.0,2.0,Premium,18-25,Credit Card
2037,9a034ab9-d930-4746-b663-0198421d4d92,927,2026-03-12 14:23:26,0,8.0,0.6358,0,Positive,0.42533333333333334,34.0,v1.0,Telugu,Customer Support,2,0.0,0,Low,0.0,1.0,0.0,0.0,Mass,46-55,Personal Loan
3531,156d346a-e27c-40f0-893b-975ce4cf2653,391,2026-03-12 14:31:23,0,19.0,0.7197333333333332,0,Neutral,0.09400000000000001,43.0,v1.0,English,Loan Collections,1,0.0,0,Low,0.0,3.0,0.0,1.0,Mass,26-35,Credit Card
1461,4ef5d22a-0557-4a81-9245-e5e3ecc2c6ff,632,2026-03-12 16:39:21,1,9.0,0.4645333333333333,2,Neutral,-0.13096666666666668,34.0,v1.0,Hindi,Insurance Renewal,1,114.0,90+,High,59364.09,0.0,0.0,0.0,Mass,36-45,Credit Card
5362,9d343028-a451-4ff8-858e-86a851594a6f,1986,2026-03-12 16:43:18,1,,0.7867666666666667,3,Positive,0.4681333333333333,24.0,v1.0,Tamil,Loan Application,1,6.0,1-30,Low,56120.94,1.0,0.0,0.0,Wealth,36-45,Personal Loan
4747,5e7993ee-110a-4591-abf2-3c0a4d196bc4,1182,2026-03-12 16:50:31,0,12.0,0.7680666666666666,0,Neutral,-0.13896666666666666,34.0,v1.1,English,Payment Reminder,1,61.0,61-90,High,48459.73,1.0,1.0,2.0,Mass,46-55,Personal Loan
5786,813faa93-cf4f-4125-bb92-4ce2d44f38cc,1291,2026-03-12 17:16:10,0,1.0,0.9373666666666667,0,Positive,0.5549333333333334,43.0,v2.0,English,Insurance Renewal,1,0.0,0,Low,0.0,3.0,0.0,0.0,Mass,36-45,Personal Loan
126,4d272bef-a6cf-47b8-a7d5-6f631018727f,196,2026-03-12 18:26:25,0,19.0,0.9204666666666667,1,Neutral,0.4049,32.0,v1.1,English,Lead Qualification,1,0.0,0,Low,0.0,1.0,1.0,3.0,High Value,36-45,Personal Loan
3596,70b03d17-bc5a-47a9-93ca-dc2f3cf60d5e,420,2026-03-12 18:33:00,1,18.0,0.6224333333333334,2,Neutral,0.04543333333333333,38.0,v1.0,Telugu,Customer Support,2,0.0,0,Low,0.0,1.0,0.0,1.0,Mass,26-35,Credit Card
5472,6417a179-ed21-4bf2-96a3-07bb2a36b4ad,981,2026-03-12 18:58:16,0,5.0,0.8512666666666666,0,Positive,0.45576666666666665,36.0,v1.0,Telugu,Insurance Renewal,1,8.0,1-30,Low,56942.58,1.0,0.0,0.0,Mass,18-25,Auto Loan
21,09127d46-ce0c-4027-819b-4935f94fc139,140,2026-03-12 19:08:44,0,13.0,0.6970000000000001,0,Neutral,0.02476666666666666,34.0,v2.0,English,Customer Support,1,92.0,90+,High,53938.58,0.0,0.0,0.0,Premium,36-45,Personal Loan
4717,d3f3ac7c-5d4a-42d0-a912-f89a50d63907,1426,2026-03-12 19:14:57,0,14.0,0.7985000000000001,2,Neutral,0.1233,36.0,v1.1,English,Loan Collections,1,0.0,0,Low,0.0,3.0,0.0,1.0,Mass,36-45,Personal Loan
2746,9e09117d-2356-4109-be52-ff2ab82b5887,1133,2026-03-13 08:49:18,1,9.0,0.6568333333333333,0,Negative,-0.21146666666666666,44.0,v1.0,Tamil,Customer Support,1,45.0,31-60,Medium,47012.49,1.0,0.0,1.0,Mass,26-35,Personal Loan
3895,c1869232-8284-4f76-b3f8-40db32039a14,308,2026-03-13 10:25:05,1,11.0,0.2609666666666667,1,Negative,-0.5195,25.0,v1.0,Telugu,Loan Collections,1,50.0,31-60,Medium,41290.06,4.0,2.0,4.0,Premium,36-45,Credit Card
6319,0d258671-20dd-491d-bd00-2403137cdc9a,1500,2026-03-13 11:33:10,0,16.0,0.8014999999999999,2,Neutral,0.23216666666666666,35.0,v1.0,Telugu,Loan Application,1,0.0,0,Low,0.0,3.0,2.0,6.0,Mass,46-55,Personal Loan
8242,9c9ca071-68d1-4434-be47-59d2b6fb09d3,300,2026-03-13 11:36:15,0,11.0,0.9085666666666666,0,Positive,0.5510666666666667,30.0,v1.1,English,Payment Reminder,1,20.0,1-30,Low,37212.78,3.0,0.0,2.0,Mass,46-55,Credit Card
5677,3c9c23b0-26c7-491b-abdf-06e118d2c9c9,985,2026-03-13 11:54:22,1,11.0,0.6447666666666666,1,Negative,-0.16183333333333336,37.0,v1.0,Hindi,Loan Application,2,106.0,90+,High,69124.63,3.0,2.0,5.0,High Value,26-35,Credit Card
9948,340a46ad-c47d-4cf8-b539-e23bb6bf6d6e,399,2026-03-13 14:36:36,1,2.0,0.6444666666666666,1,Neutral,-0.28373333333333334,43.0,v1.0,English,Insurance Renewal,1,0.0,0,Low,0.0,4.0,0.0,1.0,Premium,36-45,Personal Loan
6925,e2173f8e-66cf-4ae6-bb4d-affdc07c8607,1197,2026-03-13 15:54:00,0,1.0,0.8031,1,Positive,0.25066666666666665,31.0,v1.0,English,Loan Collections,2,0.0,0,Low,0.0,3.0,1.0,4.0,Mass,26-35,Credit Card
8903,69018fe8-b4b5-4804-b44d-93b500b79d36,1683,2026-03-13 16:24:47,0,18.0,0.7867999999999999,1,Neutral,0.13403333333333334,44.0,v2.0,English,Customer Support,1,0.0,0,Low,0.0,2.0,0.0,0.0,Mass,46-55,Credit Card
8753,d7d6163e-acad-49bd-b11a-2bcdcb454b87,150,2026-03-13 16:36:39,1,8.0,0.4309,1,Neutral,-0.35253333333333337,39.0,v1.0,Telugu,Lead Qualification,1,68.0,61-90,High,32837.94,1.0,0.0,0.0,Mass,26-35,Credit Card
6436,6e6310e8-c7aa-41e8-8e0c-2ac3add6219d,1330,2026-03-13 17:17:12,0,12.0,0.6688999999999999,1,Negative,-0.004166666666666652,35.0,v1.0,Tamil,Customer Support,1,0.0,0,Low,0.0,2.0,0.0,1.0,Mass,26-35,Credit Card
6185,20ff4479-bc6d-4b76-b336-ba877e0c3507,725,2026-03-13 19:31:38,0,2.0,0.8174666666666667,0,Neutral,0.11416666666666665,46.0,v1.0,English,Customer Support,1,0.0,0,Low,0.0,0.0,0.0,0.0,Premium,36-45,Credit Card
6781,7eee262f-015c-44d8-8873-0704118e07bf,1161,2026-03-13 19:34:57,1,13.0,0.6763666666666667,1,Positive,0.31726666666666664,32.0,v2.0,English,Payment Reminder,1,116.0,90+,High,65618.97,3.0,1.0,3.0,Premium,46-55,Personal Loan
7027,f6cee938-c6ea-4a6c-b8e4-69364eff75cf,1016,2026-03-14 08:11:31,1,10.0,0.5719666666666666,1,Negative,-0.10599999999999998,35.0,v1.0,Tamil,Loan Application,2,106.0,90+,High,55109.8,2.0,1.0,2.0,Mass,46-55,Personal Loan
1835,9e297f84-acaa-4f59-b505-c2bc9ab0dedd,1510,2026-03-14 09:14:37,1,,0.5520666666666666,3,Positive,-0.0168,33.0,v1.1,English,Lead Qualification,1,0.0,0,Low,0.0,2.0,0.0,1.0,Mass,36-45,Credit Card
4600,53503af4-db89-4336-af91-41dfb69383d8,923,2026-03-14 09:34:36,0,14.0,0.7105666666666667,1,Neutral,0.22253333333333333,28.0,v1.1,English,Loan Collections,1,0.0,0,Low,0.0,0.0,0.0,0.0,Mass,26-35,Auto Loan
7396,41766f17-cb62-42c6-a4af-e90b150e0932,206,2026-03-14 09:59:44,0,10.0,0.9202333333333333,0,Positive,0.4862333333333333,26.0,v1.1,English,Loan Application,1,0.0,0,Low,0.0,1.0,0.0,0.0,Premium,26-35,Credit Card
9905,10059829-0c72-4c08-a0cd-952971e34c96,713,2026-03-14 10:10:42,0,12.0,0.7576666666666666,0,Neutral,0.25603333333333333,38.0,v2.0,English,Loan Application,1,0.0,0,Low,0.0,0.0,0.0,0.0,Mass,26-35,Credit Card
1829,c2229444-530f-4d3c-8f98-4ab01c5024d2,748,2026-03-14 11:29:48,0,10.0,0.8326333333333333,0,Neutral,0.08606666666666667,29.0,v1.0,English,Insurance Renewal,1,0.0,0,Low,0.0,0.0,0.0,0.0,Mass,46-55,Personal Loan
7542,da9cc932-01c8-4b38-97c3-19c2c380199f,1324,2026-03-14 11:50:36,1,5.0,0.27376666666666666,1,Negative,-0.46113333333333334,29.0,v1.1,English,Lead Qualification,1,83.0,61-90,High,40803.63,1.0,0.0,0.0,Premium,26-35,Personal Loan
1784,60ca2de1-6bec-4ea6-a24e-5817b92fee44,1539,2026-03-14 11:55:16,0,8.0,0.9609333333333333,0,Positive,0.6453,33.0,v2.0,English,Payment Reminder,1,0.0,0,Low,0.0,3.0,0.0,0.0,Mass,36-45,Personal Loan
7813,5da612d8-f3c9-4e9c-9685-dddc9e9ce0d2,1622,2026-03-14 12:01:03,1,14.0,0.6769666666666666,2,Neutral,-0.16166666666666665,40.0,v1.0,Hindi,Customer Support,1,0.0,0,Low,0.0,0.0,0.0,0.0,Mass,36-45,Credit Card
158,ecea235c-3758-427c-bfea-38e615b16aed,1277,2026-03-14 12:02:00,0,11.0,0.8887,0,Positive,0.5673,30.0,v1.1,English,Loan Collections,1,0.0,0,Low,0.0,2.0,0.0,3.0,Mass,56-65,Personal Loan
5271,64ac340c-cf09-4e25-93e2-a76572bcd125,441,2026-03-14 13:06:18,0,11.0,0.8981666666666667,0,Positive,0.4892,29.0,v1.1,English,Insurance Renewal,1,11.0,1-30,Low,49967.59,3.0,1.0,3.0,Premium,18-25,Credit Card
155,482e6ac9-800f-4694-bfeb-df9af3200d89,1712,2026-03-14 13:18:55,0,19.0,0.8718333333333333,1,Positive,0.14663333333333334,41.0,v2.0,English,Loan Application,1,24.0,1-30,Low,61687.82,1.0,0.0,0.0,High Value,36-45,Credit Card
3995,ed57ffcd-eb26-4270-8c8a-9499aea4ca11,865,2026-03-14 13:22:36,1,16.0,0.4386333333333334,2,Neutral,-0.09126666666666666,50.0,v1.0,Telugu,Customer Support,1,0.0,0,Low,0.0,2.0,0.0,1.0,Mass,46-55,Credit Card
6212,7ab8c07f-2854-4d34-a25f-92da14650a9d,911,2026-03-14 13:50:11,0,19.0,0.9322333333333334,0,Positive,0.5538,30.0,v2.0,English,Loan Application,1,0.0,0,Low,0.0,0.0,0.0,0.0,Premium,18-25,
54,492df92d-4588-4559-beee-245165d8a5c3,1734,2026-03-14 16:57:35,0,19.0,0.8160666666666666,0,Positive,0.4324666666666666,42.0,v1.0,Tamil,Customer Support,1,0.0,0,Low,0.0,5.0,1.0,4.0,Premium,65+,Credit Card
3592,686698e2-7a50-49d4-b6be-76cf8184ad21,76,2026-03-14 16:58:12,0,15.0,0.7318333333333333,1,Positive,0.07973333333333334,39.0,v1.0,Telugu,Lead Qualification,1,0.0,0,Low,0.0,0.0,0.0,0.0,High Value,46-55,Personal Loan
2367,81b1b414-2213-4a79-b37c-4a20957ca609,780,2026-03-14 17:01:00,0,11.0,0.8733333333333334,0,Positive,0.5817,25.0,v2.0,English,Lead Qualification,1,56.0,31-60,Medium,23592.44,1.0,0.0,0.0,Mass,36-45,Credit Card
37,e7de17dc-1950-4e05-b1bf-229644ba97eb,1480,2026-03-14 18:04:48,0,11.0,0.8160666666666666,0,Positive,0.26216666666666666,37.0,v1.0,English,Lead Qualification,1,0.0,0,Low,0.0,1.0,1.0,3.0,Premium,18-25,Home Loan
1837,18fef13e-0b69-4eab-8569-04c04c4c8176,975,2026-03-14 18:24:54,1,,0.2603,3,Negative,-0.4531,41.0,v1.0,Hindi,Customer Support,2,72.0,61-90,High,52007.35,3.0,1.0,5.0,Mass,26-35,Home Loan
4360,5d970ed4-9dc9-408a-b4a2-4d87b1405001,264,2026-03-14 18:54:09,1,,0.7790666666666667,3,Positive,0.22936666666666664,35.0,v1.0,Tamil,Payment Reminder,1,0.0,0,Low,0.0,0.0,0.0,0.0,Mass,26-35,Credit Card
1757,d0866aff-f007-4a92-8053-6a8f030ae69f,1099,2026-03-14 19:09:45,0,19.0,0.7935,0,Neutral,0.1492,28.0,v1.0,English,Loan Collections,1,0.0,0,Low,0.0,1.0,0.0,0.0,Mass,36-45,Personal Loan
8043,ba6c8f4a-50e2-447b-a6f9-61e53cff3a7b,1297,2026-03-15 09:11:28,1,14.0,0.26686666666666664,2,Neutral,-0.1757,37.0,v1.0,English,Insurance Renewal,1,68.0,61-90,High,24382.79,3.0,0.0,0.0,Mass,36-45,Credit Card
2118,30209233-a0a0-49dc-b1dd-9f582d1a1a51,445,2026-03-15 09:18:39,0,6.0,0.6140333333333333,1,Positive,0.3833333333333333,31.0,v1.1,English,Loan Application,1,0.0,0,Low,0.0,4.0,1.0,4.0,High Value,36-45,Credit Card
1627,fd609aac-1d0c-46d9-9621-561399e5023d,289,2026-03-15 09:58:25,1,16.0,0.27363333333333334,1,Negative,-0.4585666666666666,27.0,v1.0,English,Loan Collections,1,17.0,1-30,Low,13482.46,2.0,0.0,1.0,Mass,46-55,Auto Loan
6369,cbe6dbf7-07cf-4762-955c-82e8029889cd,1174,2026-03-15 11:22:07,0,13.0,0.7906,0,Positive,0.47986666666666666,41.0,v1.0,Hindi,Loan Collections,2,0.0,0,Low,0.0,3.0,0.0,0.0,Mass,26-35,Personal Loan
6571,06f1c624-2d7e-43ff-846b-227f7effc635,1798,2026-03-15 12:02:53,1,4.0,0.44963333333333333,2,Neutral,-0.11953333333333332,38.0,v1.0,English,Loan Collections,1,42.0,31-60,Medium,51133.0,1.0,0.0,0.0,Premium,26-35,Home Loan
662,a1320dc0-40ff-4256-b1d8-ae55d25e73ec,1729,2026-03-15 12:30:44,0,12.0,0.7212,1,Neutral,0.11283333333333334,36.0,v1.0,Telugu,Lead Qualification,1,0.0,0,Low,0.0,5.0,1.0,4.0,Premium,26-35,Personal Loan
1017,21a17673-f2de-4baa-9d7c-b5881e6c76e1,334,2026-03-15 12:39:33,0,1.0,0.9358666666666666,1,Positive,0.6477666666666667,49.0,v2.0,English,Payment Reminder,1,0.0,0,Low,0.0,4.0,3.0,6.0,Mass,46-55,Personal Loan
272,15b485a1-e331-487e-bd5d-478a50d5c1a6,1193,2026-03-15 12:53:12,1,18.0,0.5782666666666666,1,Neutral,-0.06576666666666667,29.0,v1.0,Telugu,Insurance Renewal,1,0.0,0,Low,0.0,1.0,0.0,0.0,Mass,36-45,Personal Loan
105,27c43c53-83c9-416d-ae1a-ff300b6d8aaf,1512,2026-03-15 13:15:29,1,1.0,0.5170333333333333,1,Neutral,-0.08416666666666667,35.0,v1.0,Hindi,Lead Qualification,1,92.0,90+,High,90563.73,2.0,0.0,0.0,Premium,46-55,Home Loan
1982,591016b5-0504-4108-90a9-ca39ad420daf,623,2026-03-15 14:51:44,1,6.0,0.1542,2,Negative,-0.4151,33.0,v1.0,Hindi,Customer Support,1,110.0,90+,High,68106.7,2.0,1.0,4.0,Mass,26-35,Home Loan
4462,a8f6d707-77d3-4de4-afbf-d8ee4ab9a82b,1953,2026-03-15 14:54:29,0,9.0,0.7940666666666667,0,Positive,0.3714666666666666,34.0,v1.0,Telugu,Customer Support,2,0.0,0,Low,0.0,3.0,2.0,5.0,Premium,18-25,Credit Card
9084,2e309acc-e7d0-482d-bc14-3969d83f419d,1432,2026-03-15 15:24:24,0,14.0,0.5805666666666667,0,Neutral,-0.05346666666666666,36.0,v1.0,Telugu,Loan Collections,1,0.0,0,Low,0.0,0.0,0.0,0.0,Wealth,36-45,Credit Card
9053,032a2255-ed19-461d-84b9-d16c47d829ef,37,2026-03-15 15:55:09,1,,0.2876666666666667,3,Negative,-0.4194333333333333,32.0,v1.0,English,Loan Collections,1,0.0,0,Low,0.0,1.0,0.0,0.0,Premium,36-45,Home Loan
1242,b35a0f41-8709-4b15-b850-dbc580b1b527,1423,2026-03-15 16:01:32,0,10.0,0.7890333333333333,1,Positive,0.2531333333333333,29.0,v1.0,Hindi,Loan Application,1,0.0,0,Low,0.0,1.0,1.0,3.0,Mass,26-35,Personal Loan
7828,db4b9079-2c61-4922-ad24-d2b15251d586,625,2026-03-15 16:17:04,0,5.0,0.8354333333333334,0,Positive,0.44093333333333334,39.0,v1.1,English,Loan Collections,1,73.0,61-90,High,36268.53,1.0,0.0,0.0,Mass,46-55,Home Loan
5316,f6e89de1-a619-4d9a-b52b-bce6c3a0f75b,1206,2026-03-15 17:34:44,0,13.0,0.7281666666666666,1,Neutral,0.11246666666666667,37.0,v1.0,English,Insurance Renewal,1,7.0,1-30,Low,61198.76,1.0,0.0,0.0,Premium,36-45,Credit Card
4893,1d20b535-a74f-434a-8594-d76dc191a971,1899,2026-03-16 08:03:23,0,13.0,0.8144333333333332,2,Positive,0.4858,38.0,v1.0,Tamil,Loan Collections,1,0.0,0,Low,0.0,3.0,2.0,5.0,Mass,26-35,Credit Card
2041,1c6e66e7-b8f7-4084-809d-bff0c43aefa9,1119,2026-03-16 08:44:38,1,5.0,0.5917,2,Neutral,-0.016700000000000003,45.0,v1.0,Tamil,Lead Qualification,2,119.0,90+,High,54109.53,4.0,1.0,5.0,Mass,46-55,Auto Loan
5280,b264eb7d-54ab-4d8c-90e0-c92efc97483e,511,2026-03-16 08:46:27,0,12.0,0.6406999999999999,0,Neutral,0.0786,35.0,v1.1,English,Insurance Renewal,1,87.0,61-90,High,45918.54,2.0,0.0,0.0,High Value,26-35,Home Loan
4634,ce2c087b-2bfc-433a-bcec-5b98454bb6e1,1795,2026-03-16 08:49:49,0,3.0,0.7273666666666667,1,Neutral,0.10593333333333334,35.0,v2.0,English,Customer Support,2,2.0,1-30,Low,21481.25,1.0,0.0,0.0,Premium,46-55,Credit Card
6548,0b51c7f2-262c-4e24-bc4c-9fa27f32f726,402,2026-03-16 09:04:35,1,,0.5633,3,Positive,0.10673333333333333,37.0,v1.1,English,Insurance Renewal,1,99.0,90+,High,28538.85,3.0,0.0,2.0,High Value,36-45,Credit Card
2801,c57e870d-e2bf-44b6-996d-bd04bd91a41a,8,2026-03-16 09:11:57,1,,0.6754000000000001,3,Positive,0.008366666666666689,38.0,v1.0,Telugu,Loan Collections,2,0.0,0,Low,0.0,6.0,2.0,8.0,Mass,26-35,Personal Loan
7376,9fb1eed6-9303-4f46-a10e-a6b5a6247069,1402,2026-03-16 09:26:57,1,12.0,0.48373333333333335,2,Neutral,0.18476666666666666,35.0,v1.0,Telugu,Loan Collections,1,33.0,31-60,Medium,54231.08,2.0,0.0,0.0,High Value,26-35,Home Loan
9926,cf4e96f5-efe4-4a45-adfc-1fdfa4e567b0,1727,2026-03-16 10:01:03,0,9.0,0.9422666666666667,0,Positive,0.5288333333333334,45.0,v2.0,English,Loan Collections,1,0.0,0,Low,0.0,1.0,0.0,1.0,Mass,36-45,Personal Loan
9828,57c7fb9c-d707-4c2f-9ec6-f015fe5c1324,790,2026-03-16 10:41:14,0,5.0,0.8568333333333333,0,Positive,0.34076666666666666,43.0,v1.0,Hindi,Payment Reminder,2,0.0,0,Low,0.0,2.0,1.0,1.0,Mass,46-55,Personal Loan
7211,efcafb03-525f-42bb-994c-5787367ed936,1724,2026-03-16 11:00:26,0,19.0,0.8853666666666666,1,Positive,0.43836666666666674,41.0,v2.0,English,Loan Collections,1,0.0,0,Low,0.0,2.0,0.0,2.0,Premium,26-35,Personal Loan
1045,d52ef74a-4eb4-4c65-9829-09946b8e516f,113,2026-03-16 11:24:02,0,5.0,0.8714,0,Positive,0.3044,26.0,v1.0,Telugu,Payment Reminder,2,0.0,0,Low,0.0,2.0,0.0,1.0,Mass,36-45,Credit Card
2717,b80ea688-da28-4680-95d5-3d73c0bb95a2,1649,2026-03-16 11:32:36,1,2.0,0.6956666666666665,2,Neutral,0.19643333333333332,36.0,v1.0,Hindi,Customer Support,1,0.0,0,Low,0.0,2.0,1.0,3.0,Mass,46-55,Credit Card
1342,9ed07627-dfb7-4b78-9a24-4a3e826f9c51,178,2026-03-16 12:11:04,0,10.0,0.8967,0,Positive,0.5666333333333333,29.0,v1.1,English,Loan Collections,2,27.0,1-30,Low,40087.77,2.0,0.0,0.0,Premium,26-35,Credit Card
3063,5b53645e-9eb3-43e6-bf9c-807378675c7d,1714,2026-03-16 13:31:22,0,16.0,0.759,1,Neutral,0.3312333333333333,33.0,v1.0,Telugu,Loan Collections,1,0.0,0,Low,0.0,0.0,0.0,0.0,Premium,18-25,Personal Loan
3815,66deedf6-5321-409b-805f-9a4fbdbedf06,1742,2026-03-16 15:11:24,0,2.0,0.7064333333333334,1,Positive,0.14356666666666665,32.0,v1.0,Hindi,Loan Application,2,0.0,0,Low,0.0,4.0,1.0,6.0,Mass,26-35,Credit Card
7002,cfe028c7-5395-43bf-8980-2e03acb3f784,957,2026-03-16 15:17:34,0,11.0,0.8186666666666667,0,Positive,0.2711,46.0,v1.0,Telugu,Loan Application,2,0.0,0,Low,0.0,2.0,0.0,1.0,Premium,56-65,Personal Loan
4929,4eda80c8-0587-42a3-9f23-afdb8ead7a0a,1742,2026-03-16 15:20:21,0,15.0,0.7091333333333333,1,Neutral,0.12383333333333335,37.0,v1.0,Tamil,Lead Qualification,1,0.0,0,Low,0.0,5.0,1.0,7.0,Mass,26-35,Credit Card
4830,0424198f-b6aa-44b1-9c93-c4838be4bd00,109,2026-03-16 16:15:22,0,8.0,0.5932333333333334,0,Neutral,-0.050633333333333336,35.0,v1.0,Tamil,Payment Reminder,1,0.0,0,Low,0.0,2.0,0.0,0.0,Mass,36-45,Home Loan
6564,37fa8e3d-260a-41ae-b634-484d5ac9ae08,518,2026-03-16 16:59:32,1,6.0,0.4697,1,Neutral,-0.019766666666666672,34.0,v1.0,Tamil,Customer Support,1,2.0,1-30,Low,58347.43,2.0,1.0,3.0,High Value,36-45,Personal Loan
206,459d850f-f58d-4655-a299-76280c05063c,1554,2026-03-16 17:11:06,0,1.0,0.8267000000000001,0,Positive,0.42386666666666667,51.0,v1.0,Tamil,Loan Collections,1,0.0,0,Low,0.0,1.0,0.0,1.0,Premium,36-45,Personal Loan
9027,c594476a-6862-4445-bb9c-6f422cb1de18,184,2026-03-16 18:06:38,0,6.0,0.7999,1,Positive,0.0549,33.0,v2.0,English,Loan Collections,1,0.0,0,Low,0.0,0.0,0.0,0.0,High Value,36-45,Personal Loan
1246,aea350af-d742-44c0-af28-e7bd180d197a,1851,2026-03-16 18:37:44,0,14.0,0.4790666666666667,1,Positive,0.07006666666666668,36.0,v1.0,English,Insurance Renewal,1,0.0,0,Low,0.0,1.0,1.0,4.0,High Value,18-25,
1815,acef95f9-d498-4742-b683-04cdc786efc0,1635,2026-03-16 19:21:29,0,5.0,0.8906999999999999,1,Positive,0.3595,33.0,v1.0,Tamil,Loan Collections,1,0.0,0,Low,0.0,2.0,0.0,1.0,Mass,26-35,
4829,16166496-3b06-42a1-a60c-ce0c9ca7001e,450,2026-03-17 08:11:18,0,2.0,0.6281,0,Neutral,0.11446666666666667,36.0,v1.0,Telugu,Insurance Renewal,1,0.0,0,Low,0.0,0.0,0.0,0.0,Mass,26-35,Credit Card
8273,e68e6dec-4b9a-4721-b829-95f84cc4da8a,345,2026-03-17 08:59:36,0,8.0,0.7462666666666666,0,Neutral,0.3341666666666667,35.0,v2.0,English,Loan Collections,1,87.0,61-90,High,43856.53,2.0,1.0,4.0,Premium,26-35,Credit Card
5111,6fd90ede-b33c-40d2-b3d5-78a02b9d5c43,1172,2026-03-17 09:14:49,0,2.0,0.8245,0,Neutral,0.4280333333333333,29.0,v1.1,English,Lead Qualification,1,0.0,0,Low,0.0,0.0,0.0,0.0,Wealth,36-45,Credit Card
1070,d0085e0e-a075-46c7-83e1-7463f538ac60,1279,2026-03-17 09:38:53,0,2.0,0.8151666666666667,0,Positive,0.3258666666666667,33.0,v1.1,English,Lead Qualification,2,0.0,0,Low,0.0,3.0,1.0,2.0,Mass,46-55,Personal Loan
314,71db9603-bcbd-413d-b3e7-54809e879e66,841,2026-03-17 09:55:06,0,11.0,0.8206666666666665,1,Positive,0.41819999999999996,28.0,v2.0,English,Payment Reminder,1,76.0,61-90,High,35622.42,4.0,0.0,1.0,Mass,46-55,Personal Loan
2032,0f7da3c8-4dd3-4ab7-97b9-6fff2cad175c,874,2026-03-17 10:04:29,0,12.0,0.7086666666666667,0,Neutral,0.1591,39.0,v1.0,Telugu,Payment Reminder,2,0.0,0,Low,0.0,2.0,1.0,3.0,Mass,18-25,Credit Card
6737,f50d3844-1c50-4a95-96ad-7d8dacd9ac51,636,2026-03-17 10:27:50,1,9.0,0.4008333333333334,1,Negative,-0.47690000000000005,35.0,v1.0,Hindi,Loan Application,1,108.0,90+,High,83043.13,4.0,0.0,0.0,Mass,26-35,Credit Card
9507,8f6db7e8-8d9f-4441-a072-524a4347c0c9,1241,2026-03-17 10:55:38,0,9.0,0.8462,0,Positive,0.3116333333333333,34.0,v1.1,English,Customer Support,1,0.0,0,Low,0.0,1.0,0.0,0.0,Mass,46-55,Personal Loan
9640,ba3b12f9-4fd9-4a23-9cdc-f5001b27bc8a,1370,2026-03-17 11:03:20,1,,0.4562,3,Negative,-0.33863333333333334,37.0,v1.0,Tamil,Insurance Renewal,1,85.0,61-90,High,97201.49,1.0,1.0,3.0,Mass,46-55,Home Loan
9433,ee5bd48f-2d3f-42df-ba26-c9277c5b2102,951,2026-03-17 11:35:35,1,7.0,0.7913333333333333,2,Positive,0.5484,34.0,v1.0,Tamil,Loan Application,1,0.0,0,Low,0.0,1.0,0.0,1.0,Premium,36-45,Auto Loan
1596,1d739f55-be02-4cc4-a25f-23b84d782977,1523,2026-03-17 12:02:30,0,11.0,0.8153666666666667,0,Positive,0.4945,36.0,v1.0,Hindi,Lead Qualification,1,0.0,0,Low,0.0,3.0,1.0,3.0,Premium,26-35,
4357,5a5c7447-5c57-4858-b7b1-33f71bf51a49,1498,2026-03-17 12:56:12,0,15.0,0.7675666666666666,0,Positive,0.30083333333333334,42.0,v2.0,English,Loan Application,2,0.0,0,Low,0.0,2.0,0.0,0.0,Premium,56-65,Credit Card
8699,bf1becb9-3270-4be2-b5c8-f0c65fc848a6,1747,2026-03-17 13:10:23,1,,0.5094666666666666,3,Neutral,-0.19896666666666665,38.0,v1.0,Tamil,Loan Collections,1,0.0,0,Low,0.0,2.0,1.0,2.0,Premium,26-35,Credit Card
6589,0ec12752-15a0-414e-94b2-806518773a13,209,2026-03-17 13:22:39,0,9.0,0.6005666666666667,0,Neutral,-0.042666666666666665,36.0,v1.0,Tamil,Payment Reminder,1,56.0,31-60,Medium,58251.89,2.0,2.0,8.0,Mass,36-45,Credit Card
2672,c5588761-1be2-4d37-95c5-05041877f30b,98,2026-03-17 14:27:26,0,19.0,0.7713,0,Neutral,0.2781666666666667,35.0,v1.0,Telugu,Loan Collections,1,36.0,31-60,Medium,57179.32,0.0,0.0,0.0,Mass,46-55,Personal Loan
7080,a22a11ff-e3e9-4141-bbc0-b5bf59341c7e,1595,2026-03-17 14:44:06,1,,0.36863333333333337,3,Negative,-0.5077666666666666,48.0,v1.0,English,Lead Qualification,1,86.0,61-90,High,58484.9,1.0,0.0,0.0,Mass,36-45,Credit Card
6738,c64b2ffd-599b-4cc2-9766-31adbac7ef99,1362,2026-03-17 15:57:03,1,,0.292,3,Negative,-0.4547333333333334,33.0,v1.0,Hindi,Customer Support,2,50.0,31-60,Medium,37998.15,0.0,0.0,0.0,Mass,36-45,Personal Loan
9133,f2c35895-7a1b-4d7d-a142-e10a857f06c7,566,2026-03-17 16:52:14,1,,0.39840000000000003,3,Neutral,-0.33436666666666665,26.0,v1.1,English,Payment Reminder,2,50.0,31-60,Medium,52670.27,2.0,1.0,1.0,Mass,26-35,Credit Card
360,1b7feeae-8822-4483-a366-0f61d3ee4a4d,360,2026-03-17 17:18:10,0,13.0,0.7739333333333334,0,Positive,0.30223333333333335,38.0,v1.0,Tamil,Loan Collections,1,0.0,0,Low,0.0,3.0,1.0,2.0,High Value,36-45,Credit Card
3024,ff161de0-4bd8-4eb4-98ab-8059c894986b,1034,2026-03-17 17:32:48,1,19.0,0.7502666666666666,1,Positive,0.23023333333333332,22.0,v2.0,English,Loan Collections,1,58.0,31-60,Medium,27549.12,2.0,0.0,0.0,Mass,36-45,Personal Loan
1813,5eef0bde-c138-4451-b781-da31f3f54eb6,721,2026-03-17 17:55:43,0,7.0,0.8282666666666666,0,Neutral,0.20266666666666666,34.0,v1.0,Telugu,Loan Collections,1,0.0,0,Low,0.0,0.0,0.0,0.0,Mass,36-45,Home Loan
8830,cd7ffeb9-bb05-47ff-856d-4d97b9397121,463,2026-03-17 18:38:46,1,15.0,0.5348333333333334,2,Neutral,-0.15366666666666665,36.0,v1.0,Telugu,Lead Qualification,1,0.0,0,Low,0.0,1.0,0.0,0.0,Mass,26-35,Home Loan
2781,ef09a903-858e-4a34-afc9-95dac0a5c7d5,1855,2026-03-17 19:09:07,1,6.0,0.3522,2,Neutral,-0.2098,33.0,v1.0,Hindi,Payment Reminder,2,71.0,61-90,High,58064.47,4.0,1.0,3.0,Mass,36-45,Personal Loan
7346,921dc8f1-ab18-4da1-bf9a-179a566b7bd8,1313,2026-03-17 19:38:10,1,4.0,0.5292333333333333,1,Negative,-0.155,35.0,v1.0,English,Payment Reminder,1,0.0,0,Low,0.0,1.0,0.0,0.0,Mass,36-45,Credit Card
1864,deb7bf21-9d4a-41c3-92e2-9e1011345c12,1200,2026-03-18 08:05:34,0,1.0,0.8452999999999999,1,Neutral,0.16456666666666667,35.0,v1.0,Hindi,Payment Reminder,1,3.0,1-30,Low,79288.89,4.0,2.0,5.0,Premium,26-35,Personal Loan
8182,892df827-a031-43a5-94fc-d7ea240e8c35,361,2026-03-18 08:17:14,0,18.0,0.7888999999999999,0,Neutral,0.06479999999999998,44.0,v2.0,English,Payment Reminder,2,57.0,31-60,Medium,55319.91,3.0,1.0,3.0,Premium,36-45,Personal Loan
9119,f808418f-117d-43e2-98fe-4caf62e6e577,258,2026-03-18 08:26:32,0,8.0,0.8032,0,Neutral,0.1561,22.0,v1.0,Tamil,Customer Support,1,1.0,1-30,Low,56216.1,0.0,0.0,0.0,Premium,46-55,Credit Card
3692,f3f30946-1253-41cf-b084-b0e16ce7c719,832,2026-03-18 08:27:13,0,16.0,0.8340333333333333,0,Positive,0.31243333333333334,45.0,v1.0,Hindi,Insurance Renewal,1,0.0,0,Low,0.0,4.0,0.0,1.0,Premium,36-45,Personal Loan
5376,f43cd0fb-de26-4295-8135-8eb8ec8b7676,692,2026-03-18 08:51:52,1,16.0,0.7523333333333334,2,Neutral,0.18823333333333334,45.0,v2.0,English,Insurance Renewal,1,33.0,31-60,Medium,61964.38,2.0,1.0,2.0,Mass,56-65,Auto Loan
8263,74ecfeb1-974f-45e6-a0bd-75ea484aa2fe,1519,2026-03-18 08:57:09,1,6.0,0.34570000000000006,2,Neutral,-0.1802,32.0,v1.0,Telugu,Loan Collections,1,0.0,0,Low,0.0,5.0,2.0,8.0,Premium,36-45,Credit Card
7259,45c627ea-5838-4af1-b174-34bc30ed53bf,87,2026-03-18 09:09:43,0,15.0,0.4081333333333334,1,Neutral,-0.056633333333333334,43.0,v1.0,Tamil,Loan Application,1,0.0,0,Low,0.0,1.0,0.0,0.0,Mass,36-45,Personal Loan
9593,3cb8a064-cfd3-49ee-9da2-9dac4ea85803,1382,2026-03-18 09:22:09,0,4.0,0.7525666666666666,1,Neutral,0.30796666666666667,34.0,v1.1,English,Customer Support,1,0.0,0,Low,0.0,2.0,0.0,0.0,Mass,26-35,Personal Loan
4745,91446056-00b3-4f28-8803-04f67aad7c7d,904,2026-03-18 09:29:04,1,17.0,0.41173333333333334,2,Negative,-0.23940000000000003,40.0,v1.0,Tamil,Customer Support,1,0.0,0,Low,0.0,1.0,1.0,2.0,Mass,26-35,Credit Card
4178,1ecc93e5-c94e-4b5c-b657-4a711b4fc452,500,2026-03-18 09:30:11,0,10.0,0.7404666666666667,0,Positive,0.3032333333333333,32.0,v1.0,Telugu,Loan Collections,1,0.0,0,Low,0.0,3.0,0.0,0.0,Premium,26-35,Credit Card
1171,bcc31cc7-6bc9-4b20-81ba-f4029ec337d3,916,2026-03-18 09:40:15,1,8.0,0.4197333333333333,2,Neutral,-0.07383333333333333,35.0,v1.0,English,Loan Collections,2,59.0,31-60,Medium,71108.25,4.0,0.0,1.0,Mass,18-25,Credit Card
9161,a2c23ff0-fcf5-4e5f-a5b2-dd4f3354312a,483,2026-03-18 10:27:04,0,18.0,0.6857000000000001,2,Neutral,0.39653333333333335,30.0,v2.0,English,Payment Reminder,1,0.0,0,Low,0.0,5.0,2.0,4.0,Mass,36-45,Personal Loan
6052,65f8b0f8-00e7-4d23-93b1-d90fc444bc49,1338,2026-03-18 10:28:29,0,5.0,0.8373333333333334,1,Positive,0.37789999999999996,30.0,v1.0,Telugu,Loan Collections,1,0.0,0,Low,0.0,0.0,0.0,0.0,High Value,26-35,Personal Loan
7474,5e954b6e-18d1-4ee6-84d6-56e589ce0e55,1122,2026-03-18 11:05:48,0,19.0,0.7049333333333333,1,Neutral,-0.09533333333333334,32.0,v1.0,Telugu,Customer Support,1,0.0,0,Low,0.0,2.0,0.0,1.0,Mass,36-45,Personal Loan
1811,f5db66b1-bfba-47d6-958f-6eff11bc9a25,1662,2026-03-18 11:20:47,0,16.0,0.8374666666666667,1,Positive,0.3852333333333333,43.0,v1.0,Telugu,Customer Support,1,0.0,0,Low,0.0,3.0,0.0,0.0,Premium,46-55,Credit Card
3159,a79476d0-8a63-4a99-8e5d-7a77d0e05f5f,318,2026-03-18 12:12:24,0,12.0,0.7050000000000001,1,Neutral,-0.06113333333333334,33.0,v1.0,English,Payment Reminder,1,0.0,0,Low,0.0,3.0,2.0,6.0,Mass,36-45,Home Loan
1011,54a32be5-7de7-45d6-be6f-d04f9d1e6977,1679,2026-03-18 12:44:13,1,17.0,0.3389,2,Negative,-0.2920333333333333,32.0,v1.0,English,Loan Collections,1,1.0,1-30,Low,72473.24,1.0,0.0,0.0,Mass,36-45,Credit Card
441,44f7faa5-66eb-4882-a4ac-8bdd83c945ff,1975,2026-03-18 13:31:59,0,3.0,0.8174666666666667,1,Positive,0.1625,34.0,v2.0,English,Loan Collections,1,0.0,0,Low,0.0,4.0,2.0,4.0,Wealth,26-35,Personal Loan
1645,abb1c40a-a5ca-4d6a-b53c-3da1fdf559f3,791,2026-03-18 13:40:49,0,11.0,0.8313,1,Positive,0.3955333333333333,23.0,v1.0,Telugu,Payment Reminder,1,0.0,0,Low,0.0,1.0,0.0,0.0,Premium,46-55,Credit Card
1806,c1d342ec-2deb-4e00-8be9-509b443ee60d,1577,2026-03-18 14:07:18,1,,0.35556666666666664,3,Neutral,-0.10166666666666667,42.0,v1.0,English,Payment Reminder,1,27.0,1-30,Low,66697.1,0.0,0.0,0.0,Premium,26-35,Personal Loan
9806,a7f8257c-bcd4-408d-9340-778400042b6e,1506,2026-03-18 14:34:29,1,18.0,0.37666666666666665,2,Negative,-0.23663333333333333,43.0,v1.0,Hindi,Customer Support,1,81.0,61-90,High,34883.28,3.0,1.0,4.0,Mass,36-45,Credit Card
4881,a2423338-9751-4fda-bcc8-4c67c7992f3b,478,2026-03-18 16:33:11,1,8.0,0.4426666666666667,1,Negative,-0.3337333333333334,33.0,v1.0,Hindi,Lead Qualification,1,69.0,61-90,High,58520.75,0.0,0.0,0.0,Premium,18-25,
7937,1ac967bf-0bb9-4774-8765-164a975630ae,1850,2026-03-18 17:37:35,0,15.0,0.8252666666666667,1,Neutral,0.24106666666666668,25.0,v1.1,English,Insurance Renewal,1,0.0,0,Low,0.0,0.0,0.0,0.0,Premium,46-55,Credit Card
8022,deb161d8-bf2d-43fd-8817-8a699ec2d745,898,2026-03-18 17:38:11,1,15.0,0.47550000000000003,1,Negative,-0.3320666666666667,41.0,v1.0,Telugu,Customer Support,1,0.0,0,Low,0.0,0.0,0.0,0.0,Mass,46-55,
9910,96db1c72-eb94-4ca0-b659-b1c340cf9bfa,721,2026-03-18 19:30:40,1,15.0,0.6697333333333333,1,Neutral,0.18133333333333335,46.0,v1.1,English,Loan Collections,2,0.0,0,Low,0.0,1.0,0.0,0.0,Mass,36-45,Home Loan
1996,4365c22f-4b52-4c11-9962-2611cd77e290,1986,2026-03-19 08:16:11,1,16.0,0.2490666666666667,2,Negative,-0.6032333333333333,37.0,v1.0,Tamil,Insurance Renewal,1,119.0,90+,High,32249.42,2.0,1.0,3.0,Wealth,36-45,Personal Loan
151,89226f4b-840c-48c8-8c04-a0d4b34a93f6,1647,2026-03-19 08:35:51,0,7.0,0.7213666666666666,1,Neutral,0.13616666666666669,38.0,v1.0,English,Customer Support,1,42.0,31-60,Medium,82655.9,2.0,0.0,2.0,Mass,65+,Home Loan
2827,64474790-1f8e-406f-bb87-de953157fd4e,1985,2026-03-19 08:41:26,0,2.0,0.6509666666666667,1,Neutral,0.23653333333333335,39.0,v1.0,English,Loan Collections,1,0.0,0,Low,0.0,2.0,0.0,0.0,Mass,46-55,Personal Loan
1919,d0bb79ad-1c1a-40ca-a484-7079d55c1732,1846,2026-03-19 08:53:58,1,18.0,0.6571666666666668,1,Neutral,-0.03559999999999999,26.0,v1.0,Telugu,Loan Application,1,0.0,0,Low,0.0,2.0,1.0,4.0,Mass,26-35,Personal Loan
7263,3593536a-b94a-42c6-8524-c39592f69070,372,2026-03-19 09:55:45,0,15.0,0.5915,1,Neutral,0.19920000000000002,41.0,v1.0,English,Insurance Renewal,1,0.0,0,Low,0.0,2.0,0.0,1.0,Mass,18-25,Personal Loan
3021,1f849557-7b3c-48cf-94fa-4e1921061818,1331,2026-03-19 10:36:08,1,7.0,0.759,2,Positive,0.15259999999999999,34.0,v1.0,Tamil,Loan Application,1,0.0,0,Low,0.0,3.0,2.0,7.0,Mass,46-55,Personal Loan
6195,fec5cc82-9a3f-43e0-b9ca-3b725997825e,1968,2026-03-19 10:51:10,0,12.0,0.7375333333333334,0,Positive,0.3038,30.0,v1.0,Hindi,Customer Support,1,0.0,0,Low,0.0,2.0,1.0,3.0,Premium,18-25,
8749,ff889576-f0dd-4a15-94b7-a2d30b1796c2,1491,2026-03-19 11:19:47,1,2.0,0.4734,2,Neutral,-0.10586666666666666,32.0,v1.0,Telugu,Loan Collections,1,26.0,1-30,Low,41137.35,2.0,0.0,0.0,Mass,26-35,Home Loan
4573,2f6aa4a5-9b6e-4dba-b716-85aaac8576fb,1907,2026-03-19 11:29:00,0,19.0,0.8688666666666666,0,Positive,0.3544666666666667,36.0,v1.0,Telugu,Loan Collections,2,0.0,0,Low,0.0,3.0,0.0,1.0,Mass,46-55,Credit Card
7657,0a95e8da-354a-4d31-a9b0-8e90d0458fc0,461,2026-03-19 11:31:06,0,19.0,0.8661,0,Positive,0.1960666666666667,31.0,v2.0,English,Loan Application,1,68.0,61-90,High,70818.1,1.0,1.0,4.0,High Value,46-55,Home Loan
2593,6540cef7-82b4-4d78-8824-f69a87867789,1831,2026-03-19 11:45:10,1,6.0,0.4772666666666667,1,Neutral,-0.15543333333333334,47.0,v2.0,English,Loan Collections,1,84.0,61-90,High,63342.48,2.0,0.0,0.0,Mass,18-25,Credit Card
6203,3cd72493-9d55-4f80-ad0e-12f14446d305,1395,2026-03-19 11:53:42,1,17.0,0.39996666666666664,2,Negative,-0.3095666666666666,28.0,v1.0,English,Insurance Renewal,1,60.0,31-60,Medium,69720.8,2.0,0.0,0.0,Mass,26-35,Personal Loan
9669,e9a09797-0b2f-45f9-8743-1455f57dd3df,622,2026-03-19 12:24:36,0,3.0,0.6865666666666667,2,Neutral,0.21296666666666667,27.0,v2.0,English,Loan Collections,1,13.0,1-30,Low,60476.67,0.0,0.0,0.0,Mass,26-35,Personal Loan
2525,1b93af8b-062a-41a8-9c55-d58b9a06e330,1396,2026-03-19 12:39:35,0,16.0,0.7189333333333333,0,Positive,0.12426666666666668,37.0,v1.0,Tamil,Insurance Renewal,1,0.0,0,Low,0.0,1.0,0.0,1.0,Premium,36-45,Personal Loan
2224,fcc94075-c6ec-4429-bd67-84bc3cb7eb6f,997,2026-03-19 12:49:23,0,7.0,0.832,0,Positive,0.5878666666666666,44.0,v1.0,Hindi,Loan Application,1,0.0,0,Low,0.0,2.0,1.0,2.0,Mass,46-55,Home Loan
6114,d133700f-0bc2-4fff-8c4b-dc46f5239b67,509,2026-03-19 13:05:04,1,18.0,0.5921666666666666,1,Positive,0.0642,38.0,v1.0,Tamil,Loan Collections,1,0.0,0,Low,0.0,0.0,0.0,0.0,Premium,18-25,Personal Loan
7881,8bddbc0f-e09d-4a67-a178-8a2923ac584a,738,2026-03-19 13:20:01,1,,0.2647333333333333,3,Negative,-0.3600666666666667,31.0,v1.0,English,Loan Collections,1,71.0,61-90,High,64136.01,3.0,0.0,1.0,Premium,36-45,Credit Card
7181,abbd3bd0-975f-4cfa-be03-12339b41713f,470,2026-03-19 13:22:32,1,3.0,0.1805,2,Negative,-0.4621,31.0,v1.0,English,Payment Reminder,1,63.0,61-90,High,2422.64,2.0,1.0,2.0,Mass,36-45,Credit Card
5843,b28a516d-965a-4c00-8ff3-34a09d9ec641,1008,2026-03-19 13:43:31,0,10.0,0.5424666666666667,0,Neutral,0.21036666666666667,28.0,v1.0,Hindi,Loan Application,1,59.0,31-60,Medium,58337.9,3.0,1.0,4.0,Premium,36-45,Personal Loan
5628,871cbac2-43c6-4358-a86a-b36693eb1516,817,2026-03-19 14:10:17,0,11.0,0.8907666666666666,1,Positive,0.4203666666666666,22.0,v2.0,English,Loan Collections,1,57.0,31-60,Medium,38756.03,1.0,0.0,0.0,Mass,36-45,Personal Loan
1198,e28452b5-dee1-4d17-8925-f9247dc4ecb7,1522,2026-03-19 14:14:26,0,10.0,0.7862333333333332,1,Positive,0.3026333333333333,33.0,v1.0,Tamil,Lead Qualification,1,0.0,0,Low,0.0,2.0,0.0,0.0,Mass,18-25,Home Loan
4819,a0cac842-8132-4864-b2e1-7f9c32b50c6e,1227,2026-03-19 14:57:23,1,14.0,0.5026,1,Negative,-0.09453333333333332,36.0,v1.0,Tamil,Loan Collections,3,59.0,31-60,Medium,64331.04,4.0,1.0,3.0,Mass,18-25,Credit Card
4061,68fc629e-5c9c-472c-a865-2dd65bcd547a,1403,2026-03-19 15:10:11,0,16.0,0.7573666666666666,1,Positive,0.26036666666666664,30.0,v1.1,English,Insurance Renewal,2,0.0,0,Low,0.0,5.0,1.0,2.0,Mass,26-35,
1748,b8e574ff-be44-4d0c-b29b-c42338ba6aa3,860,2026-03-19 15:13:23,0,12.0,0.9090666666666666,1,Neutral,0.38726666666666665,41.0,v2.0,English,Lead Qualification,2,0.0,0,Low,0.0,3.0,1.0,3.0,Mass,36-45,Home Loan
1200,3a45d9a8-e71c-4200-8a47-a84bf6050bf5,196,2026-03-19 17:21:13,1,16.0,0.6999,2,Positive,0.41,38.0,v1.0,Hindi,Loan Collections,1,0.0,0,Low,0.0,2.0,1.0,4.0,High Value,36-45,Personal Loan
9604,0f95a644-bab2-4876-a9c6-02327ba4575a,942,2026-03-19 17:41:41,0,19.0,0.8059333333333334,0,Negative,0.1305666666666667,43.0,v1.0,Hindi,Payment Reminder,1,0.0,0,Low,0.0,3.0,1.0,2.0,High Value,46-55,Credit Card
6983,22e740f8-c49e-4690-8993-b62c45aa5fab,1660,2026-03-19 18:43:04,0,1.0,0.7680333333333333,0,Neutral,0.3255333333333333,47.0,v1.1,English,Loan Collections,1,78.0,61-90,High,11857.18,0.0,0.0,0.0,Premium,18-25,Credit Card
1227,f23de47e-658f-47dc-90ec-f723a99efa4b,1937,2026-03-19 18:46:03,0,10.0,0.8621666666666666,0,Positive,0.30033333333333334,35.0,v1.0,Telugu,Payment Reminder,1,0.0,0,Low,0.0,1.0,0.0,0.0,Wealth,18-25,Personal Loan
5509,8a4b8486-2f7b-4cce-93d2-0f09dc935301,1090,2026-03-19 19:35:18,0,12.0,0.6985,1,Neutral,0.02093333333333333,33.0,v1.0,English,Insurance Renewal,1,0.0,0,Low,0.0,3.0,1.0,4.0,Mass,36-45,Credit Card
6772,abb66413-2c78-4564-b5bd-eb658d892913,338,2026-03-19 19:56:48,0,10.0,0.8007666666666666,1,Positive,0.3814,40.0,v1.0,Tamil,Payment Reminder,1,12.0,1-30,Low,62410.47,5.0,2.0,5.0,Wealth,46-55,Credit Card
4057,d8ccbca0-1671-41fb-9575-01f0bb411541,1355,2026-03-19 20:00:29,0,13.0,0.8737,0,Neutral,0.2882,32.0,v2.0,English,Loan Application,1,52.0,31-60,Medium,60946.14,3.0,1.0,3.0,Mass,26-35,Personal Loan
695,7799f5a8-e1ec-4896-9c29-cfe9efe95f93,61,2026-03-20 08:01:23,0,17.0,0.7153999999999999,0,Negative,-0.05666666666666667,36.0,v2.0,English,Loan Collections,1,0.0,0,Low,0.0,2.0,0.0,0.0,Premium,36-45,Credit Card
8511,e5f7235a-2802-42ca-961d-9e489cdc3f60,178,2026-03-20 08:11:49,0,10.0,0.9396,0,Positive,0.5775666666666667,36.0,v2.0,English,Insurance Renewal,1,0.0,0,Low,0.0,3.0,0.0,0.0,Premium,26-35,Credit Card
9045,02d7fad0-bd22-4d26-841b-9a6719fcb3e6,247,2026-03-20 08:28:57,0,1.0,0.7453666666666666,0,Positive,-0.007966666666666677,41.0,v1.0,English,Lead Qualification,1,26.0,1-30,Low,16894.67,1.0,0.0,0.0,Mass,26-35,Credit Card
8779,2f018438-73f9-4672-8661-f109899b153b,932,2026-03-20 08:38:04,0,5.0,0.7952666666666666,1,Neutral,0.4930333333333334,42.0,v1.0,English,Loan Collections,1,0.0,0,Low,0.0,0.0,0.0,0.0,Mass,36-45,Personal Loan
5371,ebb5c827-58d6-4372-a094-af926d459f1b,1926,2026-03-20 10:36:54,1,19.0,0.8292,0,Neutral,0.3639666666666666,28.0,v1.1,English,Insurance Renewal,2,25.0,1-30,Low,74068.99,3.0,1.0,1.0,Premium,26-35,Personal Loan
4229,03cf8ceb-d56a-491b-86a6-53efdbd77d8e,354,2026-03-20 11:21:59,0,11.0,0.9563666666666667,1,Positive,0.6633333333333333,36.0,v2.0,English,Loan Collections,1,0.0,0,Low,0.0,1.0,0.0,0.0,Mass,46-55,Credit Card
2489,9b661963-0504-4980-8fcd-6f91337425e1,552,2026-03-20 11:44:44,0,6.0,0.5928666666666667,0,Neutral,-0.15936666666666668,37.0,v1.0,Tamil,Loan Collections,1,0.0,0,Low,0.0,5.0,1.0,3.0,Mass,56-65,Credit Card
6005,bd282d5c-b1dc-486e-8ea2-44c04d907a11,662,2026-03-20 11:58:42,0,9.0,0.6926,0,Neutral,0.05586666666666667,36.0,v1.0,Telugu,Customer Support,1,23.0,1-30,Low,68165.75,3.0,0.0,0.0,Premium,36-45,Home Loan
7402,4bf0f42e-4430-48be-bd0b-77d4ca7f9d8c,1112,2026-03-20 12:03:26,0,17.0,0.5182333333333333,0,Neutral,-0.2546,36.0,v1.0,English,Loan Application,1,0.0,0,Low,0.0,1.0,0.0,0.0,Mass,36-45,Personal Loan
6911,ee2ac763-50ea-4097-9a47-179aa3f2cad0,1060,2026-03-20 12:10:15,0,15.0,0.44403333333333334,0,Neutral,-0.012033333333333333,42.0,v1.0,Tamil,Loan Application,1,0.0,0,Low,0.0,3.0,0.0,2.0,Premium,46-55,Credit Card
6853,7658d54f-4f7b-47e2-8700-ea0691a5fc38,1755,2026-03-20 12:55:25,0,12.0,0.8771,1,Positive,0.45619999999999994,29.0,v1.1,English,Payment Reminder,1,0.0,0,Low,0.0,3.0,1.0,1.0,Premium,26-35,Credit Card
4777,224656cb-881f-4b8e-b31a-c5ae7bb80597,205,2026-03-20 13:11:17,0,7.0,0.8349000000000001,2,Neutral,0.3448,40.0,v1.0,English,Loan Collections,1,0.0,0,Low,0.0,3.0,2.0,5.0,Premium,26-35,Personal Loan
9418,0d56438e-21ec-44c8-b342-6db2964b060d,1774,2026-03-20 14:34:46,1,17.0,0.3423,1,Neutral,-0.15933333333333333,44.0,v1.0,Tamil,Lead Qualification,2,0.0,0,Low,0.0,4.0,3.0,5.0,Mass,36-45,Home Loan
6200,012dbb93-840b-4aeb-9435-4ba646545965,496,2026-03-20 15:43:39,1,13.0,0.29163333333333336,2,Negative,-0.45680000000000004,40.0,v1.0,Telugu,Insurance Renewal,1,53.0,31-60,Medium,48081.66,1.0,0.0,0.0,Mass,26-35,Personal Loan
2091,c321efd5-5cc8-4a0b-a8ff-be6511ed5ad8,1110,2026-03-20 16:00:27,0,7.0,0.6258666666666667,0,Neutral,-0.03883333333333333,47.0,v1.0,Hindi,Loan Collections,1,0.0,0,Low,0.0,3.0,1.0,5.0,Mass,26-35,Personal Loan
950,592d0901-c41d-49f1-b2b2-78228ce6c0c9,448,2026-03-20 17:21:54,0,4.0,0.8822666666666666,0,Positive,0.45483333333333337,42.0,v2.0,English,Loan Collections,1,0.0,0,Low,0.0,2.0,0.0,2.0,Mass,36-45,Personal Loan
3174,5115268f-0130-402e-b903-3a6b554d4c1f,1291,2026-03-20 17:37:48,0,10.0,0.7938000000000001,0,Neutral,0.21846666666666667,44.0,v1.0,English,Customer Support,1,0.0,0,Low,0.0,5.0,0.0,0.0,Mass,36-45,Personal Loan
3504,5dfe0918-7ec7-4b24-b46d-ca6c9748edb2,117,2026-03-20 18:19:55,0,2.0,0.6841666666666667,0,Negative,0.055033333333333344,38.0,v1.0,Hindi,Loan Application,1,0.0,0,Low,0.0,1.0,0.0,0.0,Premium,18-25,
2554,8c1c83de-1910-4d8e-a81f-8681b0bf8416,1272,2026-03-20 18:22:50,0,13.0,0.6648000000000001,1,Neutral,0.026600000000000013,44.0,v1.0,Telugu,Loan Collections,1,39.0,31-60,Medium,39488.89,2.0,0.0,2.0,Premium,26-35,Credit Card
1679,dc7e01ea-2353-47f1-a308-62aa9f35735b,699,2026-03-20 19:31:28,1,8.0,0.5887333333333333,2,Neutral,-0.012233333333333332,37.0,v1.0,English,Loan Collections,2,33.0,31-60,Medium,41014.33,4.0,1.0,2.0,High Value,26-35,Home Loan
7423,e992bc80-f867-4368-9a3c-3d6c33d921a8,1490,2026-03-21 08:51:43,1,17.0,0.3019,1,Negative,-0.46323333333333333,33.0,v1.0,Telugu,Loan Collections,1,0.0,0,Low,0.0,2.0,1.0,3.0,Premium,46-55,Home Loan
2271,32f15883-ce7c-4b70-ad53-f4ee12698fa5,318,2026-03-21 08:57:24,1,,0.22006666666666666,3,Negative,-0.4075666666666667,22.0,v1.1,English,Payment Reminder,2,82.0,61-90,High,82105.92,4.0,2.0,7.0,Mass,36-45,Home Loan
8770,5d7eb56f-8b68-45ad-a467-a384fecd77d9,662,2026-03-21 09:33:22,0,6.0,0.4416,0,Negative,-0.2747,32.0,v1.0,Tamil,Insurance Renewal,1,0.0,0,Low,0.0,4.0,0.0,0.0,Premium,36-45,Home Loan
837,deb98725-88d0-4f52-8ed7-82669fa9b63c,242,2026-03-21 11:03:30,1,17.0,0.42250000000000004,0,Negative,-0.14396666666666666,52.0,v1.0,Hindi,Payment Reminder,2,0.0,0,Low,0.0,2.0,1.0,3.0,Premium,26-35,Personal Loan
8653,38ed9d6d-da7e-4696-94ee-586c6e693fdc,1235,2026-03-21 11:59:38,0,10.0,0.8573333333333334,0,Positive,0.5558333333333333,39.0,v1.1,English,Lead Qualification,1,0.0,0,Low,0.0,1.0,0.0,1.0,Mass,18-25,Personal Loan
1083,68eaa228-4380-46e8-8130-0428a7646861,1590,2026-03-21 12:38:51,0,12.0,0.7040666666666667,0,Neutral,0.2474333333333333,41.0,v2.0,English,Payment Reminder,2,72.0,61-90,High,52145.59,1.0,0.0,0.0,Premium,26-35,Auto Loan
3009,73ae21a9-f1e6-4a66-b916-72a13c96001d,1577,2026-03-21 13:03:10,0,19.0,0.8239333333333333,0,Positive,0.27976666666666666,29.0,v1.0,Tamil,Insurance Renewal,1,0.0,0,Low,0.0,1.0,1.0,4.0,Premium,26-35,Personal Loan
4406,248296c4-d8a9-43f4-b962-4ded2dcf8f54,308,2026-03-21 14:20:12,0,1.0,0.719,0,Neutral,0.2371,41.0,v1.0,Telugu,Lead Qualification,1,24.0,1-30,Low,50735.77,6.0,3.0,6.0,Premium,36-45,Credit Card
4699,46c409cb-f25d-4005-9d75-d6ceef4fb6b5,1620,2026-03-21 15:02:58,1,18.0,0.1844,2,Neutral,-0.5224666666666666,33.0,v1.0,Telugu,Loan Application,1,75.0,61-90,High,43661.71,0.0,0.0,0.0,High Value,26-35,Credit Card
8044,bcbb3652-4f25-4df4-971c-bef84906e72e,1990,2026-03-21 16:19:10,1,,0.8957,3,Positive,0.5471666666666667,36.0,v1.1,English,Payment Reminder,1,0.0,0,Low,0.0,2.0,0.0,0.0,Mass,46-55,Credit Card
5513,9940c30b-2590-4bd7-b697-5796eb368518,1627,2026-03-21 16:38:27,0,19.0,0.8791666666666668,2,Positive,0.48383333333333334,51.0,v1.0,Hindi,Insurance Renewal,1,0.0,0,Low,0.0,0.0,0.0,0.0,Mass,56-65,Personal Loan
3239,0a2ea176-b995-4c2b-8987-78f19ca29819,1871,2026-03-21 17:29:57,1,1.0,0.7324,1,Neutral,0.22326666666666664,38.0,v1.1,English,Insurance Renewal,1,79.0,61-90,High,27155.49,1.0,0.0,1.0,High Value,26-35,Credit Card
8606,792b354e-b0a1-465a-bc08-a909722e2431,1099,2026-03-21 18:22:30,0,15.0,0.7285666666666666,1,Neutral,-0.034566666666666655,40.0,v1.0,English,Loan Application,1,0.0,0,Low,0.0,2.0,0.0,0.0,Mass,36-45,Personal Loan
7150,a813accc-88df-4856-9dcb-135c96722596,1328,2026-03-21 19:34:31,1,7.0,0.6999666666666666,1,Negative,-0.17456666666666668,24.0,v1.0,Telugu,Lead Qualification,1,41.0,31-60,Medium,15783.82,2.0,0.0,0.0,Wealth,26-35,Auto Loan
116,1dcfa88f-f98a-4b6c-b55e-7ebb26beae05,1717,2026-03-22 08:20:07,0,10.0,0.6783333333333333,1,Positive,0.27673333333333333,37.0,v1.0,English,Loan Collections,1,0.0,0,Low,0.0,1.0,0.0,0.0,Mass,36-45,Personal Loan
2182,78da7a4d-8f1f-4cc1-917b-6e13fc64288e,1586,2026-03-22 09:00:32,1,4.0,0.6529333333333334,2,Neutral,0.13046666666666665,40.0,v1.0,Tamil,Insurance Renewal,1,0.0,0,Low,0.0,0.0,0.0,0.0,Premium,36-45,Credit Card
2043,0beb0e7e-512e-49b8-8a32-e151372a1614,924,2026-03-22 09:04:12,0,10.0,0.9598333333333334,1,Positive,0.7571333333333333,44.0,v2.0,English,Lead Qualification,2,0.0,0,Low,0.0,3.0,0.0,1.0,Premium,26-35,Auto Loan
3197,0a2873a8-5c30-4ad1-a909-171ff7ad949d,685,2026-03-22 09:10:54,0,15.0,0.8685,0,Neutral,0.32793333333333335,29.0,v2.0,English,Insurance Renewal,1,0.0,0,Low,0.0,1.0,0.0,0.0,Mass,26-35,
51,081c842b-4d2c-453d-8cff-85fda737331a,454,2026-03-22 09:18:43,1,15.0,0.5674,2,Neutral,0.025300000000000007,27.0,v1.0,Telugu,Loan Application,1,0.0,0,Low,0.0,0.0,0.0,0.0,Mass,18-25,Personal Loan
9947,18be23dd-464d-4414-916d-1b68472275fe,865,2026-03-22 09:31:34,0,10.0,0.9011333333333332,1,Positive,0.5553,36.0,v1.1,English,Loan Collections,1,0.0,0,Low,0.0,3.0,1.0,4.0,Mass,46-55,Credit Card
9633,8a4c2fdb-2070-45f8-8428-640d46c74eb8,1922,2026-03-22 10:40:41,0,8.0,0.8351666666666667,0,Neutral,0.07406666666666667,46.0,v1.1,English,Loan Application,1,15.0,1-30,Low,33221.98,5.0,1.0,3.0,Premium,18-25,Home Loan
9664,465df76a-87a0-47e1-9662-b2f76cf2fd7b,867,2026-03-22 11:45:55,1,,0.08816666666666667,3,Negative,-0.5881666666666666,44.0,v1.0,Tamil,Loan Application,2,89.0,61-90,High,69515.19,5.0,2.0,5.0,Mass,36-45,
1043,8815fe58-b5c6-46e1-9dfd-25317641c47c,227,2026-03-22 12:04:59,0,14.0,0.6879,1,Neutral,0.09686666666666667,36.0,v1.1,English,Lead Qualification,1,0.0,0,Low,0.0,5.0,1.0,6.0,Mass,36-45,Personal Loan
9512,5bb71dcf-19cc-4d36-b062-c54c0f574e2b,343,2026-03-22 12:10:52,0,2.0,0.8616666666666667,1,Positive,0.34783333333333327,48.0,v2.0,English,Loan Collections,1,0.0,0,Low,0.0,0.0,0.0,0.0,Mass,26-35,Auto Loan
919,60335bd7-7177-4cf5-b371-4931b23161b7,849,2026-03-22 12:20:01,0,11.0,0.7936666666666667,0,Neutral,0.35603333333333337,39.0,v1.1,English,Customer Support,1,52.0,31-60,Medium,52453.44,2.0,0.0,1.0,Mass,26-35,Home Loan
2276,295b5fd0-b028-4ec1-9b4f-e711cc5d4dd3,654,2026-03-22 13:17:08,0,7.0,0.8199666666666667,0,Positive,0.3619666666666667,35.0,v1.0,Tamil,Lead Qualification,2,0.0,0,Low,0.0,3.0,0.0,1.0,Mass,46-55,Personal Loan
5311,8b07042d-a93f-4db5-92d7-a64fd3bf48a9,1513,2026-03-22 13:42:16,0,5.0,0.9546333333333333,0,Positive,0.6567333333333333,33.0,v2.0,English,Insurance Renewal,2,0.0,0,Low,0.0,2.0,1.0,2.0,Mass,18-25,Credit Card
1344,5081cb75-1e54-4983-9406-55d6def2326d,1050,2026-03-22 14:04:34,0,16.0,0.9453,2,Positive,0.6344,40.0,v2.0,English,Lead Qualification,1,0.0,0,Low,0.0,2.0,1.0,1.0,Mass,26-35,Personal Loan
6428,41eaf918-5f98-4383-8dd4-25739e56247b,1919,2026-03-22 14:23:04,1,19.0,0.19506666666666664,1,Negative,-0.5539999999999999,44.0,v1.1,English,Loan Collections,1,117.0,90+,High,37457.28,4.0,2.0,2.0,Premium,18-25,Personal Loan
6220,714bfbbb-28c2-409e-954f-660380e2ea5d,1817,2026-03-22 14:32:32,1,11.0,0.5746666666666668,2,Neutral,0.019433333333333334,25.0,v1.0,English,Lead Qualification,1,64.0,61-90,High,38584.35,4.0,1.0,4.0,Mass,18-25,Credit Card
1373,5ffc3dcf-1b8b-4c36-9ad2-e4da79234909,181,2026-03-22 15:55:56,0,19.0,0.7712666666666667,1,Neutral,0.2755666666666667,45.0,v1.0,Telugu,Loan Application,1,0.0,0,Low,0.0,5.0,0.0,0.0,Premium,26-35,Credit Card
7967,eb644e18-935d-4632-b6d6-716c8cd8c5c6,1845,2026-03-22 18:03:03,1,,0.16943333333333332,3,Neutral,-0.34769999999999995,41.0,v1.0,English,Loan Collections,1,109.0,90+,High,62108.31,2.0,1.0,3.0,High Value,36-45,Home Loan
5610,6f91e5c5-87c6-403a-a1ad-3e27011ebd82,846,2026-03-22 18:08:13,1,14.0,0.5846333333333333,1,Neutral,0.07426666666666666,39.0,v1.0,Telugu,Insurance Renewal,1,0.0,0,Low,0.0,0.0,0.0,0.0,Mass,26-35,Credit Card
9141,80b00794-f56d-45b5-b98a-7e2ec4ea0bf6,117,2026-03-22 18:56:55,0,14.0,0.8757999999999999,1,Positive,0.5281,40.0,v2.0,English,Loan Collections,1,0.0,0,Low,0.0,2.0,0.0,0.0,Premium,18-25,
6640,49139451-7c31-4c51-96a4-413f217c8517,813,2026-03-22 19:48:21,0,14.0,0.7296999999999999,1,Positive,0.30360000000000004,41.0,v1.0,English,Payment Reminder,2,0.0,0,Low,0.0,3.0,0.0,1.0,Mass,56-65,Home Loan
122,d888571b-05be-4a7d-b61f-e2a2747a4859,254,2026-03-23 08:04:50,1,2.0,0.17226666666666668,2,Negative,-0.3543333333333334,30.0,v1.0,English,Customer Support,1,116.0,90+,High,61244.12,4.0,1.0,4.0,Mass,36-45,Credit Card
2812,456af427-6867-4d5d-b558-d0b7a14da8da,1498,2026-03-23 09:49:28,1,14.0,0.38293333333333335,1,Negative,-0.3409333333333333,18.0,v1.0,Telugu,Loan Application,3,81.0,61-90,High,41454.5,3.0,0.0,0.0,Premium,56-65,Credit Card
5176,fed174e6-e86b-41b5-bbbd-2e5b3133a932,1441,2026-03-23 10:13:03,1,8.0,0.6295666666666667,2,Neutral,0.10853333333333333,41.0,v2.0,English,Loan Collections,1,97.0,90+,High,71998.86,2.0,1.0,2.0,High Value,36-45,Credit Card
6354,142e9ba6-f184-477f-bec2-5798f83bb8c6,873,2026-03-23 11:23:45,0,5.0,0.8615666666666666,1,Positive,0.6160666666666667,33.0,v1.0,English,Loan Collections,1,0.0,0,Low,0.0,3.0,1.0,2.0,Premium,56-65,Credit Card
6800,b5fcf48f-6379-4b9f-b455-37c65837aff5,252,2026-03-23 13:02:19,0,14.0,0.8130666666666667,1,Neutral,0.21983333333333333,34.0,v1.1,English,Customer Support,1,0.0,0,Low,0.0,1.0,0.0,0.0,Premium,26-35,Personal Loan
6382,ca76ea5e-6657-48cc-8e2a-d0a5a03499dc,1905,2026-03-23 13:34:31,0,14.0,0.8503,1,Positive,0.38009999999999994,28.0,v2.0,English,Lead Qualification,2,0.0,0,Low,0.0,1.0,0.0,0.0,Mass,36-45,
7952,7d44bf2a-abee-480d-88ea-22fce06b6792,249,2026-03-23 14:52:23,0,11.0,0.8387333333333333,1,Positive,0.3199666666666667,24.0,v1.0,Tamil,Insurance Renewal,1,0.0,0,Low,0.0,2.0,0.0,0.0,Mass,36-45,Credit Card
9230,b53cee11-8bfc-4d69-94c4-e30e74f6fb47,1477,2026-03-23 16:43:59,0,11.0,0.9203333333333333,0,Positive,0.38373333333333326,39.0,v1.1,English,Loan Application,1,0.0,0,Low,0.0,1.0,0.0,1.0,Mass,46-55,Home Loan
2193,008249a9-62e9-4025-a074-ff99d6c71656,1714,2026-03-23 16:45:27,0,11.0,0.9018,0,Positive,0.37943333333333334,27.0,v1.1,English,Payment Reminder,1,0.0,0,Low,0.0,1.0,0.0,1.0,Premium,18-25,Personal Loan
2214,41fd71f3-f34e-4ce5-9992-33038e132319,1561,2026-03-23 17:53:22,0,3.0,0.7753333333333333,2,Positive,0.19866666666666666,18.0,v1.0,English,Lead Qualification,1,0.0,0,Low,0.0,0.0,0.0,0.0,Mass,26-35,Personal Loan
2720,909da632-2441-4c36-bf9c-07b038172445,758,2026-03-23 18:16:21,0,9.0,0.7601666666666667,1,Positive,0.4514666666666667,34.0,v1.0,Tamil,Insurance Renewal,1,0.0,0,Low,0.0,1.0,0.0,1.0,Mass,36-45,Personal Loan
8977,72587df3-dca2-4186-a0eb-2e2e69eef639,1363,2026-03-23 19:05:18,1,,0.6450666666666667,3,Neutral,0.0228,32.0,v1.0,English,Loan Collections,1,27.0,1-30,Low,67239.52,1.0,1.0,2.0,Mass,26-35,Personal Loan
5665,60f6611d-0fb3-43a8-bba4-3fb506f59fa1,1962,2026-03-24 09:22:23,0,1.0,0.8625333333333334,0,Positive,0.5624666666666667,39.0,v2.0,English,Lead Qualification,2,37.0,31-60,Medium,66468.23,5.0,0.0,2.0,Premium,26-35,
3223,eee9682d-f406-4ce5-99b3-281e9bac623b,1095,2026-03-24 09:30:52,0,18.0,0.8679,0,Positive,0.37966666666666665,25.0,v2.0,English,Loan Collections,1,17.0,1-30,Low,47659.49,0.0,0.0,0.0,Premium,46-55,Personal Loan
236,48d9902f-52f7-4c3c-8f12-db99707c9fc0,369,2026-03-24 11:15:33,0,7.0,0.9163666666666667,1,Positive,0.41373333333333334,44.0,v1.1,English,Lead Qualification,1,0.0,0,Low,0.0,2.0,0.0,1.0,High Value,36-45,Personal Loan
4184,ea885063-0e36-46a8-9e90-90f85e586473,1122,2026-03-24 11:27:05,1,18.0,0.5062666666666666,2,Neutral,-0.0011666666666666676,28.0,v1.1,English,Loan Collections,1,71.0,61-90,High,54160.29,3.0,0.0,2.0,Mass,36-45,Personal Loan
8162,5891ddcd-a693-47f2-8219-176f0ad68185,171,2026-03-24 11:34:45,1,3.0,0.41796666666666665,2,Negative,-0.2906666666666667,32.0,v1.0,Hindi,Customer Support,2,0.0,0,Low,0.0,3.0,0.0,0.0,Premium,36-45,Credit Card
3050,77968315-f1b9-4494-bd5e-57199d73ef21,460,2026-03-24 12:41:45,0,19.0,0.9343333333333333,1,Positive,0.6436000000000001,25.0,v1.1,English,Insurance Renewal,1,0.0,0,Low,0.0,2.0,2.0,3.0,High Value,46-55,Personal Loan
6709,15346da2-1b32-49e1-8543-55ad925b0ca0,257,2026-03-24 14:54:14,1,,0.17453333333333335,3,Neutral,-0.32356666666666667,43.0,v1.0,English,Loan Collections,1,94.0,90+,High,46897.36,1.0,0.0,0.0,Mass,46-55,Credit Card
2126,97c671d5-d268-4949-ac30-2abd8c0bc1ac,879,2026-03-24 15:06:10,1,15.0,0.4477,2,Neutral,-0.21156666666666665,33.0,v1.0,English,Payment Reminder,2,0.0,0,Low,0.0,4.0,1.0,4.0,Wealth,26-35,Auto Loan
1888,a6c740d7-1986-4744-b074-1588e7a021e9,1116,2026-03-24 15:15:19,0,12.0,0.8429000000000001,0,Positive,0.4442333333333333,36.0,v1.0,Telugu,Insurance Renewal,2,0.0,0,Low,0.0,6.0,2.0,5.0,Mass,46-55,Home Loan
7740,735b3d21-0534-4c5c-9f78-a5740bf397d0,3,2026-03-24 16:27:10,0,8.0,0.6283333333333333,0,Positive,0.23243333333333335,24.0,v1.0,Telugu,Loan Collections,2,0.0,0,Low,0.0,4.0,2.0,6.0,Premium,18-25,Personal Loan
5984,3d83ae37-eea7-4f83-b941-923bf9657235,1923,2026-03-24 16:33:54,1,3.0,0.36233333333333334,2,Negative,-0.35833333333333334,24.0,v1.0,English,Loan Application,1,0.0,0,Low,0.0,4.0,1.0,3.0,Mass,36-45,Personal Loan
5387,c889e877-8861-425d-8faf-6a626e23c0b4,1323,2026-03-24 17:11:51,1,6.0,0.3398666666666667,1,Negative,-0.46399999999999997,32.0,v1.0,English,Payment Reminder,2,18.0,1-30,Low,42096.71,2.0,0.0,0.0,Mass,18-25,Credit Card
1452,62cb3534-7b69-4b71-9f35-5f93f0ed0cb5,1753,2026-03-24 17:16:36,1,,0.5569000000000001,3,Neutral,0.003633333333333331,39.0,v1.0,English,Insurance Renewal,2,15.0,1-30,Low,41250.22,1.0,0.0,1.0,Premium,36-45,Credit Card
6402,643cb5e3-171e-4810-8c20-94af77db4c62,1630,2026-03-24 17:39:54,1,,0.4900333333333333,3,Neutral,-0.027333333333333338,43.0,v1.0,English,Customer Support,2,73.0,61-90,High,81293.87,4.0,1.0,5.0,Mass,36-45,Credit Card
2205,2da3bd12-b321-4ac4-9245-5b8fbad2882c,886,2026-03-24 18:19:57,0,1.0,0.8482666666666666,1,Positive,0.4416666666666667,41.0,v1.0,English,Loan Collections,1,0.0,0,Low,0.0,1.0,1.0,3.0,Premium,26-35,Credit Card
1559,275c6a5c-ce51-48d1-ab09-be9437106875,725,2026-03-24 18:23:28,0,9.0,0.6763666666666667,1,Neutral,0.16403333333333334,41.0,v1.0,Telugu,Loan Collections,1,0.0,0,Low,0.0,1.0,0.0,0.0,Premium,36-45,Credit Card
2071,d0ceb9ce-d3cd-4039-9642-574009612dcf,1708,2026-03-24 18:31:58,1,10.0,0.33499999999999996,2,Neutral,-0.38083333333333336,34.0,v1.0,Telugu,Loan Collections,2,0.0,0,Low,0.0,2.0,0.0,1.0,Premium,26-35,
6261,c8e2db09-9a37-4d7d-a894-f33acc08c847,246,2026-03-24 18:36:41,1,,0.6434666666666667,3,Positive,0.30683333333333335,41.0,v1.0,Tamil,Insurance Renewal,1,31.0,31-60,Medium,51398.79,1.0,0.0,0.0,Premium,26-35,Personal Loan
9685,d023a081-181f-41bc-bc5b-f1ee7a75c060,884,2026-03-24 19:02:13,0,19.0,0.6627666666666666,1,Neutral,0.2023,25.0,v1.0,Tamil,Loan Application,1,0.0,0,Low,0.0,2.0,0.0,1.0,Mass,46-55,Credit Card
7233,37260310-2a2b-4cf8-b884-31a752bc66df,420,2026-03-24 19:16:30,0,18.0,0.7003333333333334,0,Neutral,-0.08760000000000001,40.0,v1.0,Telugu,Insurance Renewal,1,0.0,0,Low,0.0,2.0,1.0,4.0,Mass,26-35,Credit Card
6708,e4412deb-9b14-4f87-a227-a14d77080513,1634,2026-03-25 08:34:33,0,10.0,0.9617666666666667,0,Positive,0.7277,41.0,v2.0,English,Loan Application,1,0.0,0,Low,0.0,2.0,1.0,2.0,Wealth,26-35,Auto Loan
4880,8464598a-2cb9-41f0-b03f-cc0c32ff9139,705,2026-03-25 09:32:32,0,13.0,0.8397,1,Neutral,0.3402,37.0,v1.0,Hindi,Insurance Renewal,1,0.0,0,Low,0.0,0.0,0.0,0.0,Premium,36-45,Personal Loan
2968,79c787b3-19b7-45de-be58-0521e8fb65d5,1166,2026-03-25 09:34:17,1,,0.21813333333333337,3,Negative,-0.5174666666666666,44.0,v1.1,English,Loan Application,1,119.0,90+,High,34314.0,2.0,1.0,6.0,Mass,36-45,Personal Loan
5002,17b71350-8cfa-4a75-9df8-22a7f7b576b3,1405,2026-03-25 09:46:02,0,2.0,0.6423666666666666,1,Negative,0.0003666666666666818,28.0,v2.0,English,Lead Qualification,1,102.0,90+,High,25878.27,2.0,1.0,1.0,Premium,36-45,Personal Loan
2432,7d0eea4a-cd4d-4fb7-bab8-64195cd98b33,1385,2026-03-25 09:55:24,1,19.0,0.3647666666666667,1,Negative,-0.4506333333333334,32.0,v1.0,Tamil,Loan Collections,1,17.0,1-30,Low,62961.91,0.0,0.0,0.0,Mass,18-25,Home Loan
3630,3f2a0b94-5191-42c8-9343-fc7a99ab5939,304,2026-03-25 10:58:32,1,3.0,0.4633,2,Negative,-0.34686666666666666,21.0,v1.0,Telugu,Lead Qualification,1,0.0,0,Low,0.0,1.0,0.0,0.0,Premium,46-55,Credit Card
6574,a21d9369-89a8-49fa-b535-ec75b4b7d838,661,2026-03-25 11:18:23,1,11.0,0.6812333333333332,2,Neutral,0.1936,42.0,v1.1,English,Lead Qualification,1,97.0,90+,High,31379.02,2.0,1.0,4.0,Mass,26-35,Credit Card
3001,1a5946bb-9d2f-4268-aab0-a93dd2d378fb,865,2026-03-25 11:26:20,0,4.0,0.7286333333333334,0,Neutral,0.11333333333333333,31.0,v2.0,English,Loan Collections,1,64.0,61-90,High,41685.61,4.0,1.0,5.0,Mass,46-55,Credit Card
752,6efbecfc-682c-4359-928a-fe493bdac726,904,2026-03-25 12:01:12,1,,0.3476666666666666,3,Neutral,-0.10903333333333333,41.0,v1.0,Tamil,Insurance Renewal,2,0.0,0,Low,0.0,2.0,2.0,7.0,Mass,26-35,Credit Card
6639,3892e768-1366-4b98-af61-f186e3b4f8a3,868,2026-03-25 12:16:48,0,10.0,0.6524,0,Positive,0.3155,42.0,v1.1,English,Loan Collections,1,79.0,61-90,High,3039.69,3.0,1.0,1.0,Mass,46-55,Credit Card
5262,428e30af-0e1a-442e-b222-498adf945f9f,1466,2026-03-25 12:32:38,0,19.0,0.6271666666666667,0,Neutral,0.14186666666666667,28.0,v1.0,Hindi,Payment Reminder,1,29.0,1-30,Low,71799.79,1.0,0.0,1.0,Mass,36-45,Personal Loan
2423,42e3479c-4ca6-427d-abe5-7c4d507021e4,1950,2026-03-25 12:42:33,0,18.0,0.8267666666666665,1,Positive,0.46623333333333333,41.0,v1.1,English,Loan Application,1,0.0,0,Low,0.0,1.0,1.0,2.0,Mass,18-25,Home Loan
7933,835402f5-ee0f-457b-b50d-3a61eecf70cb,1015,2026-03-25 12:47:06,0,13.0,0.7888000000000001,0,Neutral,0.09393333333333333,40.0,v1.0,Tamil,Payment Reminder,1,0.0,0,Low,0.0,3.0,0.0,0.0,Premium,36-45,Personal Loan
537,ec37f57a-27fa-40c5-ab10-b89ee9bcbe40,1913,2026-03-25 13:01:42,0,14.0,0.6913333333333332,1,Neutral,0.24003333333333332,36.0,v1.1,English,Loan Collections,1,19.0,1-30,Low,49076.42,4.0,2.0,3.0,Mass,56-65,Personal Loan
9238,0c9308fb-eef2-4528-b156-2883dfebabe6,926,2026-03-25 13:17:29,1,7.0,0.7382666666666666,1,Neutral,0.214,24.0,v1.0,Tamil,Customer Support,1,27.0,1-30,Low,50892.2,3.0,1.0,3.0,Mass,36-45,Credit Card
5181,8c67e1c5-90ca-4d60-96c3-49803499cad7,282,2026-03-25 13:31:18,1,,0.20226666666666668,3,Negative,-0.4187,42.0,v1.0,Tamil,Customer Support,1,64.0,61-90,High,43232.56,3.0,1.0,4.0,Mass,36-45,Credit Card
1389,ae109f9e-9eba-4179-8a11-5cc1b2c23b04,1808,2026-03-25 14:23:34,1,9.0,0.6312666666666666,2,Neutral,0.032999999999999995,42.0,v1.0,Tamil,Loan Collections,1,53.0,31-60,Medium,79661.69,1.0,0.0,0.0,Premium,36-45,Personal Loan
3696,352ee5fb-768c-4b13-8d8d-588a9386c537,123,2026-03-25 14:48:42,0,18.0,0.7688,0,Neutral,0.25923333333333337,42.0,v1.0,English,Insurance Renewal,2,0.0,0,Low,0.0,3.0,0.0,1.0,Premium,36-45,Personal Loan
4986,d7b9d5d4-33ce-4e00-a7fa-96c0985475cb,1018,2026-03-25 14:54:53,1,13.0,0.6567333333333333,2,Neutral,0.1486333333333333,39.0,v1.0,Telugu,Payment Reminder,2,39.0,31-60,Medium,79191.76,6.0,2.0,7.0,Mass,36-45,Auto Loan
9709,5aef15ea-4742-4766-bfea-48478d029934,1095,2026-03-25 14:55:44,0,13.0,0.8414333333333334,1,Positive,0.3459999999999999,26.0,v1.1,English,Loan Application,1,0.0,0,Low,0.0,1.0,0.0,0.0,Premium,46-55,Personal Loan
4092,90262e64-ce08-4433-b77d-6786655d5081,1148,2026-03-25 14:58:17,0,13.0,0.7414333333333333,0,Neutral,0.13999999999999999,38.0,v1.0,Telugu,Loan Collections,2,0.0,0,Low,0.0,2.0,0.0,0.0,Mass,46-55,Personal Loan
1509,0dfc9ccc-5852-4faf-85d1-4ad4542e6211,53,2026-03-25 15:21:52,1,15.0,0.5903666666666667,0,Negative,-0.06523333333333334,37.0,v1.0,Tamil,Lead Qualification,1,0.0,0,Low,0.0,0.0,0.0,0.0,Mass,18-25,Home Loan
454,a8776d1b-6682-4de4-966f-78a71ba606fc,1896,2026-03-25 16:28:55,1,11.0,0.5663,0,Neutral,0.18553333333333333,43.0,v1.0,Hindi,Payment Reminder,1,79.0,61-90,High,42523.32,2.0,1.0,2.0,Mass,36-45,Personal Loan
6555,1cc74329-5875-40be-a3f0-f6ffba0cb953,203,2026-03-25 17:00:32,1,,0.6324,3,Neutral,0.11643333333333333,38.0,v1.0,Tamil,Customer Support,1,17.0,1-30,Low,68660.45,1.0,0.0,0.0,Mass,26-35,
9151,a62f6825-1337-4a73-9c92-a62b60556386,196,2026-03-25 17:00:36,0,12.0,0.8232666666666667,1,Positive,0.3365666666666667,42.0,v1.1,English,Lead Qualification,2,0.0,0,Low,0.0,3.0,2.0,7.0,High Value,36-45,Personal Loan
2753,fb5e6b86-9d1d-438f-90e6-0d902cba193c,1604,2026-03-25 17:02:55,1,,0.5692666666666667,3,Neutral,-0.2327,50.0,v1.0,Tamil,Payment Reminder,1,,0,Low,0.0,0.0,0.0,0.0,Mass,36-45,Credit Card
6249,3c4ba28a-da3e-4d37-ac06-47a4b8ae99ff,518,2026-03-25 18:03:13,1,6.0,0.5687333333333333,1,Positive,-0.08326666666666666,42.0,v1.0,Hindi,Insurance Renewal,1,0.0,0,Low,0.0,4.0,2.0,5.0,High Value,36-45,Personal Loan
9255,b022b44a-2b4d-4b40-b30d-44b4b97b365c,968,2026-03-25 18:21:30,1,5.0,0.45646666666666674,1,Positive,0.133,38.0,v1.0,Telugu,Customer Support,1,101.0,90+,High,62473.97,1.0,0.0,0.0,Premium,18-25,Credit Card
1721,698eae5b-dc2c-4a76-9da3-11d19ad60cc9,1520,2026-03-25 19:01:48,0,11.0,0.9567666666666667,1,Positive,0.6273666666666667,45.0,v2.0,English,Loan Collections,1,0.0,0,Low,0.0,1.0,1.0,2.0,Mass,18-25,Credit Card
678,3855dcef-4279-4137-9964-9159a5e494dd,1695,2026-03-25 19:33:30,0,10.0,0.868,1,Positive,0.33466666666666667,37.0,v1.0,Hindi,Payment Reminder,1,0.0,0,Low,0.0,4.0,1.0,4.0,Premium,36-45,Personal Loan
6043,3fc1056d-e8ca-47b9-9961-6038fd4e9c3b,1121,2026-03-25 19:48:08,1,6.0,0.4681666666666667,1,Neutral,-0.13763333333333333,30.0,v1.0,Hindi,Payment Reminder,1,0.0,0,Low,0.0,2.0,0.0,1.0,Mass,26-35,Home Loan
3937,db8191ea-2163-4f40-95ce-f3a08cc4fbd1,602,2026-03-25 19:55:48,0,5.0,0.6641666666666667,0,Neutral,-0.01063333333333333,29.0,v1.0,English,Loan Application,1,83.0,61-90,High,3458.31,1.0,1.0,3.0,Mass,18-25,Credit Card
1696,7fde5609-7a58-488b-b401-922d986a52ae,778,2026-03-26 08:23:52,1,4.0,0.4834666666666667,2,Neutral,-0.3233333333333333,45.0,v1.0,Tamil,Customer Support,1,51.0,31-60,Medium,54798.53,0.0,0.0,0.0,Premium,56-65,Credit Card
7999,82285d01-4651-48a8-a2bc-4288275ba7ae,213,2026-03-26 10:31:37,1,,0.2730333333333333,3,Negative,-0.5627666666666666,22.0,v1.0,English,Payment Reminder,2,114.0,90+,High,65445.96,4.0,0.0,0.0,Mass,18-25,
6091,0348e441-5b8c-4028-a7f8-d9688d1994c7,974,2026-03-26 10:47:00,1,15.0,0.3828666666666667,2,Negative,-0.1756333333333333,30.0,v1.1,English,Loan Collections,1,64.0,61-90,High,35288.42,1.0,0.0,0.0,High Value,18-25,
3551,a2c79534-8b22-4717-b57a-82ef2cdc782c,482,2026-03-26 10:54:50,0,11.0,0.7608,0,Positive,0.3707666666666667,45.0,v1.0,Tamil,Lead Qualification,1,0.0,0,Low,0.0,2.0,1.0,2.0,Premium,26-35,Credit Card
2484,5b0abb78-7caf-426d-914f-ea780db59066,1767,2026-03-26 12:10:51,0,2.0,0.9344333333333333,0,Positive,0.49433333333333335,41.0,v2.0,English,Loan Collections,2,0.0,0,Low,0.0,4.0,1.0,4.0,Mass,46-55,Credit Card
73,9821bbc1-dc20-41c6-930c-284a5f90a2fd,390,2026-03-26 12:24:24,1,15.0,0.3037,1,Neutral,-0.5421666666666667,32.0,v1.0,Tamil,Customer Support,1,77.0,61-90,High,1000.0,2.0,0.0,1.0,High Value,46-55,Auto Loan
6540,6afa3d93-2863-4a14-a023-3bad8cb3f7ce,827,2026-03-26 13:56:25,1,17.0,0.11220000000000001,2,Negative,-0.7020666666666667,38.0,v1.0,English,Insurance Renewal,1,86.0,61-90,High,65675.41,2.0,1.0,2.0,Mass,26-35,Credit Card
6938,25ce6579-ec34-4a59-a675-8ab10bec866f,1077,2026-03-26 15:19:21,0,2.0,0.7582666666666666,0,Negative,-0.08096666666666667,25.0,v1.0,Hindi,Customer Support,2,0.0,0,Low,0.0,2.0,1.0,3.0,Wealth,36-45,Personal Loan
5466,5829b91c-d607-461d-b63f-e9ee1a5ea3f5,1174,2026-03-26 15:21:35,1,1.0,0.7574000000000001,2,Positive,0.21906666666666666,32.0,v1.0,English,Insurance Renewal,1,0.0,0,Low,0.0,4.0,0.0,1.0,Mass,26-35,Personal Loan
2599,95336d06-a0d0-491b-88d9-ab8b7a101100,1785,2026-03-26 15:29:29,1,6.0,0.41609999999999997,1,Negative,-0.4010666666666667,38.0,v1.1,English,Loan Application,1,76.0,61-90,High,22058.28,1.0,0.0,0.0,Premium,26-35,Credit Card
6119,bade874a-e7ca-42ca-8481-5c670f74a5c1,1172,2026-03-26 17:45:05,0,15.0,0.7302,0,Neutral,0.1476333333333333,37.0,v1.1,English,Loan Collections,1,0.0,0,Low,0.0,1.0,0.0,0.0,Wealth,36-45,Credit Card
7906,35a53d7c-816e-4975-8346-a48dd1d59ce2,252,2026-03-26 18:09:32,0,1.0,0.9436333333333332,1,Positive,0.4947333333333333,30.0,v1.1,English,Payment Reminder,1,0.0,0,Low,0.0,2.0,0.0,1.0,Premium,26-35,Personal Loan
1169,0bc394bb-0012-4a7e-833c-e5b40c929322,1716,2026-03-26 18:34:54,1,7.0,0.3159666666666667,1,Negative,-0.6107666666666667,46.0,v1.0,Telugu,Loan Collections,1,65.0,61-90,High,58035.67,0.0,0.0,0.0,Mass,36-45,Auto Loan
2621,079696b0-6375-48b0-9c1b-3ba2899302ff,694,2026-03-26 18:40:20,1,14.0,0.6104666666666666,1,Neutral,0.12563333333333335,29.0,v2.0,English,Loan Collections,2,80.0,61-90,High,49715.48,2.0,0.0,0.0,Mass,36-45,Personal Loan
8542,573cea23-61e6-4feb-aab4-5121833e54f4,1936,2026-03-26 18:56:49,1,15.0,0.6382,1,Neutral,0.09226666666666666,29.0,v1.0,Hindi,Insurance Renewal,4,0.0,0,Low,0.0,6.0,2.0,4.0,Premium,18-25,Personal Loan
5410,48fd3fed-ae2e-4a34-9f93-5a5807ee1aeb,1078,2026-03-26 19:00:39,0,9.0,0.7206666666666667,0,Neutral,0.24230000000000004,51.0,v1.1,English,Insurance Renewal,1,81.0,61-90,High,35648.72,0.0,0.0,0.0,Mass,18-25,Credit Card
1197,d8c856ae-c912-41e1-a5c2-a803f92af669,1518,2026-03-26 19:32:28,0,6.0,0.7869999999999999,1,Positive,0.23446666666666668,34.0,v2.0,English,Customer Support,1,0.0,0,Low,0.0,0.0,0.0,0.0,Mass,46-55,Credit Card
5898,2fcc69c7-7f26-4e86-a2ce-69c7ef118ecb,683,2026-03-27 09:02:23,1,8.0,0.34925,2,Negative,-0.1892,29.0,v1.0,English,Customer Support,1,90.0,61-90,High,72045.53,5.0,2.0,9.0,Mass,26-35,Personal Loan
3871,cba602b5-8ce4-40c4-a021-8ced88b4eb44,1614,2026-03-27 09:43:03,1,10.0,0.26153333333333334,2,Negative,-0.4870333333333334,31.0,v1.0,Telugu,Loan Application,1,58.0,31-60,Medium,67636.8,2.0,0.0,0.0,Mass,36-45,Personal Loan
3503,71ea7f34-1181-4ab0-b82f-2c25609f8c08,689,2026-03-27 11:40:30,1,3.0,0.312,0,Negative,-0.4621333333333333,28.0,v1.0,Telugu,Loan Collections,1,38.0,31-60,Medium,67637.64,1.0,1.0,3.0,Mass,26-35,Credit Card
9803,55c6368e-1423-446f-b6b7-b84b1f7d56ba,1091,2026-03-27 12:04:51,1,10.0,0.7485333333333334,1,Positive,0.22973333333333334,38.0,v1.0,Telugu,Customer Support,1,3.0,1-30,Low,89831.07,1.0,0.0,1.0,Mass,26-35,Personal Loan
3864,16250005-79c8-43e0-828c-5544c3ce0dcc,52,2026-03-27 12:13:18,1,1.0,0.8850666666666666,1,Positive,0.5695,32.0,v1.1,English,Loan Collections,1,3.0,1-30,Low,100234.93,3.0,0.0,1.0,Mass,36-45,
6376,3a5944bc-21fc-48bd-9ba4-d31cfff27a35,1680,2026-03-27 12:32:15,1,7.0,0.34833333333333333,2,Neutral,-0.15956666666666666,39.0,v1.0,Hindi,Payment Reminder,1,0.0,0,Low,0.0,1.0,0.0,0.0,Premium,26-35,Credit Card
690,86c06302-f4be-4c75-bdaf-e7486708f5a5,212,2026-03-27 12:58:14,1,1.0,0.3547666666666667,1,Negative,-0.2179333333333333,41.0,v1.0,English,Lead Qualification,1,100.0,90+,High,57533.13,3.0,0.0,2.0,Mass,65+,Home Loan
8181,d3a46012-188d-4a05-aa07-919918dc4484,1998,2026-03-27 13:50:59,0,16.0,0.7763,1,Positive,0.4805,40.0,v1.0,Hindi,Loan Collections,2,0.0,0,Low,0.0,3.0,1.0,2.0,Premium,36-45,Credit Card
6171,f75dff5a-f0a4-4002-b312-dc1f112aa626,1268,2026-03-27 14:06:18,1,10.0,0.9172666666666668,2,Positive,0.5793333333333334,33.0,v1.1,English,Customer Support,2,0.0,0,Low,0.0,4.0,0.0,1.0,High Value,18-25,Personal Loan
4572,1a8f9e26-e193-4d1f-9466-2107704aa2f4,464,2026-03-27 14:27:42,0,8.0,0.7436666666666666,0,Neutral,-0.07973333333333334,23.0,v1.0,Tamil,Loan Collections,1,0.0,0,Low,0.0,1.0,0.0,1.0,Mass,36-45,Personal Loan
3044,7aea35a3-c1f0-46e3-914f-ad28d9c1c432,1960,2026-03-27 14:35:12,0,13.0,0.8988,1,Positive,0.637,36.0,v2.0,English,Lead Qualification,1,5.0,1-30,Low,43806.3,1.0,1.0,2.0,Mass,18-25,Home Loan
4921,aa981826-a72e-4969-9876-7563eafa4e35,1056,2026-03-27 14:59:07,0,14.0,0.6669333333333333,2,Positive,0.24776666666666666,26.0,v1.1,English,Payment Reminder,1,0.0,0,Low,0.0,2.0,0.0,1.0,Premium,65+,Auto Loan
4744,f84229de-8b0a-486d-9d95-bb479964391b,1321,2026-03-27 16:13:43,0,4.0,0.6010666666666666,1,Neutral,0.04596666666666666,38.0,v1.0,Hindi,Insurance Renewal,1,0.0,0,Low,0.0,2.0,1.0,2.0,Premium,18-25,Home Loan
5922,f4d90f29-ce5b-4fa5-8cf0-b3e0748c944f,1429,2026-03-27 16:48:42,1,9.0,0.7935333333333333,1,Neutral,0.1788,37.0,v1.0,Telugu,Customer Support,1,0.0,0,Low,0.0,1.0,1.0,3.0,Premium,26-35,Auto Loan
35,e58a17aa-d67e-460f-b9de-18075f56dfd8,10,2026-03-27 17:05:23,0,7.0,0.7893666666666667,1,Neutral,0.45996666666666663,30.0,v1.0,English,Loan Collections,1,0.0,0,Low,0.0,0.0,0.0,0.0,Premium,26-35,Credit Card
679,0c3d70fc-bd10-46da-bf6e-5997158b5953,1943,2026-03-27 18:08:12,0,12.0,0.6286333333333333,1,Neutral,0.2587333333333333,40.0,v1.0,Telugu,Loan Application,1,4.0,1-30,Low,23076.4,0.0,0.0,0.0,Mass,56-65,Personal Loan
2619,7a98510a-2ebd-42b3-8066-24dc8882f2c5,236,2026-03-27 18:35:31,0,7.0,0.7783333333333333,1,Neutral,0.35496666666666665,30.0,v1.0,Tamil,Customer Support,1,0.0,0,Low,0.0,1.0,0.0,0.0,Mass,46-55,Personal Loan
3218,bdcb2cfe-7737-48ad-9f84-360d14400f94,665,2026-03-27 18:52:48,0,15.0,0.5025,0,Neutral,-0.013933333333333334,36.0,v1.0,Telugu,Loan Collections,1,0.0,0,Low,0.0,0.0,0.0,0.0,Premium,56-65,Personal Loan
7938,c0483b22-afa0-4796-9a1d-ab43ac79699e,970,2026-03-27 19:16:12,1,,0.5466666666666667,3,Neutral,0.1468,24.0,v1.0,Telugu,Loan Collections,1,55.0,31-60,Medium,61382.7,0.0,0.0,0.0,Premium,26-35,Personal Loan
2965,bdd0e815-a409-448e-9b31-4d6d67058518,542,2026-03-28 08:02:11,0,11.0,0.7246333333333332,2,Neutral,0.4288,30.0,v1.0,English,Payment Reminder,1,0.0,0,Low,0.0,2.0,0.0,0.0,Mass,36-45,Personal Loan
7196,0425e463-448b-437f-9a29-df5f4dbf198f,1411,2026-03-28 08:32:02,1,12.0,0.2227,2,Negative,-0.26676666666666665,32.0,v1.0,English,Customer Support,2,54.0,31-60,Medium,60586.34,5.0,1.0,3.0,Wealth,18-25,Personal Loan
3495,eab2b478-437c-49f0-a886-f8792c2490ab,1581,2026-03-28 08:38:08,0,4.0,0.7488666666666667,0,Neutral,-0.0020333333333333314,43.0,v1.1,English,Loan Collections,2,0.0,0,Low,0.0,6.0,1.0,6.0,Premium,18-25,Credit Card
7170,d8cf2422-66c3-43d6-aff3-f82b126029cc,265,2026-03-28 09:48:29,0,10.0,0.8167333333333334,1,Positive,0.5172666666666667,47.0,v1.0,Tamil,Insurance Renewal,1,0.0,0,Low,0.0,1.0,0.0,0.0,Mass,18-25,
4160,04895a83-2be6-4f8f-9907-6a045eabd112,351,2026-03-28 09:54:46,0,10.0,0.9129999999999999,1,Positive,0.5882666666666667,33.0,v2.0,English,Loan Collections,1,11.0,1-30,Low,76067.81,0.0,0.0,0.0,Premium,26-35,Home Loan
4606,27abb0e6-23a6-4149-9871-1f2fc4e2192e,1158,2026-03-28 11:10:49,1,9.0,0.39083333333333337,2,Negative,-0.1973,33.0,v1.0,English,Loan Application,1,119.0,90+,High,24419.04,4.0,1.0,2.0,Premium,56-65,Credit Card
3046,011349a8-1e24-4fdb-b7c2-b672043e1a29,646,2026-03-28 11:30:20,0,15.0,0.7433,0,Positive,0.3071333333333333,28.0,v1.0,English,Customer Support,1,0.0,0,Low,0.0,2.0,1.0,2.0,Premium,26-35,Home Loan
1313,d0a22556-31ea-4a1a-8494-28b96ebdad00,35,2026-03-28 11:47:24,0,9.0,0.7995333333333333,0,Neutral,0.2749333333333333,34.0,v1.1,English,Insurance Renewal,1,37.0,31-60,Medium,44220.53,1.0,0.0,0.0,Mass,18-25,
6957,5e25ecc5-1fc5-419e-9c7a-02ef6516b980,1675,2026-03-28 12:23:55,1,2.0,0.6927,2,Positive,0.028299999999999992,35.0,v1.0,Tamil,Loan Application,1,0.0,0,Low,0.0,1.0,0.0,0.0,Mass,36-45,Personal Loan
7440,aaaaec71-062b-4037-b258-37a0a58539a7,851,2026-03-28 12:28:52,1,,0.7822666666666667,3,Neutral,0.4232,34.0,v1.0,Hindi,Lead Qualification,1,0.0,0,Low,0.0,3.0,1.0,4.0,Mass,36-45,Personal Loan
9109,dbf29df8-c8ef-4d0a-b118-42d8a8629862,294,2026-03-28 12:29:29,0,10.0,0.7898666666666667,0,Neutral,0.2208,32.0,v1.0,Telugu,Payment Reminder,1,0.0,0,Low,0.0,5.0,1.0,2.0,Premium,36-45,Personal Loan
5530,caa6a842-b89a-4d25-b1ab-de5bb3d70871,1946,2026-03-28 12:44:08,0,5.0,0.8543666666666666,1,Positive,0.3637666666666666,32.0,v1.0,Telugu,Payment Reminder,1,0.0,0,Low,0.0,0.0,0.0,0.0,Mass,36-45,Personal Loan
2627,6c1486d3-4972-43fa-8707-1b9cd4ce2a1f,401,2026-03-28 13:44:34,0,12.0,0.8669666666666668,0,Neutral,-0.015833333333333338,47.0,v1.1,English,Loan Collections,2,0.0,0,Low,0.0,2.0,0.0,0.0,Premium,18-25,Personal Loan
297,0248286e-daf4-4a9b-b196-04066c9a9351,943,2026-03-28 14:09:13,0,1.0,0.7601333333333334,1,Positive,0.3828666666666667,28.0,v1.0,English,Loan Application,1,0.0,0,Low,0.0,2.0,1.0,2.0,Mass,36-45,Credit Card
1884,643759e2-1007-4718-893f-02c8a725760b,1452,2026-03-28 14:51:54,0,8.0,0.5799333333333333,1,Neutral,0.06836666666666667,33.0,v1.0,Telugu,Loan Application,1,47.0,31-60,Medium,43850.22,3.0,0.0,1.0,Premium,46-55,Credit Card
465,f7c8f574-b9df-4c79-9362-0867e63f08b2,49,2026-03-28 15:49:50,1,1.0,0.5263666666666666,2,Neutral,-0.15923333333333334,41.0,v1.0,Telugu,Payment Reminder,1,113.0,90+,High,36063.88,1.0,0.0,0.0,Mass,36-45,
2833,05954940-90e1-461f-8127-29ecb27e48aa,1866,2026-03-28 17:38:28,1,15.0,0.4063666666666667,2,Neutral,-0.05236666666666667,31.0,v1.0,Hindi,Customer Support,1,99.0,90+,High,84747.94,4.0,0.0,0.0,Mass,46-55,
8456,ebf2b2da-0e07-41ad-9631-ce778f9a1e5c,1894,2026-03-28 17:42:32,0,4.0,0.7916666666666666,0,Neutral,0.29596666666666666,38.0,v1.0,Hindi,Payment Reminder,2,30.0,1-30,Low,93438.72,4.0,1.0,6.0,Premium,46-55,Personal Loan
3186,9c795f72-068a-4fdb-9557-67ac5b9ec40f,1441,2026-03-28 18:07:36,1,1.0,0.4453333333333333,2,Neutral,-0.18576666666666666,30.0,v1.0,Tamil,Loan Application,1,26.0,1-30,Low,20987.59,3.0,2.0,4.0,High Value,36-45,Credit Card
5998,b3cbf061-e4d6-4734-9dda-9705cc3ae0bf,664,2026-03-28 18:31:48,1,,0.13293333333333332,3,Negative,-0.7519,37.0,v1.0,Telugu,Loan Application,2,105.0,90+,High,34209.78,3.0,0.0,1.0,Premium,26-35,Credit Card
4426,9b77f4a0-ab02-4d92-a790-da1f3bdb1d23,1883,2026-03-28 18:36:04,1,4.0,0.5480333333333334,1,Neutral,0.06160000000000001,36.0,v1.0,English,Loan Collections,1,0.0,0,Low,0.0,1.0,0.0,0.0,Premium,36-45,Credit Card
6001,7e6cea4e-439a-47ee-b284-39c4d7855954,1209,2026-03-28 19:39:31,1,18.0,0.5233333333333333,0,Negative,-0.1275666666666667,33.0,v1.1,English,Customer Support,2,57.0,31-60,Medium,58813.97,2.0,0.0,1.0,High Value,46-55,Credit Card
5638,dd564736-d4f4-492f-bd7b-a534bdda8a3d,100,2026-03-28 19:54:50,1,18.0,0.32149999999999995,2,Negative,-0.6365333333333333,40.0,v1.0,Tamil,Loan Collections,1,93.0,90+,High,63318.04,1.0,0.0,0.0,Premium,36-45,Credit Card
9334,2e88e43f-f0da-49cd-bd72-76a3db0e6b01,1349,2026-03-29 09:21:47,0,4.0,0.5495333333333333,0,Neutral,0.18893333333333331,41.0,v1.0,Telugu,Insurance Renewal,1,0.0,0,Low,0.0,4.0,2.0,5.0,High Value,46-55,Credit Card
4892,e6b19836-2575-4cec-8b15-63cbd31970de,597,2026-03-29 09:23:48,1,12.0,0.4001666666666667,2,Neutral,-0.14383333333333334,32.0,v1.0,English,Loan Collections,1,33.0,31-60,Medium,43178.46,1.0,0.0,0.0,Mass,36-45,Personal Loan
5269,facdb715-215f-4afd-85e0-15bc086fe901,29,2026-03-29 09:33:25,0,11.0,0.9042666666666667,0,Positive,0.6510666666666666,33.0,v2.0,English,Lead Qualification,1,0.0,0,Low,0.0,5.0,1.0,8.0,Mass,26-35,Personal Loan
7326,74887f13-a8b1-49b5-a7b8-e890c907959f,983,2026-03-29 09:39:48,0,5.0,0.8199666666666667,1,Positive,0.5630333333333334,25.0,v1.0,Telugu,Customer Support,2,0.0,0,Low,0.0,2.0,0.0,1.0,High Value,46-55,Personal Loan
2406,4c8f84c3-9082-4734-a0bd-9d0fc5a3554a,471,2026-03-29 09:42:57,1,5.0,0.3127666666666667,2,Neutral,-0.34980000000000006,41.0,v1.0,Telugu,Loan Collections,1,0.0,0,Low,0.0,1.0,0.0,0.0,Mass,46-55,
5879,b8ad487b-e474-4535-a370-3e4cb8e3340a,1877,2026-03-29 10:28:19,0,10.0,0.8134333333333333,0,Positive,0.3401666666666667,27.0,v1.0,Hindi,Loan Collections,1,0.0,0,Low,0.0,0.0,0.0,0.0,Wealth,56-65,Personal Loan
5354,869fa6b0-985f-45d3-b2da-70752332fbd3,468,2026-03-29 12:52:15,1,,0.23473333333333332,3,Negative,-0.5109666666666667,33.0,v1.0,English,Insurance Renewal,1,86.0,61-90,High,26874.43,1.0,0.0,0.0,High Value,56-65,Personal Loan
6357,28b58cbe-4919-4999-bf4e-1e830659007c,766,2026-03-29 14:13:42,1,8.0,0.5700333333333333,2,Neutral,0.03646666666666667,36.0,v1.0,Tamil,Loan Collections,1,36.0,31-60,Medium,55771.72,2.0,2.0,5.0,High Value,36-45,Personal Loan
9937,7e7a5b1f-fb9f-4197-b772-40fdf87a127b,776,2026-03-29 15:02:40,0,13.0,0.7065666666666667,0,Neutral,0.03086666666666667,41.0,v1.0,English,Insurance Renewal,1,0.0,0,Low,0.0,1.0,0.0,0.0,High Value,18-25,Personal Loan
492,1e622902-5c1d-4ca5-9099-05ebc0defab3,23,2026-03-29 16:17:17,1,9.0,0.40219999999999995,2,Neutral,0.0595,44.0,v1.0,English,Lead Qualification,2,0.0,0,Low,0.0,4.0,1.0,2.0,Mass,36-45,Auto Loan
407,eda58ff1-228a-4adc-833a-e2eff1c61b47,1004,2026-03-29 16:27:17,1,,0.8172,3,Neutral,0.29453333333333337,34.0,v2.0,English,Loan Collections,1,0.0,0,Low,0.0,2.0,1.0,2.0,High Value,36-45,Auto Loan
6716,a5825408-0018-4a1b-8704-2c218b49f772,609,2026-03-29 16:52:06,1,13.0,0.6110666666666666,1,Neutral,0.02233333333333333,34.0,v1.1,English,Loan Application,1,116.0,90+,High,40425.85,4.0,1.0,2.0,Mass,56-65,Home Loan
3195,dbdd900e-51a5-413f-82fc-775497aa39bc,151,2026-03-29 17:03:57,1,5.0,0.6226666666666666,2,Neutral,0.10543333333333334,28.0,v1.0,English,Loan Collections,1,82.0,61-90,High,46125.63,3.0,1.0,6.0,Mass,26-35,Home Loan
7512,81f6d20a-69e4-40c8-976b-b5b4484350aa,266,2026-03-29 17:47:57,0,14.0,0.6448,0,Neutral,0.014299999999999998,43.0,v1.0,Hindi,Loan Collections,1,0.0,0,Low,0.0,1.0,0.0,0.0,Mass,36-45,Credit Card
3141,378d3332-602c-4230-9bc1-e351e4dbdc9b,1006,2026-03-29 18:49:10,0,7.0,0.9475666666666666,0,Positive,0.6320666666666667,34.0,v2.0,English,Lead Qualification,1,20.0,1-30,Low,63176.4,0.0,0.0,0.0,Premium,18-25,Personal Loan
4810,2c87171e-5aac-41bd-84d8-77b807fb8ee2,230,2026-03-29 18:55:29,0,19.0,0.6677333333333334,0,Positive,0.18989999999999999,25.0,v1.0,Hindi,Payment Reminder,2,0.0,0,Low,0.0,2.0,1.0,3.0,High Value,18-25,Personal Loan
4885,9ed71a54-a309-44bd-96a2-a281947118cb,1485,2026-03-29 19:05:22,0,7.0,0.8278333333333334,0,Positive,0.3206333333333333,43.0,v1.0,Hindi,Payment Reminder,1,0.0,0,Low,0.0,0.0,0.0,0.0,Mass,56-65,Credit Card
1415,4484c45f-4ddd-4e96-a54f-30f46745d721,1715,2026-03-29 19:46:53,0,9.0,0.7179333333333333,1,Neutral,0.03553333333333333,23.0,v1.0,Tamil,Payment Reminder,1,20.0,1-30,Low,36782.45,3.0,0.0,0.0,Mass,36-45,Personal Loan
4737,278796a3-6333-4f93-802d-145c56c315fe,1561,2026-03-30 08:14:07,0,19.0,0.7742333333333334,2,Positive,0.3046,45.0,v1.0,Tamil,Loan Collections,1,0.0,0,Low,0.0,1.0,0.0,2.0,Mass,26-35,Personal Loan
2947,14d13a66-1d48-4dff-a51b-ab681b302a8d,1151,2026-03-30 10:47:38,1,1.0,0.3656,0,Negative,-0.48160000000000003,21.0,v1.0,English,Payment Reminder,1,91.0,90+,High,51457.87,1.0,1.0,3.0,Mass,36-45,Personal Loan
5765,019a7a53-7ca2-44dc-a5cc-38a3b15329c4,1101,2026-03-30 11:59:18,1,17.0,0.5476333333333333,1,Neutral,-0.036533333333333334,33.0,v1.1,English,Payment Reminder,1,0.0,0,Low,0.0,2.0,1.0,3.0,Mass,18-25,Credit Card
5707,c5ac4628-3f64-4e9d-b8dc-71c608e5e66d,1516,2026-03-30 12:11:35,0,7.0,0.9472666666666667,0,Positive,0.6483,26.0,v2.0,English,Customer Support,3,0.0,0,Low,0.0,3.0,0.0,2.0,Premium,18-25,Personal Loan
8872,a3aa1522-b38f-440f-853b-581e10f8f53a,1855,2026-03-30 12:12:18,1,,0.19140000000000001,3,Negative,-0.4908666666666666,46.0,v1.0,Hindi,Insurance Renewal,2,89.0,61-90,High,30225.2,5.0,2.0,7.0,Mass,36-45,Personal Loan
7623,9fef3a75-ce54-4a50-88ee-c0eeda0dd4cc,454,2026-03-30 12:20:16,0,19.0,0.8264333333333335,0,Neutral,0.24739999999999998,25.0,v1.0,Telugu,Lead Qualification,1,12.0,1-30,Low,62533.97,1.0,1.0,3.0,Mass,18-25,Personal Loan
3394,a269fb04-b36b-469d-ac76-e217aa609007,1637,2026-03-30 14:25:38,0,9.0,0.7480666666666668,1,Neutral,-0.0323,43.0,v1.0,Telugu,Insurance Renewal,1,10.0,1-30,Low,12266.23,2.0,0.0,0.0,Mass,46-55,Home Loan
8618,d5cf1b7a-6bda-4ba4-8914-f238704f2b04,1056,2026-03-30 15:09:58,1,,0.6406000000000001,3,Neutral,0.1646,37.0,v1.0,Telugu,Payment Reminder,2,0.0,0,Low,0.0,3.0,0.0,3.0,Premium,65+,Auto Loan
553,83a944a4-fbfa-437e-b629-987b6978eab9,270,2026-03-30 16:08:25,0,1.0,0.7867000000000001,1,Neutral,0.35509999999999997,35.0,v1.0,Telugu,Insurance Renewal,1,0.0,0,Low,0.0,2.0,0.0,1.0,Mass,18-25,
9646,bd887fe5-212e-440f-aa5f-d57c36de925a,1812,2026-03-30 16:24:30,1,4.0,0.6092666666666666,2,Neutral,0.12589999999999998,45.0,v2.0,English,Loan Application,1,109.0,90+,High,51159.81,3.0,0.0,1.0,Mass,46-55,
4052,84fd4036-0d41-4085-903f-c115a01cedc3,1142,2026-03-30 16:37:51,0,11.0,0.8432,0,Neutral,0.334,45.0,v1.1,English,Loan Collections,1,49.0,31-60,Medium,51647.32,3.0,0.0,0.0,Mass,46-55,Credit Card
1024,f01ba2bd-8fe5-4a42-8f34-83e5c4936c73,45,2026-03-30 16:39:23,0,2.0,0.8598333333333333,0,Positive,0.4122333333333333,30.0,v1.0,Hindi,Payment Reminder,1,0.0,0,Low,0.0,2.0,0.0,0.0,Wealth,56-65,Credit Card
6168,096eb838-7ac4-427c-9691-c999fc919b80,676,2026-03-30 16:51:54,0,1.0,0.7613666666666666,1,Neutral,0.3545,22.0,v1.0,Telugu,Payment Reminder,1,0.0,0,Low,0.0,2.0,0.0,3.0,Mass,36-45,
5241,bd1a7ba7-0026-4ba3-b915-d47043296b9a,1806,2026-03-30 17:21:14,1,17.0,0.6063999999999999,1,Neutral,-0.006066666666666665,30.0,v1.0,Hindi,Loan Application,1,1.0,1-30,Low,51868.32,1.0,0.0,0.0,Mass,26-35,Personal Loan
9819,19699dfa-3d32-4a05-8026-1c7f42deb68c,1496,2026-03-30 18:21:42,1,18.0,0.9124666666666666,1,Positive,0.5350666666666667,51.0,v2.0,English,Insurance Renewal,1,0.0,0,Low,0.0,4.0,0.0,0.0,Mass,18-25,Credit Card
2520,c07c5f5b-4af2-40a4-8769-7a16044a2f14,847,2026-03-30 18:40:28,1,6.0,0.44383333333333336,2,Negative,-0.4058333333333333,24.0,v1.0,Tamil,Insurance Renewal,2,45.0,31-60,Medium,62867.0,3.0,1.0,4.0,Mass,46-55,
3268,2e4f4f88-a610-4c56-a24a-fda98058e694,1871,2026-03-31 08:24:08,0,11.0,0.7839333333333333,0,Neutral,0.18166666666666667,46.0,v1.1,English,Loan Application,1,67.0,61-90,High,67063.84,2.0,1.0,3.0,High Value,26-35,Credit Card
3261,699a7fab-8975-4386-84af-be340bd3bc28,1722,2026-03-31 08:24:57,1,,0.7373333333333333,3,Neutral,-0.1102,43.0,v1.0,Tamil,Loan Collections,3,0.0,0,Low,0.0,3.0,1.0,3.0,Mass,18-25,Credit Card
2296,d9c282c5-a7f5-47b5-ac45-93e73e2420e7,381,2026-03-31 10:28:05,1,4.0,0.3753666666666667,2,Neutral,-0.18153333333333332,26.0,v1.0,Tamil,Loan Collections,2,52.0,31-60,Medium,91796.71,3.0,1.0,3.0,Mass,36-45,Credit Card
5032,2da0fd4f-51d1-46e5-a0c7-0de62e92cfe6,1130,2026-03-31 10:36:22,0,4.0,0.8250666666666667,0,Neutral,0.2666,23.0,v1.1,English,Customer Support,1,0.0,0,Low,0.0,1.0,1.0,4.0,Premium,26-35,Auto Loan
4832,3b4c58d6-2f6c-4536-94b3-c21427f5f218,1639,2026-03-31 10:52:53,1,18.0,0.6177666666666667,1,Positive,0.12819999999999998,27.0,v1.0,English,Loan Collections,1,9.0,1-30,Low,51257.24,2.0,2.0,6.0,High Value,36-45,Personal Loan
8272,43444098-e004-4c70-8556-6bf622cc5c6b,1103,2026-03-31 10:58:20,1,16.0,0.36319999999999997,0,Negative,-0.3861333333333334,42.0,v1.0,English,Lead Qualification,1,112.0,90+,High,34454.18,1.0,0.0,1.0,Mass,26-35,Personal Loan
6014,52e651a9-19e6-470f-9773-d9700b698478,1922,2026-03-31 11:20:52,1,,0.5576333333333333,3,Neutral,-0.11326666666666667,31.0,v1.0,English,Payment Reminder,1,0.0,0,Low,0.0,6.0,1.0,3.0,Premium,18-25,Home Loan
7024,21aea8fd-ddae-4132-a648-38804f7c1c3e,1510,2026-03-31 11:44:12,1,4.0,0.5788666666666668,1,Neutral,-0.16766666666666666,20.0,v1.0,Tamil,Loan Collections,2,0.0,0,Low,0.0,5.0,1.0,4.0,Mass,36-45,Credit Card
6562,e90bf9a7-4326-42ec-93e0-9991b0e45107,192,2026-03-31 11:48:23,0,10.0,0.9391666666666666,1,Positive,0.6881333333333334,44.0,v1.1,English,Payment Reminder,1,0.0,0,Low,0.0,1.0,0.0,0.0,Mass,26-35,Personal Loan
2748,6065fae0-fedc-406e-8c1e-1dea030b8593,811,2026-03-31 13:47:37,1,9.0,0.5766999999999999,2,Neutral,-0.1161,39.0,v1.1,English,Lead Qualification,1,110.0,90+,High,28223.87,2.0,0.0,0.0,Mass,26-35,Credit Card
918,cb5208ae-16b6-43e4-8967-ce815e87d1df,1564,2026-03-31 13:50:48,1,13.0,0.6083,2,Neutral,-0.2586333333333333,32.0,v1.0,Hindi,Payment Reminder,2,71.0,61-90,High,42148.02,3.0,1.0,3.0,Premium,36-45,Personal Loan
9894,14ea9f25-5f19-4ed5-8c70-58c1e83295da,164,2026-03-31 14:39:21,0,5.0,0.9559000000000001,0,Positive,0.7483333333333334,38.0,v2.0,English,Payment Reminder,1,0.0,0,Low,0.0,3.0,1.0,2.0,Premium,36-45,Personal Loan
4124,566daee6-97c4-4392-9ebe-bc7d01e3f7de,414,2026-03-31 14:55:11,0,5.0,0.8432,1,Neutral,0.18083333333333332,35.0,v1.0,Telugu,Lead Qualification,1,0.0,0,Low,0.0,2.0,0.0,0.0,Premium,26-35,Personal Loan
9602,10edb5d2-e75d-4247-b00e-5bf92868fb80,1057,2026-03-31 14:59:54,1,17.0,0.4001666666666666,2,Neutral,-0.24100000000000002,40.0,v1.0,Telugu,Loan Application,1,0.0,0,Low,0.0,1.0,0.0,1.0,Premium,26-35,Personal Loan
3970,44529c1f-82cd-4078-8d4d-17cdbdf5b252,430,2026-03-31 17:05:39,1,2.0,0.7969666666666667,2,Neutral,0.29396666666666665,75.0,v1.1,English,Loan Collections,2,0.0,0,Low,0.0,5.0,1.0,6.0,Mass,46-55,Personal Loan
9639,c4319d87-b578-4f06-a77b-08c7bfce3b35,112,2026-03-31 17:10:51,0,12.0,0.7707666666666667,1,Neutral,0.08836666666666666,33.0,v1.0,Hindi,Insurance Renewal,2,0.0,0,Low,0.0,3.0,1.0,3.0,Mass,46-55,Personal Loan
9580,9247e00f-5b15-4ecb-b848-92feaca44b47,986,2026-03-31 17:19:52,0,2.0,0.7675000000000001,0,Positive,0.35109999999999997,35.0,v1.1,English,Loan Collections,1,0.0,0,Low,0.0,2.0,0.0,0.0,Mass,56-65,Auto Loan
5408,6c0c00d9-2a85-4f19-865f-bfa974ec597e,995,2026-03-31 18:01:25,0,16.0,0.8986333333333333,1,Neutral,0.36696666666666666,26.0,v2.0,English,Loan Collections,1,83.0,61-90,High,22999.91,2.0,0.0,1.0,Premium,46-55,Personal Loan
2807,a0739b63-7509-4da1-84b4-697c98a8e293,869,2026-03-31 18:18:18,0,19.0,0.8973666666666666,1,Positive,0.22023333333333336,23.0,v1.1,English,Insurance Renewal,1,0.0,0,Low,0.0,5.0,0.0,0.0,Mass,18-25,Credit Card
2395,0178e2da-c23e-4b99-a28d-88b52f10ed52,1359,2026-03-31 18:21:38,0,13.0,0.6056,0,Neutral,0.05853333333333333,41.0,v1.0,Hindi,Insurance Renewal,1,0.0,0,Low,0.0,0.0,0.0,0.0,Mass,36-45,Credit Card
824,10512680-4fb5-42da-afe4-35b399322798,110,2026-03-31 18:36:08,0,11.0,0.6311666666666667,1,Neutral,-0.08216666666666667,25.0,v1.0,Hindi,Loan Collections,1,37.0,31-60,Medium,34472.58,1.0,0.0,0.0,Mass,26-35,Personal Loan
8338,f253cfb3-4f28-4803-8c59-7e02e6daa64a,1645,2026-03-31 19:36:45,0,8.0,0.7454000000000001,0,Neutral,-0.033033333333333324,32.0,v1.0,Telugu,Payment Reminder,1,0.0,0,Low,0.0,0.0,0.0,0.0,Mass,46-55,Personal Loan
9597,c483deb2-10a9-4fe7-ab3e-f45712121961,1107,2026-04-01 09:02:33,0,9.0,0.9136333333333333,0,Positive,0.5196999999999999,44.0,v2.0,English,Lead Qualification,1,0.0,0,Low,0.0,1.0,0.0,1.0,High Value,36-45,Personal Loan
9173,32288559-84c9-401c-8771-d0f380faecb7,364,2026-04-01 09:25:41,1,4.0,0.638,1,Negative,-0.3314333333333333,35.0,v1.0,Tamil,Lead Qualification,2,0.0,0,Low,0.0,3.0,0.0,0.0,Premium,56-65,Personal Loan
5860,7fc11cfe-4c28-4297-9bed-c137453dd8b9,152,2026-04-01 10:31:26,1,3.0,0.2852666666666667,1,Negative,-0.3344666666666667,34.0,v1.0,Tamil,Loan Application,1,116.0,90+,High,67257.31,1.0,0.0,0.0,Mass,46-55,Credit Card
8234,5b1a9d0e-1079-45f3-b379-40ab4d958753,1401,2026-04-01 12:00:19,0,5.0,0.7797333333333333,1,Positive,0.1435,42.0,v1.0,English,Payment Reminder,1,0.0,0,Low,0.0,1.0,0.0,0.0,Mass,18-25,Credit Card
9306,7bb0c0cf-0a95-4afb-aa22-7b553d259b45,1932,2026-04-01 12:20:43,0,2.0,0.7727,0,Neutral,0.21563333333333334,35.0,v1.0,Hindi,Payment Reminder,2,0.0,0,Low,0.0,4.0,1.0,2.0,Mass,26-35,Credit Card
6372,b30b435a-f14f-49c8-9b38-cefb8ed7ca99,1968,2026-04-01 12:29:13,1,4.0,0.48966666666666664,1,Neutral,0.2799,28.0,v1.0,Hindi,Loan Application,1,0.0,0,Low,0.0,3.0,1.0,3.0,Premium,18-25,
146,b842e1a3-ae02-4200-aba7-6e1ba624f528,1082,2026-04-01 14:01:52,0,18.0,0.7940999999999999,0,Neutral,0.39949999999999997,27.0,v1.1,English,Payment Reminder,1,0.0,0,Low,0.0,8.0,2.0,8.0,Mass,36-45,Personal Loan
8020,76c8a31a-b29b-4862-b259-b949c77821d3,807,2026-04-01 14:12:38,1,15.0,0.3940333333333333,2,Negative,-0.42766666666666664,32.0,v1.0,Telugu,Insurance Renewal,2,0.0,0,Low,0.0,4.0,2.0,5.0,Mass,18-25,Personal Loan
2841,73c7153d-15c7-40b1-b92b-71d56d64eabb,1732,2026-04-01 16:00:57,0,1.0,0.7126666666666667,1,Positive,0.4221,35.0,v1.0,Telugu,Loan Collections,1,0.0,0,Low,0.0,1.0,0.0,0.0,Mass,18-25,Personal Loan
9478,ce964527-1c11-429d-8ffd-1f2b2d2201d2,367,2026-04-01 16:11:38,1,14.0,0.6436000000000001,2,Neutral,0.09926666666666667,43.0,v1.0,Hindi,Payment Reminder,3,0.0,0,Low,0.0,3.0,2.0,7.0,Premium,46-55,
3538,95ec6b31-f2ca-40eb-895e-4311255ad38b,1886,2026-04-01 16:13:50,1,16.0,0.5838666666666666,1,Neutral,-0.05313333333333334,37.0,v1.1,English,Payment Reminder,1,110.0,90+,High,52058.31,4.0,2.0,7.0,High Value,18-25,Auto Loan
2847,83bd38e6-7641-42bc-9c6d-e85fe0ae95c6,1034,2026-04-01 18:24:24,1,14.0,0.44270000000000004,1,Neutral,-0.060466666666666676,42.0,v1.0,Tamil,Insurance Renewal,2,0.0,0,Low,0.0,3.0,1.0,2.0,Mass,36-45,Personal Loan
6224,e229ca11-d413-4321-aad2-c3f31f5c4bef,362,2026-04-01 18:35:06,1,2.0,0.8294,1,Positive,0.16879999999999998,36.0,v1.1,English,Loan Collections,1,16.0,1-30,Low,59362.35,4.0,3.0,6.0,Premium,26-35,Credit Card
4567,629296d6-8761-42a9-9676-73fea415c10b,837,2026-04-01 19:24:58,1,13.0,0.7231666666666667,1,Neutral,0.031233333333333325,35.0,v1.0,English,Insurance Renewal,1,0.0,0,Low,0.0,1.0,0.0,0.0,Mass,36-45,Personal Loan
1478,ef768279-07b0-43a0-839c-176ad73cb1c3,473,2026-04-02 08:00:59,1,,0.5130333333333333,3,Neutral,-0.06253333333333334,36.0,v1.0,Tamil,Loan Collections,1,0.0,0,Low,0.0,4.0,2.0,4.0,Mass,26-35,Credit Card
6348,7c59db30-d79c-4d30-847f-3d1c0fcd436e,1030,2026-04-02 10:13:00,0,11.0,0.8934000000000001,0,Positive,0.5165333333333333,38.0,v1.1,English,Loan Collections,1,0.0,0,Low,0.0,3.0,0.0,1.0,Mass,18-25,Personal Loan
302,2fa3c5e8-0b54-459a-8646-d7bb7349ba65,819,2026-04-02 11:10:10,1,,0.23943333333333336,3,Negative,-0.4444666666666666,45.0,v1.0,Hindi,Loan Collections,1,80.0,61-90,High,32347.53,2.0,1.0,2.0,Mass,36-45,Personal Loan
5850,644b980d-d70d-4c28-8316-56c8d290b047,911,2026-04-02 11:20:24,0,8.0,0.8985666666666666,1,Neutral,0.4606333333333334,35.0,v2.0,English,Payment Reminder,1,0.0,0,Low,0.0,1.0,0.0,0.0,Premium,18-25,
4460,e4237b08-ccd0-4ab6-b769-2e06b0631b79,1730,2026-04-02 11:56:03,1,18.0,0.32416666666666666,2,Negative,-0.3178666666666667,44.0,v1.0,Tamil,Loan Collections,1,82.0,61-90,High,62564.19,1.0,0.0,0.0,Premium,18-25,Credit Card
4303,cc4f0004-f6ac-4865-9691-ef61850ecd26,553,2026-04-02 12:13:22,0,7.0,0.9014333333333333,0,Positive,0.4231666666666667,26.0,v1.1,English,Loan Application,1,0.0,0,Low,0.0,6.0,2.0,6.0,Mass,36-45,Home Loan
6690,29807972-15ae-4bbb-853e-e38c8b1e2e2c,1964,2026-04-02 12:44:53,0,15.0,0.7196000000000001,1,Neutral,0.3323,30.0,v2.0,English,Loan Collections,1,0.0,0,Low,0.0,0.0,0.0,0.0,Mass,36-45,Auto Loan
5854,8cbe3296-422e-415a-a29d-f8194a40cf95,1254,2026-04-02 13:52:22,0,14.0,0.858,1,Positive,0.3102333333333333,31.0,v2.0,English,Customer Support,1,0.0,0,Low,0.0,2.0,0.0,0.0,Mass,46-55,
992,f2fb69a1-2aa9-4940-98cc-138594af65cc,194,2026-04-02 14:16:42,0,19.0,0.7629,0,Positive,0.2995333333333334,27.0,v1.0,Tamil,Customer Support,1,0.0,0,Low,0.0,3.0,1.0,2.0,Wealth,26-35,Personal Loan
2589,27c01a95-1400-42b3-93b9-42504f138e75,291,2026-04-02 16:01:27,1,17.0,0.09166666666666667,2,Negative,-0.64,32.0,v1.0,English,Payment Reminder,2,90.0,61-90,High,62262.75,5.0,0.0,2.0,Premium,26-35,Credit Card
1317,a5d4c276-c7f4-450a-9c39-b7bcf537822e,1113,2026-04-02 16:17:51,1,9.0,0.4161333333333333,2,Neutral,-0.24123333333333333,35.0,v1.0,Tamil,Customer Support,1,30.0,1-30,Low,23408.62,1.0,0.0,1.0,High Value,36-45,Credit Card
4465,9262cd37-898b-4020-85f3-0fc4bd963da8,1607,2026-04-02 16:44:44,1,,0.5505666666666666,3,Neutral,0.010233333333333332,36.0,v1.0,Hindi,Loan Collections,1,0.0,0,Low,0.0,6.0,1.0,1.0,Premium,36-45,Credit Card
2772,d8f8ad40-4cf4-48f3-8fee-7e7b26af4a3e,90,2026-04-02 17:22:35,1,18.0,0.22946666666666668,2,Negative,-0.5720999999999999,37.0,v1.0,English,Lead Qualification,2,115.0,90+,High,57464.27,2.0,1.0,1.0,Premium,18-25,Credit Card
9051,17d0ac76-be8e-4475-884e-ba06e9ee8a4b,1526,2026-04-02 17:36:58,0,2.0,0.761,1,Positive,0.22246666666666667,40.0,v1.0,Telugu,Lead Qualification,3,0.0,0,Low,0.0,4.0,1.0,3.0,Mass,26-35,Home Loan
1868,3dd009ed-2a70-47ae-9027-4fc13b6aafee,1615,2026-04-02 18:25:40,0,11.0,0.9032,0,Positive,0.41009999999999996,41.0,v1.1,English,Loan Collections,1,0.0,0,Low,0.0,1.0,0.0,0.0,Premium,46-55,Credit Card
8915,2183cdb0-cdc6-4aa5-a2e9-4ecaaa6ffa0e,516,2026-04-02 18:26:26,0,7.0,0.935,0,Positive,0.7515999999999999,38.0,v2.0,English,Payment Reminder,1,0.0,0,Low,0.0,4.0,0.0,0.0,Mass,26-35,Credit Card
2895,feec25c2-5fc2-41e6-a130-3fd46b342e77,481,2026-04-02 18:50:47,0,13.0,0.6755333333333334,0,Positive,0.22829999999999998,35.0,v1.0,English,Payment Reminder,2,0.0,0,Low,0.0,6.0,1.0,3.0,Mass,26-35,Credit Card
4473,fe40fc8d-eb00-4614-8420-67205a0461c3,1462,2026-04-03 08:12:22,0,14.0,0.8852333333333333,1,Neutral,0.38166666666666665,38.0,v2.0,English,Insurance Renewal,1,0.0,0,Low,0.0,1.0,0.0,0.0,Mass,36-45,Personal Loan
8822,2f2aecfc-d95c-4730-b6b0-d2251dd8ae51,195,2026-04-03 08:47:24,1,14.0,0.5884999999999999,2,Negative,-0.26456666666666667,42.0,v2.0,English,Lead Qualification,2,114.0,90+,High,37492.4,5.0,0.0,1.0,Mass,36-45,Personal Loan
8731,51c733ca-3c69-4219-a255-05029890afc4,1069,2026-04-03 08:51:00,1,12.0,0.6735333333333333,2,Positive,0.13576666666666667,28.0,v1.0,Telugu,Insurance Renewal,1,0.0,0,Low,0.0,1.0,1.0,2.0,Mass,26-35,Credit Card
7450,2ef418ca-4d53-4d47-bbb5-b48714a6b898,288,2026-04-03 09:20:03,0,9.0,0.5357,0,Positive,0.004299999999999989,36.0,v1.0,Hindi,Loan Collections,2,88.0,61-90,High,52142.75,3.0,0.0,1.0,Premium,18-25,Credit Card
7316,0a75ca35-35c0-4413-a659-383f8296babc,675,2026-04-03 10:59:51,0,8.0,0.7516666666666666,1,Positive,0.3457666666666666,49.0,v1.1,English,Insurance Renewal,1,0.0,0,Low,0.0,0.0,0.0,0.0,Premium,36-45,Personal Loan
2429,85be1d64-e9ca-45f4-8fb0-f97506c1e5dc,1450,2026-04-03 11:08:51,0,16.0,0.8599,1,Positive,0.45966666666666667,34.0,v1.1,English,Insurance Renewal,1,0.0,0,Low,0.0,2.0,0.0,0.0,Wealth,18-25,Credit Card
4678,a2869b33-2108-4da9-9c05-166a531a8bc8,431,2026-04-03 11:47:38,0,13.0,0.7636666666666666,0,Positive,0.3056666666666667,47.0,v1.0,Tamil,Loan Collections,1,0.0,0,Low,0.0,2.0,1.0,3.0,Premium,26-35,Auto Loan
2816,2244f026-41e8-492f-87fd-fa63e01fa94c,528,2026-04-03 12:37:40,0,12.0,0.7189,1,Neutral,0.09416666666666668,45.0,v1.0,Telugu,Payment Reminder,1,0.0,0,Low,0.0,1.0,0.0,0.0,Mass,36-45,Home Loan
2230,066a0c03-4461-4cc9-bb84-1237a680144e,1404,2026-04-03 13:50:58,0,19.0,0.8673000000000001,1,Neutral,0.14780000000000001,33.0,v1.0,Hindi,Loan Collections,1,0.0,0,Low,0.0,2.0,1.0,2.0,Premium,18-25,Credit Card
59,005c8450-3fca-45ff-8911-a52f35b3d7e2,1861,2026-04-03 14:30:47,0,9.0,0.8988666666666667,1,Positive,0.4850666666666667,39.0,v1.1,English,Lead Qualification,1,0.0,0,Low,0.0,3.0,0.0,1.0,High Value,26-35,Credit Card
3002,8c4390e1-793f-49c4-bd5e-9069c4249caf,44,2026-04-03 15:08:21,1,15.0,0.1555,1,Negative,-0.6217333333333334,44.0,v1.0,Tamil,Loan Collections,1,119.0,90+,High,57070.22,0.0,0.0,0.0,Mass,26-35,Personal Loan
405,86efac1f-7ddb-43f0-a065-2a654296b33e,1124,2026-04-03 15:40:42,0,6.0,0.7821333333333333,1,Neutral,0.2193666666666667,33.0,v1.0,Tamil,Insurance Renewal,1,10.0,1-30,Low,25787.94,3.0,0.0,1.0,Mass,18-25,Home Loan
9485,d9e5e209-12d9-4c65-8227-f3c1902fe2e8,862,2026-04-03 15:57:58,1,6.0,0.5640333333333333,1,Negative,-0.33646666666666664,42.0,v1.0,Hindi,Lead Qualification,1,43.0,31-60,Medium,48974.6,4.0,1.0,3.0,Mass,18-25,Credit Card
3111,3556f2d0-58ac-4c99-b590-0baa10a4c8d5,1935,2026-04-03 16:31:20,1,17.0,0.34833333333333333,2,Neutral,-0.2688,52.0,v1.0,Tamil,Customer Support,1,0.0,0,Low,0.0,2.0,0.0,0.0,Mass,26-35,Personal Loan
9502,7e854d27-2e06-44a6-8875-4364ad80b0e9,1524,2026-04-03 16:33:30,1,17.0,0.25166666666666665,1,Negative,-0.3511333333333333,22.0,v1.0,Telugu,Payment Reminder,1,55.0,31-60,Medium,63604.51,1.0,1.0,3.0,Mass,46-55,Personal Loan
5051,d7738dd8-f432-4098-b975-e8bd559f47e3,1013,2026-04-03 16:40:40,0,7.0,0.6615333333333333,0,Neutral,0.18183333333333332,38.0,v1.1,English,Customer Support,1,0.0,0,Low,0.0,1.0,0.0,0.0,High Value,26-35,Credit Card
1123,accfa5c5-26c9-4979-998b-f1cb9d282808,1778,2026-04-03 17:43:17,0,4.0,0.7299000000000001,1,Neutral,0.019766666666666665,39.0,v1.1,English,Lead Qualification,1,0.0,0,Low,0.0,4.0,1.0,3.0,High Value,65+,Credit Card
562,bd0f1d9b-de2c-4663-a544-808cf87a7415,1020,2026-04-03 18:04:02,1,,0.44836666666666664,3,Neutral,-0.039933333333333335,29.0,v1.0,Tamil,Payment Reminder,1,67.0,61-90,High,39781.5,1.0,0.0,0.0,Premium,36-45,Credit Card
3942,80183a7c-0937-4a24-b966-8531b91d7efd,695,2026-04-03 18:26:58,1,3.0,0.43553333333333333,2,Neutral,-0.3155666666666667,23.0,v1.0,Telugu,Insurance Renewal,1,0.0,0,Low,0.0,3.0,0.0,4.0,Premium,65+,Home Loan
5066,6ac126f7-63ba-4feb-9084-45d1263df27a,429,2026-04-03 18:53:11,1,1.0,0.6609333333333334,1,Neutral,0.3597666666666666,22.0,v1.0,English,Loan Application,2,10.0,1-30,Low,44039.99,4.0,2.0,6.0,Mass,26-35,Credit Card
2262,d5b72a8e-7f62-4418-922d-0f782fcd7d8b,162,2026-04-03 18:58:58,0,6.0,0.8035666666666667,1,Positive,0.3433,36.0,v2.0,English,Loan Collections,1,0.0,0,Low,0.0,0.0,0.0,0.0,Mass,36-45,Personal Loan
7257,87f1cbcb-b4d4-44e2-85d3-ac0c8b384b28,1662,2026-04-03 19:18:27,0,19.0,0.7978000000000001,0,Positive,0.24883333333333332,42.0,v1.0,Hindi,Customer Support,2,0.0,0,Low,0.0,4.0,0.0,1.0,Premium,46-55,Credit Card
5107,3fbb2eee-e8da-4741-80c9-0cc04702aa27,1625,2026-04-04 08:44:48,1,2.0,0.46753333333333336,1,Neutral,-0.25523333333333337,46.0,v1.0,Tamil,Lead Qualification,1,65.0,61-90,High,60184.52,2.0,1.0,1.0,Mass,18-25,Home Loan
1173,e46538e9-5f34-4ae0-9f82-36db7d2d6e95,980,2026-04-04 09:00:38,1,,0.6159333333333333,3,Neutral,-0.0894,43.0,v1.0,Tamil,Insurance Renewal,1,0.0,0,Low,0.0,4.0,0.0,1.0,Mass,26-35,Credit Card
7644,47d528f4-dcba-4ceb-b25b-58d7cd0490cf,1891,2026-04-04 09:05:41,0,8.0,0.6500666666666667,1,Neutral,0.14243333333333333,26.0,v1.0,English,Customer Support,1,0.0,0,Low,0.0,1.0,0.0,0.0,Premium,18-25,Credit Card
9218,e7b1f7be-0f78-46a2-9b0b-72e1a6acb1db,772,2026-04-04 09:11:43,0,19.0,0.7487666666666666,1,Neutral,0.12176666666666668,40.0,v1.0,Hindi,Payment Reminder,1,0.0,0,Low,0.0,2.0,1.0,1.0,Mass,26-35,
9850,356922aa-4002-4d4f-b9e4-101fb25da542,1755,2026-04-04 09:26:01,1,14.0,0.5235,1,Neutral,-0.26133333333333336,35.0,v1.0,English,Loan Collections,1,44.0,31-60,Medium,11800.08,4.0,1.0,3.0,Premium,26-35,Credit Card
1874,2afa4f5e-a5dd-4b53-be8d-1c470c42e50f,755,2026-04-04 11:43:09,0,4.0,0.7707333333333333,1,Neutral,0.22563333333333332,38.0,v1.1,English,Loan Application,1,0.0,0,Low,0.0,1.0,1.0,5.0,Mass,36-45,Personal Loan
8519,023ea3d0-2eb0-40ca-8027-c2604073c5c6,900,2026-04-04 11:46:52,0,7.0,0.8328333333333333,1,Positive,0.5499333333333333,34.0,v1.0,Tamil,Lead Qualification,1,0.0,0,Low,0.0,5.0,1.0,4.0,Mass,26-35,Credit Card
9000,f325ba79-6f9d-442a-94a3-2d3eae1374b5,1085,2026-04-04 12:49:27,0,13.0,0.8530333333333333,0,Positive,0.5422666666666667,29.0,v1.1,English,Lead Qualification,1,0.0,0,Low,0.0,1.0,0.0,1.0,Mass,36-45,
5724,6be12392-addb-4bf8-9b1e-461158d60745,1886,2026-04-04 13:02:13,0,16.0,0.8070666666666666,2,Positive,0.37916666666666665,35.0,v1.0,Telugu,Loan Collections,1,0.0,0,Low,0.0,5.0,3.0,8.0,High Value,18-25,Auto Loan
9337,1219438f-bffe-4095-a144-6acb5c14613b,97,2026-04-04 13:08:40,0,10.0,0.8465666666666666,0,Positive,0.5922999999999999,37.0,v1.0,Telugu,Loan Collections,1,0.0,0,Low,0.0,4.0,0.0,0.0,Mass,18-25,Auto Loan
966,f23f0469-5c22-4123-8793-1d107f2c9f04,150,2026-04-04 14:29:31,1,15.0,0.2974,2,Negative,-0.47206666666666663,34.0,v1.0,Tamil,Lead Qualification,2,91.0,90+,High,23774.25,2.0,1.0,3.0,Mass,26-35,Credit Card
9250,53e73941-bbb3-4b70-88cf-ab88ce98e5f3,532,2026-04-04 17:34:00,1,,0.15266666666666667,3,Negative,-0.4725333333333333,30.0,v1.0,Telugu,Customer Support,1,108.0,90+,High,56390.78,2.0,1.0,4.0,Mass,36-45,Home Loan
3300,c9cf1510-b947-4c1e-b6d5-f383c36b9260,924,2026-04-04 18:22:25,0,16.0,0.7935,1,Neutral,0.33626666666666666,37.0,v1.0,English,Loan Collections,1,1.0,1-30,Low,43174.34,5.0,0.0,3.0,Premium,26-35,Auto Loan
1116,e395cf75-a957-469d-91bf-f5bd44a0b354,23,2026-04-04 18:35:56,0,11.0,0.9319333333333333,0,Positive,0.5048333333333334,42.0,v1.1,English,Customer Support,2,0.0,0,Low,0.0,6.0,3.0,6.0,Mass,36-45,Auto Loan
629,d47bbcee-a572-4ba8-9235-cde636340c74,816,2026-04-05 08:17:44,0,6.0,0.4039333333333333,0,Neutral,0.032266666666666666,41.0,v1.0,Hindi,Payment Reminder,1,32.0,31-60,Medium,27598.22,3.0,0.0,0.0,Mass,46-55,Credit Card
1223,2d56953e-9636-4dcc-9ca2-ea38682ea948,1875,2026-04-05 10:41:21,0,11.0,0.8362333333333334,0,Positive,0.3924666666666667,27.0,v1.1,English,Loan Collections,1,48.0,31-60,Medium,18613.06,0.0,0.0,0.0,Mass,18-25,Home Loan
930,de794386-5117-4682-bc1c-116c01632192,1021,2026-04-05 11:11:37,1,6.0,0.4558,1,Negative,-0.38233333333333336,50.0,v1.0,English,Loan Collections,2,26.0,1-30,Low,52568.6,4.0,0.0,2.0,Mass,36-45,Credit Card
1505,5396c19f-939f-4c99-85dc-00b5d6863474,1438,2026-04-05 11:20:07,1,14.0,0.5103666666666666,2,Negative,-0.37776666666666664,45.0,v1.0,English,Loan Application,1,0.0,0,Low,0.0,2.0,1.0,3.0,Premium,26-35,
726,dc8dee0b-fde9-408e-bcdb-aafc850a812b,471,2026-04-05 11:25:36,0,3.0,0.6994666666666666,0,Neutral,0.13473333333333334,45.0,v2.0,English,Insurance Renewal,1,0.0,0,Low,0.0,2.0,1.0,4.0,Mass,46-55,
1894,58603599-b10f-4c83-be35-399f361c6da0,490,2026-04-05 11:28:28,1,,0.4563333333333333,3,Neutral,-0.2714666666666667,40.0,v1.0,English,Lead Qualification,2,44.0,31-60,Medium,52704.04,6.0,0.0,1.0,Mass,46-55,Credit Card
9672,ab04fc3d-fdca-40a8-915b-4472486e9351,761,2026-04-05 15:51:59,1,,0.39666666666666667,3,Neutral,-0.13570000000000002,39.0,v1.0,Telugu,Loan Collections,1,0.0,0,Low,0.0,2.0,1.0,5.0,High Value,36-45,Auto Loan
2321,7883b7d4-5688-4c63-9253-bed0aa67ba92,1912,2026-04-05 16:40:21,0,14.0,0.8058333333333333,0,Neutral,0.25376666666666664,30.0,v1.0,Telugu,Loan Application,1,0.0,0,Low,0.0,1.0,0.0,0.0,Mass,36-45,Credit Card
281,a833565b-eb2d-4281-bac6-91d07fa54fd2,1464,2026-04-05 17:28:09,0,12.0,0.852,0,Neutral,0.25733333333333336,47.0,v1.1,English,Loan Collections,1,0.0,0,Low,0.0,5.0,0.0,2.0,Mass,36-45,Credit Card
3517,ccc94475-16a2-422e-8762-85f7f51eafca,525,2026-04-05 18:06:08,1,12.0,0.7559,1,Neutral,0.15193333333333334,29.0,v1.0,Hindi,Loan Application,2,0.0,0,Low,0.0,4.0,1.0,4.0,Mass,26-35,Credit Card
6111,22820927-7ec3-45fd-ab33-1fc53c28138f,948,2026-04-05 18:14:04,0,7.0,0.9354666666666667,0,Positive,0.7649666666666667,29.0,v2.0,English,Lead Qualification,2,0.0,0,Low,0.0,3.0,0.0,0.0,Premium,46-55,Personal Loan
9479,391675eb-3ddc-4028-98ea-44594705f224,979,2026-04-05 18:36:14,0,7.0,0.7642000000000001,0,Neutral,0.31739999999999996,54.0,v1.0,English,Loan Collections,1,0.0,0,Low,0.0,0.0,0.0,0.0,Premium,46-55,Home Loan
7702,2f58eabf-4e11-4b85-b5c0-52c708698f80,870,2026-04-05 19:03:35,1,,0.6740333333333334,3,Neutral,0.03266666666666666,32.0,v1.0,Tamil,Customer Support,1,0.0,0,Low,0.0,5.0,2.0,7.0,High Value,36-45,Home Loan
2511,dab8b39e-ccf3-4ee9-b7cf-a6997bd7129b,742,2026-04-05 19:15:23,0,13.0,0.7474333333333334,0,Neutral,0.24786666666666668,28.0,v1.0,Hindi,Insurance Renewal,3,0.0,0,Low,0.0,4.0,0.0,1.0,High Value,36-45,Auto Loan
7572,6bd01d83-a20b-4255-b079-2b20d8832898,1733,2026-04-05 19:28:46,0,15.0,0.5799666666666666,1,Neutral,0.09469999999999999,35.0,v1.0,Hindi,Loan Application,1,0.0,0,Low,0.0,1.0,1.0,1.0,Mass,36-45,Credit Card
3643,4bddcfe4-34f5-4761-a587-99ce6566a525,1413,2026-04-05 19:32:32,1,8.0,0.8421,1,Neutral,-0.09646666666666666,38.0,v1.1,English,Loan Collections,1,31.0,31-60,Medium,36478.65,1.0,1.0,2.0,Mass,26-35,Credit Card
582,de20c9fe-3c53-42e2-9c0d-913e09900a9f,83,2026-04-05 19:43:53,0,17.0,0.4750666666666667,1,Negative,-0.23443333333333335,35.0,v1.0,Telugu,Loan Application,1,0.0,0,Low,0.0,1.0,0.0,0.0,High Value,46-55,Personal Loan
3354,c98b038c-07e0-475d-b03b-92c2437c54ca,1484,2026-04-06 08:15:17,1,8.0,0.7997,2,Positive,0.2664666666666667,33.0,v1.0,Hindi,Insurance Renewal,1,0.0,0,Low,0.0,4.0,0.0,0.0,Wealth,26-35,Personal Loan
5076,9cde4496-93c1-4900-86ae-ec3996114ebb,202,2026-04-06 08:25:33,0,4.0,0.4048333333333333,1,Neutral,-0.13033333333333333,26.0,v1.0,English,Loan Collections,1,0.0,0,Low,0.0,5.0,2.0,6.0,Mass,36-45,Home Loan
6940,341da2d8-69e5-4837-bea5-f20b92772131,969,2026-04-06 08:28:25,0,10.0,0.7742,1,Neutral,0.22496666666666665,33.0,v1.0,Tamil,Loan Collections,1,0.0,0,Low,0.0,1.0,0.0,0.0,Mass,26-35,Credit Card
1084,a94e90f7-3341-46d1-b194-e8b8aed3ae8c,85,2026-04-06 08:31:11,0,7.0,0.9647666666666667,1,Positive,0.5912333333333333,40.0,v2.0,English,Payment Reminder,1,0.0,0,Low,0.0,4.0,2.0,2.0,Premium,36-45,Home Loan
1252,1c6068ac-ee4a-488a-9ca5-9073419f4663,1101,2026-04-06 08:48:07,1,12.0,0.5736666666666667,2,Neutral,0.105,38.0,v2.0,English,Lead Qualification,1,95.0,90+,High,55749.84,4.0,2.0,6.0,Mass,18-25,Credit Card
1218,61abf989-b104-4f6a-b6dd-220687b707ed,967,2026-04-06 09:48:36,0,10.0,0.8799333333333333,1,Positive,0.4578666666666667,33.0,v1.1,English,Loan Collections,1,0.0,0,Low,0.0,3.0,2.0,5.0,Premium,36-45,Credit Card
4123,8bb16752-02a4-4249-ad4b-f514e37c25a8,1665,2026-04-06 11:27:16,1,10.0,0.5174333333333333,2,Neutral,-0.1940666666666667,41.0,v1.0,Tamil,Lead Qualification,2,116.0,90+,High,61615.66,4.0,1.0,2.0,Premium,26-35,Credit Card
8820,ce28b9d0-a1a1-4921-be2e-33a20eb36474,1322,2026-04-06 13:04:30,0,1.0,0.9251999999999999,0,Positive,0.6008,44.0,v2.0,English,Loan Collections,1,28.0,1-30,Low,79892.17,1.0,0.0,1.0,High Value,46-55,Personal Loan
1822,3eda275d-3844-4b39-b3c9-25dec0048324,314,2026-04-06 14:35:36,0,10.0,0.8301,1,Positive,0.27143333333333336,30.0,v1.0,Hindi,Payment Reminder,1,0.0,0,Low,0.0,1.0,0.0,0.0,Mass,18-25,Personal Loan
5802,30e6ae4b-fde5-4e93-add5-a01171173117,1529,2026-04-06 14:39:13,0,2.0,0.6358333333333334,0,Positive,0.22206666666666666,38.0,v1.0,Hindi,Loan Collections,1,0.0,0,Low,0.0,2.0,0.0,1.0,Premium,46-55,Personal Loan
3804,cc2569a0-ef28-42aa-9084-b70fbecf3868,1517,2026-04-06 15:30:41,0,11.0,0.8227666666666668,1,Positive,0.5825666666666667,34.0,v1.0,Hindi,Customer Support,2,22.0,1-30,Low,41016.46,1.0,0.0,1.0,Mass,26-35,Credit Card
103,2a95c41c-4b25-4583-a17e-5d74b1687041,1957,2026-04-06 15:44:32,1,17.0,0.34569999999999995,2,Negative,-0.6576333333333334,32.0,v1.0,Tamil,Loan Collections,1,0.0,0,Low,0.0,4.0,3.0,6.0,Mass,65+,Personal Loan
7890,fd00e531-7c75-4e6e-add2-0b95a87200e8,1369,2026-04-06 16:19:36,0,1.0,0.7895333333333333,0,Positive,0.32266666666666666,29.0,v1.0,Telugu,Loan Collections,1,0.0,0,Low,0.0,0.0,0.0,0.0,Premium,46-55,Credit Card
1654,a889a8ef-012e-47be-bce4-cac11d5fffb0,554,2026-04-06 17:01:26,0,12.0,0.7861333333333334,0,Neutral,0.1312,43.0,v1.0,Tamil,Loan Application,2,0.0,0,Low,0.0,3.0,0.0,1.0,Mass,46-55,Auto Loan
4397,a817cdfb-8e7b-46b4-bef0-db12edf65114,1754,2026-04-06 17:51:20,0,10.0,0.9518666666666666,0,Positive,0.677,41.0,v2.0,English,Loan Collections,2,0.0,0,Low,0.0,3.0,1.0,2.0,Premium,36-45,Credit Card
2605,782d1751-abb9-456b-bd9d-262cdf23b6ef,185,2026-04-06 17:59:47,1,13.0,0.3376333333333334,0,Negative,-0.5205666666666667,32.0,v1.0,English,Insurance Renewal,1,12.0,1-30,Low,50172.39,1.0,0.0,1.0,Premium,46-55,Personal Loan
7352,bd41e1d8-47a0-44fa-bda3-b7921de253e9,1618,2026-04-06 18:45:47,0,7.0,0.8887333333333333,1,Positive,0.6613666666666668,32.0,v1.1,English,Loan Collections,1,0.0,0,Low,0.0,2.0,0.0,2.0,Wealth,36-45,Credit Card
5611,8f60d28f-5c62-4547-8ed7-1d16ab6b50a3,1177,2026-04-06 19:10:43,1,19.0,0.3893333333333333,1,Neutral,-0.2867,36.0,v1.0,Telugu,Lead Qualification,1,103.0,90+,High,42517.84,2.0,1.0,2.0,Premium,26-35,Personal Loan
4478,4b03a552-37d9-49b4-9d2f-03287096bbe8,312,2026-04-06 19:20:44,1,3.0,0.4687666666666666,2,Negative,-0.31866666666666665,36.0,v1.0,Telugu,Customer Support,1,15.0,1-30,Low,25512.45,1.0,1.0,4.0,Mass,36-45,Home Loan
2361,f93a39d4-e9f2-4ae8-b028-2866314665b9,384,2026-04-07 08:13:12,0,10.0,0.8291,1,Positive,0.3915666666666667,38.0,v1.0,Tamil,Insurance Renewal,1,0.0,0,Low,0.0,4.0,0.0,2.0,High Value,46-55,Personal Loan
6242,b47cafeb-7d33-4bc3-b445-159b03f74380,1868,2026-04-07 08:24:00,1,12.0,0.7261333333333333,2,Neutral,0.1069,42.0,v1.0,Telugu,Loan Application,2,0.0,0,Low,0.0,3.0,0.0,0.0,Mass,36-45,Home Loan
8231,5576bd28-f01f-44ae-a52b-3d361d6c9c15,1533,2026-04-07 09:04:37,0,19.0,0.7213333333333334,0,Positive,0.3126,33.0,v1.0,Telugu,Loan Collections,1,0.0,0,Low,0.0,1.0,1.0,2.0,Mass,36-45,Home Loan
8955,f996be2e-8fe3-4ad1-9849-dab74404a18a,1680,2026-04-07 09:07:56,1,,0.3001666666666667,3,Negative,-0.15736666666666665,32.0,v1.0,Hindi,Insurance Renewal,1,92.0,90+,High,6613.48,2.0,1.0,3.0,Premium,26-35,Credit Card
7901,8aa7b36d-7b99-4d6c-b960-e7dcba010637,979,2026-04-07 12:13:28,1,12.0,0.42226666666666673,1,Negative,-0.24153333333333335,41.0,v1.0,Hindi,Loan Application,1,0.0,0,Low,0.0,1.0,0.0,0.0,Premium,46-55,Home Loan
9104,4b6ff655-598f-49d2-83ee-a3be437addba,1090,2026-04-07 13:12:00,0,4.0,0.6462,1,Negative,0.15733333333333335,32.0,v1.0,Hindi,Customer Support,1,0.0,0,Low,0.0,4.0,1.0,5.0,Mass,36-45,Credit Card
9548,6532b429-73b2-4d07-a0d8-a83ed0d828f9,812,2026-04-07 13:26:03,1,14.0,0.5431666666666667,2,Neutral,-0.1559,39.0,v1.0,Tamil,Loan Application,1,4.0,1-30,Low,49524.64,2.0,0.0,0.0,Mass,18-25,Credit Card
2053,388d6241-436a-4b4a-b0fd-ae13a248664d,189,2026-04-07 15:06:52,0,14.0,0.7778,1,Positive,0.08046666666666666,31.0,v1.1,English,Payment Reminder,1,0.0,0,Low,0.0,2.0,0.0,0.0,Mass,36-45,Personal Loan
1475,1b91baf0-cc0e-4857-90ea-3b8238f79a8c,1524,2026-04-07 15:24:09,0,5.0,0.8896000000000001,1,Positive,0.4365666666666667,47.0,v2.0,English,Payment Reminder,2,72.0,61-90,High,45982.68,2.0,2.0,7.0,Mass,46-55,Personal Loan
4220,d046d959-fec4-4e7c-940d-5f42d99c7675,1258,2026-04-07 15:48:56,1,,0.29623333333333335,3,Negative,-0.45913333333333334,45.0,v1.0,English,Payment Reminder,3,0.0,0,Low,0.0,4.0,1.0,3.0,Premium,46-55,Personal Loan
5712,d7a30bb2-9112-47e3-8ca5-f9441f1a6c04,1645,2026-04-07 16:25:28,0,10.0,0.9024666666666666,1,Positive,0.5597333333333333,35.0,v1.1,English,Loan Collections,1,0.0,0,Low,0.0,1.0,0.0,1.0,Mass,46-55,Personal Loan
6221,77e3418d-81e7-4a82-a063-812c962de28c,1532,2026-04-07 16:47:39,0,9.0,0.7275333333333333,1,Neutral,0.2238,45.0,v1.0,Tamil,Loan Collections,1,5.0,1-30,Low,34565.13,2.0,1.0,2.0,Premium,46-55,Credit Card
5009,42f21628-78b6-4753-9774-29b73fbef4dc,1688,2026-04-07 17:09:13,1,4.0,0.3154666666666667,2,Neutral,-0.25006666666666666,40.0,v1.0,Hindi,Loan Collections,1,56.0,31-60,Medium,76411.06,3.0,1.0,3.0,Mass,36-45,Home Loan
3940,4c38d551-a426-4ed3-9098-a7a4ade5c21a,64,2026-04-07 17:16:49,1,3.0,0.6526333333333333,1,Negative,-0.2061666666666667,34.0,v1.0,Hindi,Customer Support,1,0.0,0,Low,0.0,5.0,2.0,2.0,High Value,36-45,Personal Loan
5468,36234770-8ada-4487-ad88-186553d1f04e,990,2026-04-07 17:30:14,1,10.0,0.8715,2,Neutral,0.1032,41.0,v1.0,English,Lead Qualification,2,0.0,0,Low,0.0,4.0,0.0,2.0,Mass,36-45,Credit Card
5287,c7e09b4d-105c-4f20-a8c6-49d32b295ca8,1363,2026-04-08 08:08:42,0,12.0,0.8842666666666666,0,Neutral,0.35096666666666665,35.0,v1.1,English,Loan Collections,2,9.0,1-30,Low,43939.75,2.0,2.0,5.0,Mass,26-35,Personal Loan
6627,30750b32-3004-475e-8a53-53d149177f55,713,2026-04-08 08:54:32,1,7.0,0.8198,2,Positive,0.3344666666666667,37.0,v1.0,Telugu,Payment Reminder,1,0.0,0,Low,0.0,1.0,0.0,0.0,Mass,26-35,Credit Card
7399,001da6b7-91c9-49d3-ad15-960528588ee2,1386,2026-04-08 09:15:30,1,,0.2506333333333333,3,Negative,-0.6822333333333334,40.0,v1.0,English,Payment Reminder,1,48.0,31-60,Medium,40372.79,3.0,2.0,6.0,Premium,26-35,Credit Card
1911,5adc1c60-650d-4823-ad03-62c6a39f6ab3,465,2026-04-08 09:20:14,0,9.0,0.8698,1,Neutral,0.3656,39.0,v1.1,English,Loan Collections,1,0.0,0,Low,0.0,2.0,1.0,4.0,Wealth,18-25,Credit Card
2944,7aeec4e1-7ea4-458f-872f-739c54457b72,629,2026-04-08 11:24:28,1,4.0,0.48066666666666663,2,Neutral,-0.34243333333333337,37.0,v1.0,English,Loan Collections,1,0.0,0,Low,0.0,1.0,0.0,0.0,Premium,36-45,Home Loan
6089,2d7e9e22-c99b-4159-a39d-b2d0467d2aa8,1815,2026-04-08 12:00:38,0,5.0,0.9573333333333333,0,Positive,0.6032666666666667,40.0,v2.0,English,Customer Support,2,0.0,0,Low,0.0,4.0,2.0,4.0,High Value,46-55,Home Loan
6084,3644e125-44f9-4dc0-a621-f772a5fd7a6b,501,2026-04-08 12:59:21,0,13.0,0.6767,1,Neutral,0.15736666666666665,30.0,v1.0,English,Lead Qualification,1,0.0,0,Low,0.0,2.0,1.0,2.0,Premium,36-45,Credit Card
7583,54a98306-322e-45c4-a8a7-e87b52fd91df,871,2026-04-08 13:13:28,1,12.0,0.40549999999999997,2,Neutral,-0.14853333333333332,42.0,v1.0,Tamil,Lead Qualification,1,81.0,61-90,High,52855.32,0.0,0.0,0.0,Premium,36-45,Personal Loan
6892,0541d987-7beb-4e20-99a3-f8ea54816520,220,2026-04-08 13:40:43,0,19.0,0.7182,0,Positive,0.29436666666666667,32.0,v1.0,Tamil,Loan Collections,1,0.0,0,Low,0.0,1.0,1.0,2.0,Premium,36-45,Home Loan
7843,d386447d-e4d4-417b-bf56-fb87855e966b,1916,2026-04-08 14:14:30,1,,0.33453333333333335,3,Neutral,-0.38166666666666665,38.0,v1.0,Telugu,Customer Support,3,0.0,0,Low,0.0,3.0,2.0,6.0,Mass,36-45,Personal Loan
8008,368669d8-24d5-4d57-821f-2542b0349800,1387,2026-04-08 14:44:54,1,15.0,0.7816666666666667,0,Neutral,0.0602,32.0,v1.0,Hindi,Loan Application,2,16.0,1-30,Low,37746.42,2.0,0.0,0.0,Mass,46-55,Credit Card
9875,fff1ac02-4020-48a1-b712-6cb7fe777477,610,2026-04-08 15:01:26,0,5.0,0.8810333333333333,0,Neutral,0.0754,39.0,v2.0,English,Loan Collections,2,106.0,90+,High,28025.28,4.0,1.0,1.0,Mass,46-55,Credit Card
3226,e426e6e5-788c-4215-911a-911db9c3c52c,947,2026-04-08 15:46:43,0,2.0,0.8623,1,Positive,0.24030000000000004,33.0,v1.0,Telugu,Lead Qualification,2,0.0,0,Low,0.0,3.0,1.0,1.0,High Value,18-25,Home Loan
5925,747106a3-7776-40a9-93f8-aa7057345abe,854,2026-04-08 15:50:16,1,12.0,0.6788333333333334,2,Negative,-0.26086666666666664,36.0,v1.0,Telugu,Payment Reminder,1,8.0,1-30,Low,81952.53,2.0,0.0,0.0,Premium,36-45,Credit Card
165,d4275e36-31af-4654-b705-bf2312ab51e2,929,2026-04-08 16:18:33,1,16.0,0.31683333333333336,2,Neutral,-0.17816666666666667,33.0,v1.0,Tamil,Loan Collections,1,65.0,61-90,High,68952.7,2.0,0.0,2.0,High Value,46-55,Personal Loan
817,a4d5d524-b362-45ed-974e-60c3ccf3c8ea,142,2026-04-08 16:36:38,1,3.0,0.6532,2,Neutral,-0.059666666666666666,29.0,v1.0,Tamil,Loan Application,1,0.0,0,Low,0.0,2.0,0.0,0.0,Premium,46-55,Auto Loan
4402,6b4dd030-7c95-4d35-87ae-e84b43451dcf,241,2026-04-08 16:53:18,0,9.0,0.7207666666666667,1,Neutral,0.24076666666666668,42.0,v1.0,Tamil,Payment Reminder,1,0.0,0,Low,0.0,2.0,0.0,0.0,Mass,18-25,Personal Loan
7274,e9baf125-1b62-4c4f-8b45-9c331936f69c,1592,2026-04-08 19:20:56,0,4.0,0.7846333333333333,1,Neutral,-0.0194,48.0,v1.1,English,Lead Qualification,1,0.0,0,Low,0.0,1.0,0.0,0.0,Premium,56-65,Credit Card
4330,caf409e3-e4de-4e18-8a3b-80b37f146f87,1351,2026-04-09 08:43:38,0,10.0,0.429,1,Neutral,-0.21386666666666668,39.0,v1.0,Hindi,Lead Qualification,1,0.0,0,Low,0.0,4.0,2.0,6.0,Premium,36-45,
4466,1aecdc93-4f61-455d-9e1e-29ac20559f0b,248,2026-04-09 09:17:33,1,4.0,0.33043333333333336,2,Negative,-0.4700666666666667,31.0,v1.0,Tamil,Loan Application,2,94.0,90+,High,58941.12,2.0,0.0,2.0,Premium,36-45,Credit Card
8291,e7b61561-dc51-4c33-9b86-7c1d4f848d89,1229,2026-04-09 10:30:37,0,18.0,0.8706999999999999,0,Positive,0.2554,59.0,v2.0,English,Loan Collections,1,,0,Low,0.0,4.0,1.0,3.0,Mass,36-45,Personal Loan
921,376b0ec0-c5eb-4858-bcf1-4977a4194fd0,569,2026-04-09 12:27:06,1,19.0,0.6003666666666666,2,Positive,0.4128333333333334,43.0,v1.0,English,Customer Support,1,0.0,0,Low,0.0,2.0,0.0,1.0,Premium,18-25,Credit Card
7822,51e9d043-ba43-4bff-8d83-b85777c9014a,347,2026-04-09 12:39:02,0,11.0,0.7499333333333333,1,Neutral,0.4321,36.0,v1.0,Telugu,Customer Support,1,0.0,0,Low,0.0,1.0,0.0,0.0,Mass,26-35,Credit Card
67,4fe86051-b61b-42c4-9ec4-4e5ef116ebf4,1902,2026-04-09 13:08:29,1,19.0,0.44049999999999995,2,Negative,-0.5592,49.0,v1.0,Telugu,Customer Support,1,81.0,61-90,High,83403.29,3.0,1.0,3.0,Mass,18-25,Auto Loan
4563,e7d2e90f-faeb-4725-a257-7bb0c9f9212a,865,2026-04-09 13:09:43,0,17.0,0.5897333333333333,0,Negative,-0.3739333333333333,32.0,v1.1,English,Lead Qualification,2,0.0,0,Low,0.0,5.0,1.0,6.0,Mass,46-55,Credit Card
6741,05a6bb5d-a0bd-4613-bf76-716149eaef39,1425,2026-04-09 13:18:45,0,3.0,0.18136666666666668,1,Negative,-0.4290333333333334,31.0,v1.0,Telugu,Payment Reminder,1,66.0,61-90,High,31018.89,1.0,0.0,1.0,Mass,26-35,Personal Loan
7544,584e99a1-1ee7-406c-9ec3-13a335647fd0,607,2026-04-09 13:37:41,0,7.0,0.7897333333333334,1,Neutral,0.3759333333333333,39.0,v1.0,Hindi,Loan Collections,1,0.0,0,Low,0.0,3.0,1.0,2.0,Mass,36-45,Personal Loan
6278,f7b44e52-bdb3-4242-b9cc-2d182175aa1a,1597,2026-04-09 13:38:02,1,6.0,0.5284333333333333,1,Negative,-0.11369999999999998,28.0,v1.0,English,Customer Support,2,0.0,0,Low,0.0,3.0,1.0,4.0,Mass,18-25,Personal Loan
415,8c36ff70-d70d-42c1-b4c8-32ce5d18af59,692,2026-04-09 13:50:02,0,8.0,0.7702,1,Positive,0.2920333333333333,33.0,v1.0,Hindi,Loan Application,1,0.0,0,Low,0.0,3.0,2.0,4.0,Mass,56-65,Auto Loan
6446,e0ff32ec-b6b1-4044-85f0-2eef6a0c8f08,1986,2026-04-09 14:39:33,0,8.0,0.7129333333333333,0,Negative,0.11179999999999997,44.0,v1.1,English,Lead Qualification,1,0.0,0,Low,0.0,4.0,2.0,8.0,Wealth,36-45,Personal Loan
4233,0ca7b20d-a629-43cf-8193-b9b51bfb3381,947,2026-04-09 14:51:38,0,1.0,0.8346666666666667,0,Neutral,0.31850000000000006,35.0,v1.0,Hindi,Payment Reminder,1,0.0,0,Low,0.0,4.0,1.0,2.0,High Value,18-25,Home Loan
3262,272fa94e-8b65-4484-8007-4e10c88a9d45,1273,2026-04-09 15:15:10,1,3.0,0.41283333333333333,0,Negative,-0.2823,33.0,v1.0,Tamil,Payment Reminder,1,0.0,0,Low,0.0,2.0,0.0,1.0,Mass,36-45,Personal Loan
8229,52bea702-c0b1-4e41-8918-b4f400fee0dc,107,2026-04-09 16:05:09,0,11.0,0.7414,0,Neutral,0.3577666666666666,41.0,v1.0,English,Payment Reminder,1,0.0,0,Low,0.0,1.0,0.0,0.0,Wealth,56-65,Personal Loan
8244,5dfed514-f49e-42fa-9abb-80f01e1879a1,1382,2026-04-09 16:50:58,0,1.0,0.8567,2,Neutral,0.23629999999999998,39.0,v1.0,Telugu,Lead Qualification,1,0.0,0,Low,0.0,3.0,0.0,1.0,Mass,26-35,Personal Loan
7044,589b2843-b064-4f9f-899e-bbc5c51095c8,1276,2026-04-09 18:09:30,0,13.0,0.9092666666666668,1,Positive,0.5665666666666667,37.0,v1.1,English,Loan Application,1,0.0,0,Low,0.0,3.0,0.0,0.0,Mass,26-35,Personal Loan
536,d96f9123-8232-4e4f-906a-6a0049d9caf9,645,2026-04-09 19:45:35,1,,0.19663333333333333,3,Negative,-0.4411,48.0,v1.0,Hindi,Loan Collections,1,60.0,31-60,Medium,24676.76,3.0,0.0,0.0,Mass,46-55,Personal Loan
2164,f82a3b2b-bf4e-4b03-a52b-6fb16ace3c31,1731,2026-04-10 08:05:40,0,2.0,0.7490666666666668,1,Neutral,0.17720000000000002,31.0,v1.0,Tamil,Payment Reminder,1,0.0,0,Low,0.0,0.0,0.0,0.0,Premium,36-45,Auto Loan
6493,35d30541-7c09-4bcc-9ac8-41efe0980307,1512,2026-04-10 08:07:44,1,,0.22783333333333333,3,Negative,-0.6271,35.0,v1.0,Telugu,Payment Reminder,1,0.0,0,Low,0.0,3.0,1.0,2.0,Premium,46-55,Home Loan
9359,e07d632e-e87c-488a-91a1-91aafe6ad442,1262,2026-04-10 11:03:04,1,8.0,0.07403333333333333,2,Negative,-0.7922333333333333,32.0,v1.0,English,Insurance Renewal,1,94.0,90+,High,69675.74,6.0,0.0,0.0,Mass,18-25,Credit Card
4149,d1595896-4275-4796-8364-5f62f2385724,552,2026-04-10 12:00:26,1,11.0,0.2588,2,Negative,-0.29296666666666665,43.0,v1.0,Tamil,Loan Collections,2,79.0,61-90,High,47845.16,6.0,1.0,4.0,Mass,56-65,Credit Card
4420,90be8eaf-c446-402f-a21f-37f9e77aaf3a,396,2026-04-10 12:31:35,1,9.0,0.4407666666666667,1,Negative,-0.08313333333333332,44.0,v1.0,Telugu,Loan Collections,1,25.0,1-30,Low,54167.56,4.0,1.0,6.0,High Value,36-45,Credit Card
7994,fdc34fe7-bb51-45b3-8d8a-de4305ac1343,1990,2026-04-10 12:36:31,1,17.0,0.6108,2,Negative,-0.22763333333333335,32.0,v1.1,English,Loan Collections,1,0.0,0,Low,0.0,3.0,1.0,3.0,Mass,46-55,Credit Card
3763,00581fd1-6d0c-4973-b5c9-29770fa99576,885,2026-04-10 12:53:53,1,11.0,0.3360666666666667,2,Negative,-0.39159999999999995,43.0,v1.0,Tamil,Insurance Renewal,1,87.0,61-90,High,11108.2,2.0,0.0,0.0,Wealth,36-45,Credit Card
3557,a3beea41-b989-4caf-9730-14d94b7dfa22,170,2026-04-10 13:11:54,1,2.0,0.6195666666666667,0,Neutral,0.08606666666666667,24.0,v1.0,English,Payment Reminder,1,0.0,0,Low,0.0,4.0,1.0,3.0,Mass,36-45,Personal Loan
3740,6f1b3ad9-372d-4b17-b9c6-f083193607da,1636,2026-04-10 15:00:02,0,18.0,0.8402333333333333,0,Positive,0.32366666666666666,38.0,v1.1,English,Loan Collections,1,0.0,0,Low,0.0,0.0,0.0,0.0,Mass,36-45,Home Loan
7687,81c1b432-c7ab-4c75-9b4d-e2dff664334e,588,2026-04-10 15:20:35,0,12.0,0.7643,0,Neutral,-0.13266666666666668,24.0,v1.0,Telugu,Loan Collections,1,0.0,0,Low,0.0,1.0,1.0,1.0,Mass,26-35,
7877,d9816e49-309b-46dd-8f68-ebf2fa6cbbd2,1977,2026-04-10 16:33:59,0,5.0,0.7582,0,Neutral,0.3579666666666667,37.0,v1.0,Telugu,Customer Support,2,27.0,1-30,Low,44095.41,2.0,0.0,0.0,Mass,46-55,Credit Card
4081,7d52cc79-752f-4ec0-8bef-e14c4b195c08,318,2026-04-10 16:50:11,0,13.0,0.8943666666666666,0,Positive,0.7305,26.0,v1.1,English,Customer Support,1,0.0,0,Low,0.0,5.0,3.0,13.0,Mass,36-45,Home Loan
7568,4de225f0-fa33-49b0-9076-edaa5eb9d86e,262,2026-04-10 19:12:07,1,17.0,0.27330000000000004,2,Negative,-0.4338333333333333,32.0,v1.0,English,Insurance Renewal,2,0.0,0,Low,0.0,4.0,0.0,1.0,High Value,36-45,Personal Loan
6647,b2664450-9722-4bd9-a2f0-793bcd428459,1659,2026-04-10 19:16:19,0,18.0,0.8514666666666667,1,Positive,0.4508666666666667,37.0,v2.0,English,Insurance Renewal,1,0.0,0,Low,0.0,5.0,0.0,2.0,High Value,26-35,Personal Loan
750,8367980f-3a72-47ed-8c36-d95ad7d75d85,1054,2026-04-10 19:29:10,1,14.0,0.6234666666666667,1,Neutral,-0.005966666666666671,33.0,v2.0,English,Payment Reminder,1,62.0,61-90,High,14700.97,0.0,0.0,0.0,Mass,26-35,Credit Card
235,c2f88edb-bf09-40b3-992e-63532b7ad123,1474,2026-04-11 08:20:03,1,6.0,0.45116666666666666,1,Neutral,-0.23416666666666666,39.0,v1.0,English,Insurance Renewal,1,0.0,0,Low,0.0,4.0,1.0,2.0,Mass,56-65,Auto Loan
7079,fa64cb38-bf6c-4bc5-a14e-f562b2a527cc,333,2026-04-11 08:30:17,0,7.0,0.8542666666666667,0,Positive,0.5738,29.0,v1.0,Hindi,Payment Reminder,1,0.0,0,Low,0.0,1.0,0.0,0.0,Mass,56-65,Credit Card
961,1ae50a3b-c07f-4ac7-9bf0-40d6d598aaa0,1726,2026-04-11 09:09:33,0,7.0,0.8565,0,Positive,0.3692,24.0,v1.0,Telugu,Loan Collections,1,0.0,0,Low,0.0,2.0,1.0,3.0,Premium,26-35,Personal Loan
7924,3e5c5180-7b61-4b1e-b7ef-82326181282c,116,2026-04-11 09:09:42,1,19.0,0.7230333333333334,2,Positive,0.14903333333333332,40.0,v2.0,English,Loan Application,3,102.0,90+,High,74072.59,5.0,2.0,4.0,Mass,26-35,Personal Loan
6989,3fe54c99-78d8-461d-89f4-0682ab41a16a,814,2026-04-11 09:12:03,0,12.0,0.7300999999999999,0,Neutral,0.1522,36.0,v2.0,English,Customer Support,1,36.0,31-60,Medium,87610.06,3.0,2.0,6.0,High Value,46-55,Personal Loan
365,591f2de2-6574-4e65-8f87-2543d413d202,1449,2026-04-11 09:47:05,0,11.0,0.9047000000000001,1,Positive,0.6436666666666667,36.0,v2.0,English,Loan Collections,1,0.0,0,Low,0.0,2.0,1.0,3.0,Mass,46-55,
8693,449c6e7e-f622-46f9-995b-8aaf58cdd411,1148,2026-04-11 10:00:40,0,13.0,0.835,0,Neutral,0.2571,42.0,v1.0,Tamil,Customer Support,1,0.0,0,Low,0.0,3.0,0.0,0.0,Mass,46-55,Personal Loan
4508,7c9d88c0-b0f1-4194-ac24-36ba261c8793,1620,2026-04-11 10:34:59,1,12.0,0.6357333333333334,2,Positive,0.2091333333333333,35.0,v1.0,Telugu,Loan Application,2,0.0,0,Low,0.0,1.0,1.0,5.0,High Value,26-35,Credit Card
409,13e9a504-4051-40f8-a2b6-6c854aef5c2f,2,2026-04-11 10:38:17,1,9.0,0.6445333333333333,1,Neutral,-0.09860000000000001,31.0,v1.0,Tamil,Insurance Renewal,1,67.0,61-90,High,47196.25,4.0,1.0,6.0,Mass,46-55,Personal Loan
2648,42419e98-d481-4b6c-86c4-74799ad5ff69,1852,2026-04-11 10:49:30,1,14.0,0.7302666666666667,1,Positive,0.2268,41.0,v1.1,English,Customer Support,1,0.0,0,Low,0.0,3.0,1.0,2.0,Mass,26-35,Personal Loan
766,3cf82bca-3a60-4d42-9426-76dc9089697f,872,2026-04-11 11:35:18,1,18.0,0.3046666666666667,2,Negative,-0.3237666666666667,32.0,v1.0,English,Insurance Renewal,1,109.0,90+,High,43900.79,1.0,0.0,1.0,Mass,56-65,Credit Card
6954,63be4292-abc9-4ea7-99af-7d9fc9fa53f3,1023,2026-04-11 11:43:50,1,17.0,0.4439333333333333,2,Neutral,-0.25489999999999996,42.0,v1.0,Hindi,Insurance Renewal,1,4.0,1-30,Low,28804.96,1.0,0.0,2.0,Mass,36-45,Personal Loan
8566,ef06556b-7f56-4069-acdf-33799976cc14,646,2026-04-11 11:49:18,0,6.0,0.8601000000000001,0,Positive,0.39799999999999996,40.0,v2.0,English,Payment Reminder,1,0.0,0,Low,0.0,3.0,1.0,2.0,Premium,26-35,Home Loan
3247,ddc92d92-bba2-4ccf-bf0f-ef6107033279,794,2026-04-11 11:59:06,1,11.0,0.6853333333333333,1,Positive,0.3192333333333333,39.0,v1.0,Telugu,Loan Application,1,0.0,0,Low,0.0,0.0,0.0,0.0,Mass,26-35,Personal Loan
5261,6e589426-20c7-484b-a1d5-5e50051f7a81,1671,2026-04-11 12:29:41,1,17.0,0.20643333333333333,2,Negative,-0.5547666666666666,35.0,v1.0,Tamil,Lead Qualification,1,118.0,90+,High,87339.99,1.0,0.0,1.0,Mass,56-65,
6103,c8636b69-3fe8-47fd-803b-547717a249f9,1788,2026-04-11 12:29:55,0,1.0,0.9117333333333333,0,Positive,0.6835333333333334,40.0,v2.0,English,Customer Support,1,0.0,0,Low,0.0,1.0,0.0,1.0,Mass,18-25,Credit Card
5439,1131adfe-fe49-4028-8ccf-ca384a9f7ff6,1995,2026-04-11 12:31:39,1,6.0,0.4429,2,Negative,-0.3468,45.0,v1.0,English,Loan Collections,1,97.0,90+,High,57803.9,5.0,2.0,8.0,Premium,36-45,Personal Loan
8619,830e85b4-379b-46d4-866f-184ca26d5992,476,2026-04-11 12:56:56,0,12.0,0.5987333333333333,1,Neutral,0.12423333333333335,33.0,v1.0,English,Loan Collections,1,32.0,31-60,Medium,70206.81,2.0,0.0,1.0,Mass,18-25,Auto Loan
998,d72195aa-6cb0-4702-a59a-1eecb5d25bc2,594,2026-04-11 14:04:20,0,8.0,0.6801666666666667,0,Neutral,0.027066666666666666,24.0,v1.0,Telugu,Customer Support,2,0.0,0,Low,0.0,2.0,0.0,0.0,Mass,18-25,Home Loan
8981,0e730cf6-a2b0-4601-b81d-56623df5e4f0,190,2026-04-11 14:08:53,0,18.0,0.8892666666666668,1,Neutral,0.3656,34.0,v2.0,English,Loan Application,2,0.0,0,Low,0.0,1.0,0.0,0.0,Premium,26-35,Credit Card
7733,40c77f43-3f28-4bb1-8052-468ab8857c66,1868,2026-04-11 15:28:51,0,1.0,0.7881333333333332,0,Neutral,0.4371,36.0,v2.0,English,Insurance Renewal,1,74.0,61-90,High,57961.45,4.0,1.0,3.0,Mass,36-45,Home Loan
9472,26367726-a982-4966-9c97-7246fb07098a,985,2026-04-11 15:43:45,1,,0.3349666666666667,3,Neutral,-0.12163333333333333,37.0,v1.0,Hindi,Payment Reminder,3,0.0,0,Low,0.0,5.0,3.0,8.0,High Value,26-35,Credit Card
8628,8b1b3f45-79b7-47cb-b62a-91928244f67d,410,2026-04-11 16:56:12,0,13.0,0.7920666666666666,1,Neutral,0.06723333333333334,37.0,v1.0,Tamil,Loan Collections,1,0.0,0,Low,0.0,1.0,1.0,1.0,Premium,65+,Credit Card
6167,a24782b0-489d-48a3-ab38-76ac4133aa89,1638,2026-04-11 17:04:52,0,2.0,0.9005666666666666,0,Positive,0.6255000000000001,33.0,v2.0,English,Loan Application,1,0.0,0,Low,0.0,1.0,0.0,1.0,High Value,56-65,Personal Loan
5576,fd06f5cb-1aff-4741-b04b-042d9a2c6096,262,2026-04-11 17:11:27,0,10.0,0.9464,1,Positive,0.5574,25.0,v2.0,English,Customer Support,1,0.0,0,Low,0.0,5.0,1.0,5.0,High Value,36-45,Personal Loan
2123,b22d27d6-7f0f-4e2a-ae07-5259dbb983e9,1697,2026-04-11 17:17:47,0,19.0,0.6181666666666666,2,Positive,0.4479,34.0,v1.0,English,Loan Application,1,0.0,0,Low,0.0,5.0,1.0,4.0,Premium,36-45,Auto Loan
2893,99d258ad-1471-42cc-b78b-6a351f47f50d,865,2026-04-11 17:50:03,1,,0.1186,3,Negative,-0.5812666666666666,32.0,v1.0,English,Insurance Renewal,2,117.0,90+,High,36689.9,6.0,1.0,6.0,Mass,46-55,Credit Card
9312,c84a9847-472e-47ce-be04-a18788e76a19,1643,2026-04-11 19:37:21,1,9.0,0.4784,1,Neutral,-0.36063333333333336,44.0,v1.0,Hindi,Customer Support,1,0.0,0,Low,0.0,1.0,0.0,0.0,Mass,26-35,Credit Card
7565,eed59312-984a-4b8d-82d9-02902b43b989,617,2026-04-12 08:25:03,1,6.0,0.35073333333333334,1,Negative,-0.46573333333333333,34.0,v1.0,English,Loan Collections,1,38.0,31-60,Medium,27272.39,0.0,0.0,0.0,Premium,36-45,Credit Card
6961,03c4c7a4-0d7c-4575-af94-08814b490f89,122,2026-04-12 08:39:01,0,10.0,0.9260999999999999,0,Positive,0.2483666666666667,43.0,v1.1,English,Loan Collections,1,0.0,0,Low,0.0,4.0,1.0,4.0,Wealth,36-45,Credit Card
730,0ae116be-e501-4292-beca-f9b708ef15b0,547,2026-04-12 11:43:58,0,14.0,0.7652333333333333,0,Negative,-0.03480000000000002,21.0,v1.1,English,Loan Collections,1,0.0,0,Low,0.0,1.0,0.0,2.0,Premium,36-45,Credit Card
5208,ff50c067-fddd-46fe-95fa-1cc8153f53e1,1710,2026-04-12 12:57:15,0,18.0,0.7289333333333333,0,Positive,0.021666666666666667,39.0,v1.0,Hindi,Lead Qualification,2,0.0,0,Low,0.0,3.0,0.0,0.0,Mass,26-35,Personal Loan
1833,2e3c3a25-a7af-4aec-a997-c7effef8d40b,1130,2026-04-12 13:49:48,0,1.0,0.6764666666666667,0,Positive,0.22773333333333334,31.0,v1.0,Telugu,Loan Collections,2,15.0,1-30,Low,74448.35,2.0,1.0,4.0,Premium,26-35,Auto Loan
9317,9b02d8ee-416e-4dd2-bd1f-3db52199e8ad,277,2026-04-12 16:00:18,0,1.0,0.9188666666666666,1,Positive,0.6841333333333334,43.0,v2.0,English,Lead Qualification,1,0.0,0,Low,0.0,2.0,1.0,3.0,Mass,18-25,Personal Loan
8537,efae4115-dc8b-4dd6-bc99-6daf1c2b5081,234,2026-04-12 16:16:17,0,11.0,0.8653,0,Positive,0.37013333333333337,43.0,v1.0,Hindi,Loan Collections,1,0.0,0,Low,0.0,3.0,0.0,0.0,Mass,56-65,Credit Card
5219,1f1c6ebd-aa62-4b39-9b40-ebd626708e0a,1753,2026-04-12 17:16:57,0,13.0,0.8590333333333334,1,Neutral,0.29860000000000003,46.0,v1.0,Telugu,Lead Qualification,1,0.0,0,Low,0.0,2.0,1.0,4.0,Premium,36-45,Credit Card
350,5feeb1b8-8c85-40be-9b54-1f1afc919f94,429,2026-04-12 17:48:27,1,7.0,0.7097333333333333,2,Neutral,-0.11636666666666666,45.0,v1.0,Telugu,Lead Qualification,2,60.0,31-60,Medium,38868.6,5.0,3.0,8.0,Mass,26-35,Credit Card
5526,539eb501-4f9f-45ce-b046-6045c0f2afb6,1248,2026-04-12 17:57:17,1,7.0,0.6763666666666667,1,Negative,-0.21436666666666668,50.0,v1.0,English,Lead Qualification,1,80.0,61-90,High,11280.4,1.0,1.0,4.0,Mass,26-35,Credit Card
5006,84f066a8-1b0d-46cd-ae74-603274261772,756,2026-04-12 18:05:13,0,13.0,0.8337,0,Positive,0.23973333333333333,28.0,v1.0,Hindi,Loan Application,2,0.0,0,Low,0.0,3.0,2.0,6.0,Premium,36-45,Credit Card
1900,8a1964df-bed9-4c8c-9a01-a2671fe99384,497,2026-04-12 18:37:09,0,16.0,0.8660666666666667,1,Positive,0.36013333333333336,22.0,v1.0,Hindi,Insurance Renewal,1,0.0,0,Low,0.0,4.0,1.0,1.0,Mass,26-35,Home Loan
2352,4faa7ac6-5a11-4ccd-ad8b-cf0b4b0d2b2f,847,2026-04-12 19:16:50,0,9.0,0.7995666666666666,2,Neutral,0.243,38.0,v1.0,Telugu,Payment Reminder,1,0.0,0,Low,0.0,4.0,2.0,6.0,Mass,46-55,
6396,1d705a94-b565-4f9e-a934-fde996b8919b,1070,2026-04-12 19:17:39,0,8.0,0.8060333333333333,1,Positive,0.3021666666666667,38.0,v1.0,Hindi,Lead Qualification,1,0.0,0,Low,0.0,2.0,0.0,1.0,Premium,26-35,Credit Card
8800,f28dd9a0-4435-4b29-b51f-f3346063915f,1137,2026-04-12 19:33:06,0,11.0,0.7763666666666666,1,Neutral,0.32506666666666667,41.0,v1.0,English,Loan Collections,2,0.0,0,Low,0.0,3.0,1.0,1.0,Wealth,26-35,Credit Card
8436,b5fac531-b1cb-4e7a-82ff-89a9578b4570,8,2026-04-13 09:24:38,1,5.0,0.6990333333333334,1,Neutral,0.04956666666666667,30.0,v1.0,Hindi,Customer Support,1,73.0,61-90,High,36830.63,7.0,3.0,12.0,Mass,26-35,Personal Loan
7603,8a1e9157-41e8-4614-9c51-5bc1ae040def,86,2026-04-13 09:49:25,1,17.0,0.4428,1,Neutral,-0.27596666666666664,34.0,v1.0,Telugu,Lead Qualification,1,0.0,0,Low,0.0,1.0,0.0,0.0,Mass,46-55,Credit Card
3941,bada098e-cd7e-47fe-80fc-6655c3bf2c98,1435,2026-04-13 09:59:20,1,9.0,0.7970333333333333,2,Positive,0.27920000000000006,36.0,v1.0,English,Loan Collections,2,0.0,0,Low,0.0,1.0,0.0,1.0,Premium,26-35,Credit Card
9771,e41b25f2-3865-4cc2-8deb-aaf54c0a8895,834,2026-04-13 10:40:21,1,19.0,0.508,1,Neutral,-0.262,35.0,v1.0,Tamil,Insurance Renewal,1,91.0,90+,High,53566.1,1.0,0.0,0.0,Premium,26-35,Home Loan
3733,85da3b98-09f9-4b20-957d-b10e62742c36,1873,2026-04-13 10:40:49,0,1.0,0.8346666666666667,1,Positive,0.4003666666666666,39.0,v1.0,Tamil,Loan Collections,1,0.0,0,Low,0.0,6.0,1.0,3.0,Mass,36-45,Credit Card
4129,f6dfe26f-68bb-418c-b525-1ae77630308d,1224,2026-04-13 10:58:07,1,18.0,0.6642666666666667,2,Negative,-0.4396,34.0,v1.0,Telugu,Customer Support,2,20.0,1-30,Low,60494.71,6.0,0.0,5.0,High Value,36-45,
4981,54251ace-c0aa-495d-b58e-acbb5ceffa89,1711,2026-04-13 11:05:42,0,10.0,0.888,0,Positive,0.4643333333333333,34.0,v1.1,English,Payment Reminder,1,0.0,0,Low,0.0,2.0,1.0,2.0,Mass,18-25,Credit Card
2777,08797220-cc46-47c6-9e8c-4938f4be22c1,1502,2026-04-13 11:42:45,0,6.0,0.42946666666666666,1,Positive,0.18363333333333332,29.0,v1.0,Hindi,Loan Collections,1,0.0,0,Low,0.0,3.0,0.0,0.0,High Value,36-45,Personal Loan
164,cd76d369-2e3d-4d85-a55e-58bbfc2cb4f5,1309,2026-04-13 11:52:18,1,7.0,0.7278333333333333,2,Neutral,-0.14986666666666668,36.0,v1.0,Telugu,Loan Application,2,9.0,1-30,Low,35803.92,6.0,0.0,3.0,Premium,56-65,Auto Loan
2244,73da605d-7f61-4c99-8a43-282d07586198,1676,2026-04-13 13:45:34,1,10.0,0.38443333333333335,1,Negative,-0.47036666666666666,27.0,v1.1,English,Customer Support,1,98.0,90+,High,26459.79,3.0,0.0,1.0,Premium,46-55,Personal Loan
5473,25e90ac7-b02f-4fc3-b11d-c2d5e2ed0349,1438,2026-04-13 13:45:46,1,2.0,0.4813,2,Neutral,0.03003333333333333,42.0,v1.0,Tamil,Loan Collections,1,0.0,0,Low,0.0,3.0,2.0,6.0,Premium,26-35,
677,12fb9b7d-8310-4bc6-bd8f-96aeef51f6f9,1929,2026-04-13 14:23:37,0,10.0,0.9489666666666666,0,Positive,0.6336333333333334,38.0,v2.0,English,Payment Reminder,1,0.0,0,Low,0.0,2.0,1.0,1.0,Premium,46-55,Credit Card
669,203a93b6-71b4-4368-9753-05701f479844,1412,2026-04-13 14:25:28,0,11.0,0.6899333333333333,1,Neutral,0.27263333333333334,32.0,v1.0,Telugu,Loan Collections,1,66.0,61-90,High,48626.49,1.0,0.0,0.0,High Value,36-45,Credit Card
8940,711eaf3c-f47a-4c66-9709-e1a03bedc80a,749,2026-04-13 16:10:47,0,7.0,0.7360333333333333,1,Neutral,-0.050633333333333336,30.0,v1.0,Tamil,Loan Collections,1,37.0,31-60,Medium,48143.51,0.0,0.0,0.0,Premium,46-55,Personal Loan
7497,601e863c-c546-4a5a-a159-120eb9e700d8,530,2026-04-13 16:54:16,0,5.0,0.8229333333333333,1,Positive,0.5105666666666667,37.0,v1.0,Tamil,Insurance Renewal,1,19.0,1-30,Low,57544.16,2.0,0.0,2.0,Premium,36-45,Personal Loan
4371,8001c1c9-6250-44ec-afe9-37e923cf1584,1811,2026-04-13 17:13:54,0,4.0,0.5918,1,Neutral,-0.31506666666666666,23.0,v1.0,English,Loan Collections,1,56.0,31-60,Medium,39782.33,1.0,0.0,0.0,Mass,46-55,Credit Card
7841,5dba466c-9218-47b3-988f-ec34244d68f4,371,2026-04-13 17:50:08,0,8.0,0.8289,1,Positive,0.27523333333333333,39.0,v2.0,English,Loan Application,1,0.0,0,Low,0.0,5.0,0.0,1.0,Mass,36-45,Credit Card
7480,5e55a60a-8a78-4c52-8362-46ffd7874bd6,1488,2026-04-13 18:03:25,0,11.0,0.8609333333333332,0,Neutral,0.31766666666666665,35.0,v1.0,English,Customer Support,2,0.0,0,Low,0.0,7.0,4.0,12.0,High Value,36-45,Credit Card
2618,33dd4943-2559-42d6-8d00-622d7133e01e,1929,2026-04-13 19:26:43,0,13.0,0.9139333333333334,0,Positive,0.6022333333333334,41.0,v2.0,English,Loan Collections,1,0.0,0,Low,0.0,3.0,1.0,1.0,Premium,46-55,Credit Card
7502,6017fe28-a267-4b85-9456-dff4a6ebcc93,982,2026-04-13 19:41:23,0,7.0,0.8526666666666666,1,Positive,0.3437666666666666,29.0,v1.0,Tamil,Payment Reminder,1,0.0,0,Low,0.0,2.0,1.0,5.0,Mass,18-25,Credit Card
3754,6aff64f1-b75d-46ec-bc49-5852b021a0b6,1344,2026-04-14 09:01:41,0,10.0,0.6211666666666668,1,Positive,0.0692,40.0,v1.0,Telugu,Insurance Renewal,1,44.0,31-60,Medium,63120.54,1.0,0.0,0.0,Mass,26-35,Credit Card
2902,7491e487-3ca5-457f-8686-29cad778f7d4,1821,2026-04-14 09:05:29,0,14.0,0.7789333333333334,0,Neutral,0.3016,26.0,v1.0,Hindi,Lead Qualification,2,0.0,0,Low,0.0,6.0,1.0,4.0,High Value,26-35,Personal Loan
498,ca35e77a-a35a-4f9e-a830-89113632b242,457,2026-04-14 10:49:20,1,2.0,0.4022333333333334,2,Negative,-0.4491,46.0,v1.0,Hindi,Payment Reminder,1,102.0,90+,High,47141.36,1.0,0.0,0.0,Mass,56-65,Home Loan
8275,c7c9b532-bf80-4a1e-9ef9-1770cefd8c5a,1624,2026-04-14 11:51:23,0,5.0,0.8138,1,Positive,0.42700000000000005,34.0,v1.0,English,Payment Reminder,1,0.0,0,Low,0.0,1.0,0.0,1.0,High Value,36-45,Credit Card
8353,2e2b89e5-245e-463c-a5c7-f964df9f1919,1575,2026-04-14 12:00:31,1,5.0,0.6334666666666666,1,Neutral,-0.11989999999999999,24.0,v1.0,English,Payment Reminder,2,97.0,90+,High,56442.71,3.0,2.0,4.0,Premium,36-45,Credit Card
512,e34f1173-7aaa-4fbb-96fe-4dcefb0ff471,1241,2026-04-14 12:10:23,0,1.0,0.835,1,Positive,0.5648333333333334,51.0,v1.0,English,Customer Support,2,0.0,0,Low,0.0,2.0,0.0,1.0,Mass,46-55,Personal Loan
634,8cc1fdd7-b5ab-4719-a561-4fcaf117299d,482,2026-04-14 12:39:32,0,5.0,0.9117666666666667,1,Positive,0.4756666666666667,39.0,v1.0,Telugu,Payment Reminder,1,0.0,0,Low,0.0,5.0,1.0,2.0,Premium,26-35,Credit Card
7761,71f2e305-fdb0-4045-9b71-e90c22aef1c8,937,2026-04-14 13:02:00,0,8.0,0.8024333333333332,0,Negative,-0.023033333333333333,43.0,v1.0,Hindi,Loan Collections,1,0.0,0,Low,0.0,1.0,0.0,0.0,Premium,36-45,Personal Loan
7445,ed020031-c4d5-4420-980c-e0efc2c3280f,1194,2026-04-14 13:18:12,1,13.0,0.7606999999999999,2,Neutral,0.31293333333333334,32.0,v1.0,Tamil,Loan Application,1,0.0,0,Low,0.0,2.0,0.0,2.0,Mass,56-65,Credit Card
1622,c870c896-fac7-4963-a065-2ae44004d018,1724,2026-04-14 13:43:45,1,18.0,0.29463333333333336,1,Neutral,-0.145,26.0,v1.0,Tamil,Customer Support,1,112.0,90+,High,102027.53,3.0,0.0,3.0,Premium,26-35,Personal Loan
717,0ae2682e-8906-4c98-b7a1-f0126b450eb6,648,2026-04-14 14:18:56,0,15.0,0.8330333333333334,0,Positive,0.4428,41.0,v2.0,English,Lead Qualification,1,0.0,0,Low,0.0,1.0,0.0,1.0,Mass,36-45,Credit Card
1093,7006866e-2114-4a30-ae4a-b5615c202824,1644,2026-04-14 14:22:53,0,5.0,0.8711333333333333,0,Positive,0.5218666666666666,34.0,v1.0,Telugu,Loan Collections,1,0.0,0,Low,0.0,1.0,0.0,0.0,Premium,18-25,Personal Loan
6964,a56b008d-ecd8-4115-91ae-c16197f062e1,1148,2026-04-14 14:30:12,0,10.0,0.7994333333333333,0,Positive,0.38220000000000004,33.0,v1.0,Telugu,Lead Qualification,1,0.0,0,Low,0.0,4.0,0.0,0.0,Mass,46-55,Personal Loan
9726,49f8d7bf-849b-4f24-8548-11cbd09464e3,1465,2026-04-14 16:00:21,1,2.0,0.8893333333333334,1,Neutral,0.1829666666666667,27.0,v2.0,English,Payment Reminder,1,0.0,0,Low,0.0,2.0,1.0,3.0,Premium,46-55,Personal Loan
2453,d3de39ca-a22e-428a-a13a-99fbb6b1da9b,1816,2026-04-14 16:05:58,0,10.0,0.9315333333333333,0,Positive,0.7654000000000001,32.0,v2.0,English,Insurance Renewal,1,0.0,0,Low,0.0,1.0,0.0,1.0,Mass,26-35,Credit Card
3221,e836a7bb-4814-4703-85e0-c7d4c8dbbea1,1635,2026-04-14 17:04:12,1,11.0,0.5491333333333334,2,Neutral,-0.17163333333333333,33.0,v1.0,Tamil,Payment Reminder,2,89.0,61-90,High,55972.01,5.0,0.0,2.0,Mass,26-35,
4849,7934a577-ee70-4198-ba11-deff7238e215,1186,2026-04-14 17:26:20,1,5.0,0.6856333333333334,2,Neutral,0.1823,40.0,v1.1,English,Loan Application,3,114.0,90+,High,34475.51,3.0,1.0,2.0,Mass,26-35,Credit Card
7951,dd34f34a-531c-4150-8509-f6935da184bf,1382,2026-04-14 17:51:57,1,7.0,0.6904666666666667,2,Neutral,0.06896666666666666,24.0,v1.0,English,Customer Support,2,0.0,0,Low,0.0,4.0,0.0,3.0,Mass,26-35,Personal Loan
5121,42385fe2-61c5-47e8-b635-a1b98ff9949b,521,2026-04-14 18:08:27,1,19.0,0.5596666666666666,1,Neutral,-0.2502,20.0,v1.0,Hindi,Customer Support,2,91.0,90+,High,44004.89,4.0,0.0,1.0,Premium,36-45,Auto Loan
1497,37711b18-ab97-4a49-9866-2e1176a5f5b0,1537,2026-04-15 08:28:28,0,10.0,0.7602666666666668,0,Neutral,0.1254333333333333,28.0,v1.1,English,Customer Support,2,67.0,61-90,High,27006.56,2.0,0.0,1.0,High Value,26-35,
8578,ee533143-b4fe-46f2-b6f3-61af7f69c6b4,1261,2026-04-15 08:58:32,0,8.0,0.8973666666666666,0,Positive,0.6661666666666667,36.0,v2.0,English,Payment Reminder,1,0.0,0,Low,0.0,3.0,2.0,3.0,Premium,36-45,Personal Loan
5168,0935df0a-720c-4f06-a574-3c22295855d1,268,2026-04-15 09:18:05,1,13.0,0.6846,2,Negative,-0.16396666666666668,28.0,v1.1,English,Payment Reminder,1,88.0,61-90,High,39496.12,1.0,0.0,0.0,High Value,36-45,Personal Loan
5500,c29a08d4-c821-4d9c-9205-c0f1552c96ed,10,2026-04-15 10:00:29,0,19.0,0.7882333333333333,1,Positive,0.441,31.0,v1.0,Hindi,Loan Application,1,0.0,0,Low,0.0,1.0,0.0,1.0,Premium,26-35,Credit Card
1949,f7eded31-c6c3-447b-9440-1247d0bf10b8,1785,2026-04-15 11:07:51,0,10.0,0.9039666666666667,0,Positive,0.47636666666666666,30.0,v2.0,English,Insurance Renewal,1,0.0,0,Low,0.0,2.0,1.0,3.0,Premium,26-35,Credit Card
6918,d449442c-ce20-4df4-9105-c22618e63c2b,427,2026-04-15 11:45:20,0,12.0,0.8876333333333334,1,Positive,0.4517333333333333,36.0,v1.1,English,Insurance Renewal,1,0.0,0,Low,0.0,1.0,0.0,0.0,Mass,46-55,Personal Loan
5944,ee9e5e7e-7f89-4218-bc30-65983a8aeb50,363,2026-04-15 11:53:52,1,,0.4649666666666667,3,Negative,-0.014833333333333329,36.0,v1.0,Telugu,Insurance Renewal,2,65.0,61-90,High,49967.8,3.0,1.0,3.0,Mass,36-45,Personal Loan
5255,21dd3a52-403b-4ee5-9e6e-8cd29fe21c18,1166,2026-04-15 12:09:33,1,3.0,0.36860000000000004,1,Negative,-0.44343333333333335,32.0,v1.0,English,Payment Reminder,2,28.0,1-30,Low,80289.46,4.0,2.0,10.0,Mass,36-45,Personal Loan
9017,5feeff5d-603c-4996-b869-0defbd34f9be,724,2026-04-15 12:33:35,0,19.0,0.9012333333333333,0,Neutral,0.4906333333333333,34.0,v1.1,English,Loan Application,1,0.0,0,Low,0.0,3.0,0.0,0.0,Premium,18-25,Credit Card
3513,503fe1ad-0736-4bb1-a73e-36c1591ea8ff,667,2026-04-15 12:42:22,0,11.0,0.8455333333333334,0,Positive,0.34506666666666663,23.0,v1.0,Telugu,Lead Qualification,1,0.0,0,Low,0.0,3.0,2.0,2.0,Mass,26-35,Personal Loan
4729,1c806409-b6ee-4fc4-8e4c-8b5849ca397c,729,2026-04-15 13:41:32,1,11.0,0.7439666666666667,1,Positive,0.4083333333333334,36.0,v1.0,Hindi,Loan Collections,2,15.0,1-30,Low,57878.76,5.0,2.0,5.0,Premium,26-35,Credit Card
8206,c0493ec1-ce6d-4e9c-a2ce-2a28c10eda40,163,2026-04-15 13:57:04,1,14.0,0.5220666666666667,1,Neutral,0.1643,34.0,v1.0,Telugu,Customer Support,1,0.0,0,Low,0.0,0.0,0.0,0.0,Wealth,36-45,Credit Card
9878,d5498daf-e733-4fd2-b0c5-e79ef57a7fe7,554,2026-04-15 13:58:43,1,4.0,0.6729333333333333,1,Negative,-0.2436,31.0,v1.0,Telugu,Loan Collections,2,0.0,0,Low,0.0,4.0,0.0,1.0,Mass,46-55,Auto Loan
6637,95ae69c2-7b1d-4ca2-b434-5e9e53bc6219,1341,2026-04-15 14:09:19,1,1.0,0.4769666666666667,1,Neutral,-0.036599999999999994,31.0,v1.0,English,Loan Collections,1,78.0,61-90,High,106261.59,0.0,0.0,0.0,Mass,36-45,Personal Loan
846,c813a9c3-1516-42ae-8110-00ae4c2cf25c,1458,2026-04-15 15:20:04,0,12.0,0.7356666666666666,0,Neutral,0.11009999999999999,38.0,v1.0,Hindi,Customer Support,1,0.0,0,Low,0.0,1.0,0.0,0.0,Mass,36-45,Credit Card
1228,54655c6d-9871-4c28-882a-157f0c3f3d29,1864,2026-04-15 15:29:27,0,8.0,0.7194666666666666,0,Neutral,-0.044233333333333326,35.0,v1.0,Telugu,Loan Application,1,0.0,0,Low,0.0,0.0,0.0,0.0,High Value,56-65,Auto Loan
4841,63009f7f-56af-4bd8-9a24-972d527d7e26,410,2026-04-15 15:50:07,1,14.0,0.5153333333333333,2,Neutral,-0.2812,34.0,v1.0,English,Customer Support,1,0.0,0,Low,0.0,2.0,1.0,2.0,Premium,65+,Credit Card
3277,9289244f-020e-4487-8edb-abf509794829,1732,2026-04-15 16:30:39,0,19.0,0.8861,1,Neutral,0.3692333333333333,34.0,v1.1,English,Customer Support,2,0.0,0,Low,0.0,2.0,0.0,1.0,Mass,18-25,Personal Loan
4324,ed80e01c-1bcc-4cab-997b-7d97038c6d0c,1504,2026-04-15 16:40:17,1,,0.40146666666666664,3,Negative,-0.21,29.0,v1.0,English,Lead Qualification,3,0.0,0,Low,0.0,4.0,0.0,1.0,Premium,26-35,Credit Card
5357,47b83cfb-e6a9-4f5b-a5e2-3e2f5924fc20,1040,2026-04-15 19:42:28,0,13.0,0.9337,0,Positive,0.47700000000000004,40.0,v2.0,English,Customer Support,2,0.0,0,Low,0.0,1.0,0.0,0.0,Mass,26-35,Auto Loan
8449,6e22a9b2-7bcb-4a2f-8efe-ed48ddfbf6cf,1919,2026-04-15 19:57:13,0,16.0,0.9171666666666667,0,Positive,0.6172666666666666,40.0,v2.0,English,Payment Reminder,3,0.0,0,Low,0.0,5.0,3.0,5.0,Premium,18-25,Personal Loan
5242,737cc0e9-8461-42f8-a645-cfb92998be89,667,2026-04-16 08:19:29,1,3.0,0.7069000000000001,1,Positive,0.2833333333333333,34.0,v2.0,English,Payment Reminder,3,0.0,0,Low,0.0,4.0,2.0,3.0,Mass,26-35,Personal Loan
8941,f8caa57a-efdc-48d0-ad17-04f8de2b79bd,1668,2026-04-16 08:51:39,1,2.0,0.8076,1,Neutral,0.13986666666666667,38.0,v2.0,English,Lead Qualification,3,4.0,1-30,Low,39387.31,5.0,0.0,2.0,Mass,26-35,Personal Loan
9178,b1627cd6-42a5-4d0e-88a7-a302666a6215,289,2026-04-16 09:15:38,1,4.0,0.49756666666666666,2,Neutral,-0.11493333333333333,46.0,v1.0,English,Loan Application,1,0.0,0,Low,0.0,3.0,1.0,4.0,Mass,46-55,Auto Loan
2110,82349e57-f6c4-426b-b59b-89c15192e9a3,1983,2026-04-16 09:31:21,0,9.0,0.8958,0,Positive,0.5477,43.0,v1.1,English,Insurance Renewal,1,0.0,0,Low,0.0,3.0,0.0,0.0,Premium,36-45,Credit Card
8919,7c77a8ca-d1b5-4360-9233-b6263ac973d0,408,2026-04-16 10:59:47,0,12.0,0.7803333333333334,0,Positive,0.15756666666666666,39.0,v1.0,Tamil,Lead Qualification,1,0.0,0,Low,0.0,4.0,1.0,5.0,Wealth,26-35,Credit Card
5431,38619248-cb4c-420f-97e5-bee397616f78,1106,2026-04-16 11:03:28,0,1.0,0.9392333333333333,0,Positive,0.6196,39.0,v2.0,English,Lead Qualification,1,0.0,0,Low,0.0,6.0,1.0,1.0,Mass,46-55,Personal Loan
3353,ee54a417-9b8d-464f-b527-025b4e41f74c,1499,2026-04-16 14:18:34,1,6.0,0.37939999999999996,2,Neutral,-0.2544666666666667,27.0,v1.0,Tamil,Lead Qualification,1,13.0,1-30,Low,49553.7,2.0,0.0,1.0,Premium,46-55,Personal Loan
7753,1a3d1e46-438c-4933-9b43-e72a005b0a72,1958,2026-04-16 14:43:00,1,14.0,0.49533333333333335,2,Neutral,0.0114,43.0,v1.0,Tamil,Customer Support,1,0.0,0,Low,0.0,3.0,1.0,4.0,Mass,26-35,Personal Loan
2472,1b192b92-9c3e-4ce2-b3ce-210c6d8e6a0b,1065,2026-04-16 15:04:45,1,4.0,0.4201,1,Neutral,-0.11173333333333335,15.0,v1.0,Hindi,Loan Collections,2,47.0,31-60,Medium,61467.14,7.0,4.0,9.0,Mass,18-25,Credit Card
7051,64e599d2-5141-429a-8229-69581c802505,160,2026-04-16 15:18:00,0,1.0,0.9209999999999999,1,Positive,0.42096666666666666,28.0,v2.0,English,Customer Support,1,59.0,31-60,Medium,56722.4,1.0,1.0,5.0,Premium,36-45,Personal Loan
2285,35f26051-9713-4538-9f81-f136134444f8,304,2026-04-16 15:19:57,0,8.0,0.7332333333333333,0,Neutral,0.010733333333333336,31.0,v1.0,English,Lead Qualification,2,0.0,0,Low,0.0,2.0,1.0,3.0,Premium,46-55,Credit Card
9405,2fc0c7c5-d6f5-402e-af58-dbddb76f2e24,1904,2026-04-16 15:52:35,0,1.0,0.6232,1,Positive,0.3699666666666667,34.0,v1.1,English,Payment Reminder,1,86.0,61-90,High,39255.5,1.0,1.0,2.0,Premium,26-35,Personal Loan
9815,d345aac4-9343-4e58-9e21-c6de8b38a744,597,2026-04-16 17:18:41,1,4.0,0.22063333333333335,2,Neutral,-0.3625,28.0,v1.0,Hindi,Customer Support,1,70.0,61-90,High,94201.96,2.0,1.0,3.0,Mass,36-45,Personal Loan
4075,d4936596-d1df-4656-8929-8ac5f2ed74f8,1672,2026-04-16 18:06:14,0,18.0,0.6772333333333332,1,Neutral,-0.05283333333333332,36.0,v1.0,Hindi,Customer Support,1,0.0,0,Low,0.0,5.0,0.0,1.0,Premium,36-45,Personal Loan
7261,73ecc8ea-251b-409e-bdb5-9c1a7bbdfebe,1935,2026-04-16 19:08:48,0,18.0,0.8626,1,Positive,0.29033333333333333,39.0,v1.1,English,Payment Reminder,1,0.0,0,Low,0.0,5.0,1.0,4.0,Mass,26-35,Personal Loan
8365,9a45bc78-8626-454b-a2dd-bbcea0243557,698,2026-04-17 08:00:41,0,19.0,0.9228333333333333,1,Positive,0.6782333333333334,28.0,v2.0,English,Loan Collections,1,0.0,0,Low,0.0,3.0,2.0,4.0,Premium,46-55,Credit Card
6570,89d56b5c-1318-4c06-9d76-33ce656fae5c,1559,2026-04-17 08:22:15,1,18.0,0.598,2,Neutral,-0.06706666666666666,40.0,v1.0,Tamil,Lead Qualification,1,0.0,0,Low,0.0,2.0,0.0,0.0,Mass,46-55,Credit Card
9308,d0160229-5a27-466d-aa7f-baa3e5466871,402,2026-04-17 11:19:18,0,5.0,0.8125666666666667,1,Positive,0.3528,42.0,v2.0,English,Loan Collections,1,0.0,0,Low,0.0,5.0,1.0,6.0,High Value,36-45,Credit Card
2054,edd0ab68-f59c-430a-8ff9-1fabacb2cec9,790,2026-04-17 12:16:18,0,2.0,0.8683,1,Positive,0.3688,30.0,v2.0,English,Loan Collections,1,0.0,0,Low,0.0,3.0,1.0,1.0,Mass,46-55,Personal Loan
1283,8f9f66dd-e17d-4d58-ad07-6328edd4e99c,1789,2026-04-17 12:25:30,0,18.0,0.8702666666666666,0,Positive,0.5610333333333334,40.0,v2.0,English,Lead Qualification,3,0.0,0,Low,0.0,3.0,1.0,4.0,Mass,36-45,Auto Loan
1899,6e9e842c-210a-4c46-8693-234b047d2f38,84,2026-04-17 14:48:28,0,10.0,0.8888333333333334,0,Positive,0.5682333333333334,41.0,v2.0,English,Loan Collections,1,0.0,0,Low,0.0,1.0,0.0,0.0,Premium,26-35,Credit Card
8195,7118eed5-239a-4429-95df-fe95dbee3453,286,2026-04-17 15:14:56,0,19.0,0.9178666666666667,0,Neutral,0.2925333333333333,26.0,v1.1,English,Loan Collections,1,0.0,0,Low,0.0,1.0,0.0,0.0,Mass,46-55,Personal Loan
514,096ff13c-78a7-47b9-a985-ef8e4cb43ee9,412,2026-04-17 15:15:06,0,5.0,0.8121999999999999,1,Positive,0.6454333333333334,51.0,v1.0,Telugu,Customer Support,3,0.0,0,Low,0.0,3.0,1.0,2.0,High Value,46-55,
1426,77527762-428c-46f9-846e-a6380e5148a9,1040,2026-04-17 17:56:20,0,4.0,0.7219333333333333,1,Neutral,0.18016666666666667,41.0,v1.0,Hindi,Loan Collections,1,0.0,0,Low,0.0,2.0,0.0,1.0,Mass,26-35,Auto Loan
9544,b7a5a305-03a3-4737-b298-dd125408d4e0,1331,2026-04-17 18:57:56,0,15.0,0.7482333333333333,1,Positive,0.26899999999999996,28.0,v2.0,English,Payment Reminder,1,0.0,0,Low,0.0,6.0,3.0,9.0,Mass,46-55,Personal Loan
6944,4d82920e-14a0-45a9-805c-fc7165f75c1a,1704,2026-04-17 19:38:37,0,11.0,0.8173,1,Positive,0.3247333333333333,28.0,v1.0,Telugu,Lead Qualification,1,0.0,0,Low,0.0,2.0,1.0,5.0,Mass,26-35,Credit Card
1532,ac30e375-f2b8-4e7e-8ba7-15055bc2b4df,1033,2026-04-17 19:40:36,0,16.0,0.9201666666666667,0,Positive,0.7365666666666667,31.0,v2.0,English,Insurance Renewal,1,0.0,0,Low,0.0,2.0,0.0,0.0,Mass,56-65,Credit Card
9452,21eb335e-38f7-4661-b076-1cd1d8cf627d,1603,2026-04-17 19:58:41,0,19.0,0.8736666666666667,0,Positive,0.47293333333333337,31.0,v1.1,English,Loan Application,3,3.0,1-30,Low,31334.29,2.0,0.0,1.0,Premium,36-45,Credit Card
7114,a17d90f7-c826-493e-9ffc-3f6fc6d6fb62,218,2026-04-18 09:15:46,0,19.0,0.7927333333333334,1,Positive,0.14959999999999998,23.0,v1.0,Telugu,Customer Support,2,0.0,0,Low,0.0,6.0,0.0,2.0,High Value,26-35,Credit Card
2884,a7cadb63-ec0f-4922-92d3-779f06649d54,1532,2026-04-18 11:05:41,0,12.0,0.8801,0,Positive,0.5803333333333334,28.0,v2.0,English,Loan Application,1,0.0,0,Low,0.0,4.0,1.0,3.0,Premium,46-55,Credit Card
7364,d90110a5-fec5-4457-9b28-4403ebdc5029,208,2026-04-18 11:16:29,0,2.0,0.8527333333333335,1,Neutral,-0.04079999999999998,39.0,v1.1,English,Loan Application,1,0.0,0,Low,0.0,4.0,0.0,2.0,Premium,46-55,Auto Loan
6724,09922677-ae7d-4d80-bf8d-d867734149fd,308,2026-04-18 11:27:53,1,,0.3786333333333333,3,Negative,-0.3025333333333333,40.0,v1.0,Hindi,Lead Qualification,2,0.0,0,Low,0.0,7.0,3.0,6.0,Premium,36-45,Credit Card
1920,35e9b426-f0c7-4683-bdbd-fb5a9d5184a7,1920,2026-04-18 11:41:53,0,1.0,0.7762333333333333,0,Positive,0.38999999999999996,37.0,v1.0,Hindi,Loan Collections,1,0.0,0,Low,0.0,4.0,0.0,1.0,Mass,18-25,Credit Card
5767,2128cc8e-7b4e-41ba-a50f-b40df470f9ef,950,2026-04-18 12:38:34,1,11.0,0.4432666666666667,1,Negative,-0.19699999999999998,41.0,v1.0,English,Payment Reminder,1,118.0,90+,High,54730.62,1.0,0.0,0.0,Wealth,26-35,Credit Card
685,b6d176a9-f6b5-43aa-a326-8cba523f20de,366,2026-04-18 13:10:16,0,9.0,0.7841,1,Positive,0.2830333333333333,48.0,v1.0,Telugu,Payment Reminder,1,0.0,0,Low,0.0,0.0,0.0,0.0,Mass,36-45,Personal Loan
3813,6e121168-52bb-42c5-95ab-56762986654b,157,2026-04-18 13:24:57,0,13.0,0.7989,1,Positive,0.35119999999999996,31.0,v1.0,Telugu,Loan Collections,1,0.0,0,Low,0.0,1.0,0.0,1.0,Mass,36-45,Credit Card
1825,23cc45e5-6112-4d0f-89a9-6c02eae6dcbd,1190,2026-04-18 15:28:16,0,11.0,0.8393,0,Positive,0.3957,36.0,v1.0,Hindi,Loan Collections,1,0.0,0,Low,0.0,2.0,1.0,1.0,Premium,26-35,Credit Card
5618,c40e5639-8617-49f0-a17b-3ff7aab8eb51,180,2026-04-18 15:49:12,0,8.0,0.7199333333333334,1,Neutral,0.1539,42.0,v1.0,English,Loan Collections,1,0.0,0,Low,0.0,2.0,1.0,2.0,High Value,26-35,Personal Loan
1792,5ba0655e-051b-45c3-bd0d-21a3393def9a,117,2026-04-18 15:54:35,0,1.0,0.5596,1,Positive,0.21116666666666664,27.0,v2.0,English,Payment Reminder,1,68.0,61-90,High,44871.57,4.0,0.0,1.0,Premium,18-25,
924,29dd0796-ddab-4db2-8f17-cbc51da888f4,738,2026-04-18 17:00:43,1,,0.47876666666666673,3,Negative,-0.2856666666666667,28.0,v1.0,Tamil,Insurance Renewal,1,99.0,90+,High,46025.07,7.0,1.0,5.0,Premium,36-45,Credit Card
3435,ba995791-8978-413c-a115-3eff3866fa82,1565,2026-04-18 17:25:04,0,1.0,0.6648,1,Positive,0.2437666666666667,22.0,v1.0,English,Payment Reminder,1,0.0,0,Low,0.0,2.0,0.0,0.0,Mass,36-45,Home Loan
8894,a602bc3d-3bad-4d98-a49a-6980c83afc1c,524,2026-04-18 18:44:06,0,9.0,0.7773333333333333,0,Neutral,0.08986666666666666,25.0,v1.1,English,Customer Support,2,65.0,61-90,High,35195.63,2.0,1.0,2.0,Premium,46-55,Credit Card
6454,78391258-8c99-49dd-9970-ffc5dfc13df6,252,2026-04-18 19:09:49,0,19.0,0.8441333333333333,2,Positive,0.4078,54.0,v1.0,Tamil,Customer Support,2,0.0,0,Low,0.0,3.0,0.0,2.0,Premium,26-35,Personal Loan
1797,890bc84d-04e6-4233-bb6d-f077fe798341,1419,2026-04-19 08:21:57,0,12.0,0.8621333333333334,0,Positive,0.5404,39.0,v1.1,English,Insurance Renewal,1,0.0,0,Low,0.0,0.0,0.0,0.0,Premium,26-35,Credit Card
4259,e41e8a87-afaf-47d1-a099-c1c98c7a18c9,220,2026-04-19 10:23:26,1,13.0,0.32516666666666666,2,Negative,-0.31456666666666666,33.0,v1.0,Telugu,Loan Collections,2,99.0,90+,High,53674.89,2.0,1.0,2.0,Premium,36-45,Home Loan
6684,f801d8fa-df1e-4e3f-bf2a-75c74a3c5384,1689,2026-04-19 10:28:28,1,3.0,0.3806,2,Neutral,-0.3792,30.0,v1.0,Tamil,Payment Reminder,2,37.0,31-60,Medium,35916.69,2.0,1.0,4.0,Mass,26-35,Home Loan
6753,0f0ef0bb-1a39-4b76-bc09-4d3c527f9f42,1048,2026-04-19 12:03:11,1,16.0,0.49943333333333334,2,Negative,-0.14266666666666666,30.0,v1.0,Telugu,Customer Support,2,84.0,61-90,High,38791.41,3.0,0.0,1.0,Mass,56-65,Personal Loan
7370,76462794-a0f3-4fa4-a479-77866e8e763d,991,2026-04-19 12:29:19,0,13.0,0.7431666666666666,1,Positive,0.36389999999999995,28.0,v1.0,Telugu,Loan Collections,2,0.0,0,Low,0.0,2.0,0.0,0.0,Mass,36-45,Home Loan
9142,3f9c0253-ca67-4b17-8b66-93d962c7797b,409,2026-04-19 12:36:30,0,10.0,0.9267,0,Positive,0.4468666666666667,45.0,v1.1,English,Insurance Renewal,1,0.0,0,Low,0.0,3.0,1.0,2.0,High Value,36-45,Personal Loan
3898,5e534247-719f-45cb-8e26-1b9b6d79d4a3,227,2026-04-19 13:30:32,1,4.0,0.8093,1,Neutral,0.4504666666666666,44.0,v2.0,English,Customer Support,2,0.0,0,Low,0.0,7.0,1.0,7.0,Mass,36-45,Personal Loan
3383,35ae09be-f4ae-4412-9baa-f3472b956362,862,2026-04-19 14:32:35,1,,0.17983333333333332,3,Negative,-0.7064333333333334,43.0,v1.0,Tamil,Customer Support,3,87.0,61-90,High,39569.5,5.0,2.0,4.0,Mass,18-25,Credit Card
9668,b63258e6-ce2f-4098-a66b-073f55b61fa9,1076,2026-04-19 15:48:46,0,9.0,0.7958666666666666,0,Neutral,0.2529666666666667,49.0,v1.0,English,Payment Reminder,1,0.0,0,Low,0.0,1.0,0.0,1.0,High Value,36-45,
8730,895905f8-ef7d-4da1-b4c3-1705154e6114,489,2026-04-19 15:56:28,0,3.0,0.45903333333333335,0,Neutral,-0.1625,36.0,v1.1,English,Lead Qualification,1,47.0,31-60,Medium,38493.62,0.0,0.0,0.0,High Value,46-55,Home Loan
5374,c4f276d7-b4e9-44bc-88a1-37f4ebc3bfce,1598,2026-04-19 16:58:43,0,12.0,0.6960333333333333,1,Positive,0.00313333333333334,47.0,v1.0,Tamil,Insurance Renewal,2,7.0,1-30,Low,62622.93,3.0,0.0,1.0,Mass,46-55,Credit Card
5568,f2ff1208-184d-47a5-bcc1-f26ca8b1c650,1872,2026-04-19 17:05:03,1,12.0,0.8231999999999999,1,Positive,0.2805666666666667,29.0,v1.0,Hindi,Loan Collections,2,0.0,0,Low,0.0,6.0,1.0,1.0,Mass,46-55,Credit Card
3026,02af3c85-1264-4987-8133-c5ec56ec8755,1860,2026-04-19 17:06:09,1,15.0,0.1697,1,Negative,-0.40983333333333327,38.0,v1.0,Hindi,Customer Support,2,112.0,90+,High,41556.04,3.0,0.0,1.0,Mass,46-55,Credit Card
6444,d50f3990-0da2-459c-ad82-5f45fb10712e,1957,2026-04-19 17:57:51,0,16.0,0.9010333333333334,1,Positive,0.6348666666666666,28.0,v2.0,English,Payment Reminder,2,0.0,0,Low,0.0,5.0,4.0,10.0,Mass,65+,Personal Loan
1260,1a83ab31-9114-44e9-858d-5cb8861433b0,1075,2026-04-19 18:03:55,0,13.0,0.8388666666666666,1,Neutral,0.4073333333333333,38.0,v1.0,Hindi,Customer Support,1,0.0,0,Low,0.0,1.0,0.0,0.0,Mass,36-45,Personal Loan
1037,cc09289b-3316-4b3b-ab59-ff977087c4f9,207,2026-04-19 18:25:53,0,14.0,0.7021999999999999,0,Positive,0.1439,36.0,v1.1,English,Lead Qualification,1,0.0,0,Low,0.0,3.0,1.0,3.0,Mass,26-35,Personal Loan
7666,83ee9ba8-3bdf-4b9b-95bd-83de4d22f4c6,77,2026-04-19 19:42:36,0,13.0,0.7748666666666667,0,Neutral,0.2821666666666667,28.0,v1.0,Hindi,Payment Reminder,1,0.0,0,Low,0.0,1.0,0.0,1.0,Mass,26-35,Personal Loan
517,951635cf-b15c-44b1-be0d-c7d4eb0e05e9,1783,2026-04-19 19:46:27,1,,0.20750000000000002,3,Negative,-0.4096666666666667,39.0,v1.0,Hindi,Loan Collections,1,77.0,61-90,High,53779.8,1.0,0.0,0.0,Mass,56-65,Personal Loan
8905,62b17262-0f61-4be5-b67c-f53c05f9ebd7,1391,2026-04-19 19:58:37,0,7.0,0.9475000000000001,1,Neutral,0.5675333333333333,38.0,v2.0,English,Customer Support,1,0.0,0,Low,0.0,3.0,0.0,0.0,Mass,26-35,Home Loan
2863,4f3d79cc-b569-4b6b-b513-f14e5415bca1,1566,2026-04-20 08:02:56,0,12.0,0.9490333333333334,0,Positive,0.7441333333333334,29.0,v2.0,English,Insurance Renewal,2,0.0,0,Low,0.0,2.0,0.0,1.0,Mass,26-35,Auto Loan
7209,60e9b29b-7187-4f40-992f-6017e8e67308,1404,2026-04-20 08:04:43,0,10.0,0.8862333333333333,0,Positive,0.432,27.0,v1.1,English,Lead Qualification,1,0.0,0,Low,0.0,4.0,1.0,4.0,Premium,18-25,Credit Card
3628,90a87df5-5cc7-49b9-8c4d-b97832ed4796,618,2026-04-20 08:33:31,0,16.0,0.8906666666666667,2,Positive,0.23430000000000004,45.0,v1.0,Telugu,Lead Qualification,1,0.0,0,Low,0.0,0.0,0.0,0.0,Mass,46-55,Personal Loan
6687,96bcb63c-7697-4b69-9540-33867d6c5b55,100,2026-04-20 09:20:50,0,16.0,0.6997,1,Neutral,0.23783333333333334,27.0,v1.0,English,Loan Application,1,0.0,0,Low,0.0,3.0,1.0,4.0,Premium,36-45,Credit Card
9845,8c3d4aa3-acd7-4443-a322-995ef9ac1c15,332,2026-04-20 09:29:16,0,10.0,0.9384,0,Positive,0.6276333333333333,35.0,v2.0,English,Payment Reminder,1,0.0,0,Low,0.0,2.0,1.0,3.0,Mass,46-55,Credit Card
1025,926424bb-7ef8-4360-ad2a-30d5fcef141b,1282,2026-04-20 10:15:37,1,8.0,0.6598666666666667,1,Neutral,-0.1338,38.0,v1.0,Hindi,Customer Support,1,71.0,61-90,High,84372.01,4.0,1.0,2.0,Premium,46-55,Credit Card
1473,b1c9fd64-c641-451f-814d-0619c2e1c1fe,1023,2026-04-20 10:27:46,0,4.0,0.7901666666666666,0,Neutral,0.1956,33.0,v1.1,English,Customer Support,1,0.0,0,Low,0.0,2.0,1.0,6.0,Mass,36-45,Personal Loan
2713,93114319-e660-48ff-b123-ca8fdd618fa6,492,2026-04-20 10:48:31,1,14.0,0.4235333333333333,2,Neutral,-0.2205,36.0,v1.0,Hindi,Loan Collections,1,0.0,0,Low,0.0,3.0,0.0,2.0,Mass,26-35,Auto Loan
8768,3ba7ffaf-84a2-4770-8f9e-9901dbc6d2bf,359,2026-04-20 10:48:40,0,14.0,0.7846666666666667,1,Neutral,0.1353,31.0,v1.1,English,Lead Qualification,1,0.0,0,Low,0.0,3.0,0.0,0.0,Premium,36-45,Credit Card
2721,2f8bc74d-078f-4657-844d-17891d02b213,469,2026-04-20 11:36:18,0,11.0,0.8668333333333335,1,Neutral,0.3627666666666667,43.0,v1.0,Hindi,Insurance Renewal,1,0.0,0,Low,0.0,3.0,1.0,3.0,Mass,26-35,Credit Card
1972,cd5ca635-e302-45c8-b32e-0f8a98e73ed7,1167,2026-04-20 12:23:33,0,14.0,0.8017333333333333,1,Positive,0.19883333333333333,37.0,v2.0,English,Lead Qualification,1,0.0,0,Low,0.0,0.0,0.0,0.0,Premium,36-45,Personal Loan
1175,dc2b6c09-b7ed-41db-ac9a-57129f32d760,91,2026-04-20 12:24:15,0,1.0,0.7004,0,Neutral,0.12846666666666667,35.0,v1.0,Telugu,Insurance Renewal,1,65.0,61-90,High,43906.39,4.0,1.0,4.0,Mass,26-35,Personal Loan
597,911d1dca-92fd-4f5c-82e1-1f572db4a9d7,597,2026-04-20 12:46:02,0,16.0,0.8239333333333333,1,Positive,0.4223333333333334,45.0,v1.1,English,Payment Reminder,1,26.0,1-30,Low,83949.88,4.0,2.0,9.0,Mass,36-45,Personal Loan
8679,12532a8c-43e3-48a3-9654-9722b89f02ce,180,2026-04-20 15:42:15,1,,0.2698666666666667,3,Negative,-0.45416666666666666,48.0,v1.0,Hindi,Lead Qualification,1,25.0,1-30,Low,53358.39,3.0,1.0,3.0,High Value,26-35,Personal Loan
2881,20e263fa-1a24-4e51-8ce1-5f277e8ccf5e,1592,2026-04-20 15:44:39,0,19.0,0.9114666666666666,0,Positive,0.5757666666666666,39.0,v2.0,English,Loan Application,1,0.0,0,Low,0.0,3.0,0.0,1.0,Premium,56-65,Credit Card
4509,110a0e49-758d-413a-8d25-86e7be65dd78,1367,2026-04-20 16:11:02,1,7.0,0.7936000000000001,1,Neutral,0.20309999999999997,43.0,v1.0,Tamil,Lead Qualification,2,0.0,0,Low,0.0,4.0,1.0,4.0,Mass,26-35,Credit Card
8443,b41c4128-df77-4f22-b318-5415a81682d5,418,2026-04-20 17:10:14,1,12.0,0.6840999999999999,1,Positive,0.07073333333333333,28.0,v1.0,English,Customer Support,1,0.0,0,Low,0.0,3.0,1.0,2.0,Mass,36-45,Credit Card
4889,791fd914-7af7-4e13-8639-efa299172209,1766,2026-04-20 17:40:29,0,9.0,0.7419666666666668,1,Positive,0.27199999999999996,32.0,v1.0,Tamil,Loan Collections,1,0.0,0,Low,0.0,1.0,0.0,1.0,Wealth,36-45,Credit Card
6296,aa503e34-83c5-4416-b169-b2c265576ecb,1125,2026-04-20 19:21:17,1,2.0,0.5224333333333333,1,Positive,0.3167666666666667,38.0,v1.0,Tamil,Loan Collections,1,0.0,0,Low,0.0,3.0,1.0,4.0,Mass,46-55,
1166,080fa6b1-e432-4537-8d8e-8e303e3c2a0f,1709,2026-04-21 09:30:33,1,9.0,0.21363333333333334,1,Negative,-0.5014333333333333,38.0,v1.0,Telugu,Customer Support,1,111.0,90+,High,26344.21,2.0,1.0,2.0,Mass,36-45,Personal Loan
3923,6a576a3d-18d5-48cf-9a0d-e263db6f16ec,1584,2026-04-21 09:39:40,0,7.0,0.8369666666666666,0,Positive,0.5791666666666666,40.0,v1.0,Hindi,Loan Application,1,0.0,0,Low,0.0,2.0,0.0,0.0,Mass,46-55,Personal Loan
1420,9eab33a3-4578-4df3-8281-bfc578be8489,386,2026-04-21 10:58:59,1,8.0,0.48856666666666665,2,Neutral,-0.12079999999999998,34.0,v1.0,Hindi,Loan Collections,1,0.0,0,Low,0.0,1.0,0.0,0.0,Premium,46-55,Personal Loan
6397,7c1f04b2-2e6b-437d-8002-3ba328d3d293,1923,2026-04-21 12:51:17,1,,0.5637,3,Neutral,0.26466666666666666,28.0,v1.0,Telugu,Customer Support,1,49.0,31-60,Medium,42780.42,6.0,3.0,8.0,Mass,36-45,Personal Loan
5819,974dd3ee-cbc4-470d-84ab-4ef07fd47b0a,408,2026-04-21 14:36:01,0,7.0,0.7267,1,Positive,0.38010000000000005,35.0,v1.0,Telugu,Loan Collections,1,0.0,0,Low,0.0,5.0,1.0,5.0,Wealth,26-35,Credit Card
7972,596e8370-0cf3-4fdb-ad99-3b82e3ce6ffc,701,2026-04-21 14:56:21,1,15.0,0.6147999999999999,2,Neutral,0.13656666666666667,40.0,v1.1,English,Payment Reminder,1,0.0,0,Low,0.0,5.0,1.0,3.0,Mass,26-35,Personal Loan
1872,177891df-aef0-45b7-a986-df71c3064a96,1955,2026-04-21 16:31:52,0,10.0,0.8051,0,Positive,0.4042333333333333,42.0,v1.0,Telugu,Customer Support,3,0.0,0,Low,0.0,3.0,0.0,1.0,Mass,18-25,
737,29b03d58-10d0-49da-8597-a4404248770f,1892,2026-04-21 17:01:26,1,4.0,0.5951,1,Neutral,-0.2929,25.0,v1.0,Tamil,Payment Reminder,1,0.0,0,Low,0.0,1.0,0.0,0.0,High Value,36-45,Credit Card
1111,4d0ad02e-0cf4-4f2b-a414-9ae66ba06964,213,2026-04-21 17:25:03,1,15.0,0.6601333333333333,2,Neutral,0.13003333333333333,34.0,v1.1,English,Loan Collections,2,0.0,0,Low,0.0,6.0,1.0,4.0,Mass,18-25,
7048,f31208b6-dd4c-4936-9a6b-d2532b6163a0,1409,2026-04-21 17:29:30,1,2.0,0.332,2,Negative,-0.4820333333333333,38.0,v1.0,English,Customer Support,1,115.0,90+,High,44907.59,1.0,0.0,0.0,Mass,26-35,Personal Loan
3583,352ea9ab-d413-4396-a1ec-5f10f0a0b7c0,777,2026-04-21 18:47:45,1,3.0,0.1648666666666667,2,Negative,-0.5601333333333333,29.0,v1.0,Tamil,Loan Collections,1,118.0,90+,High,47403.15,2.0,0.0,0.0,High Value,18-25,Credit Card
9224,8682092c-cf89-4330-b1e3-d7e44dc656c3,707,2026-04-22 08:01:43,0,10.0,0.8077,0,Neutral,0.3901333333333333,22.0,v1.0,Telugu,Insurance Renewal,1,0.0,0,Low,0.0,4.0,0.0,0.0,Mass,26-35,Credit Card
6831,89f5c20c-8b40-43b2-8609-c87bcad0a7e4,1229,2026-04-22 08:21:48,0,8.0,0.6679333333333334,0,Neutral,0.35906666666666665,28.0,v1.0,Telugu,Payment Reminder,3,0.0,0,Low,0.0,6.0,1.0,3.0,Mass,36-45,Personal Loan
664,4620baa3-db91-4dbb-9d72-a4222e52d0b5,520,2026-04-22 08:34:22,0,11.0,0.9343,0,Positive,0.7204,57.0,v2.0,English,Loan Collections,1,0.0,0,Low,0.0,0.0,0.0,0.0,Premium,26-35,Personal Loan
9022,fb741760-ad10-4770-a285-ebca17e8fa05,1283,2026-04-22 09:07:41,1,,0.5851333333333334,3,Neutral,-0.2537,28.0,v1.1,English,Lead Qualification,1,46.0,31-60,Medium,58706.06,3.0,0.0,1.0,Mass,46-55,
8406,6150ca45-4d7a-4ede-ba8e-d7a91dbae548,1736,2026-04-22 09:23:23,0,13.0,0.7920666666666666,2,Neutral,0.2570333333333333,41.0,v1.0,Telugu,Customer Support,1,0.0,0,Low,0.0,5.0,0.0,0.0,Mass,46-55,Credit Card
493,75235999-25e5-45d9-898b-fb38a7b1dbdc,1868,2026-04-22 10:36:41,1,12.0,0.7375333333333334,0,Positive,-0.05793333333333334,33.0,v1.1,English,Customer Support,2,97.0,90+,High,26040.2,5.0,1.0,3.0,Mass,36-45,Home Loan
8877,b5ebd0ef-ff7d-4ef0-8799-31812322f159,715,2026-04-22 10:49:19,1,11.0,0.8269000000000001,1,Neutral,0.019633333333333336,35.0,v1.0,English,Customer Support,1,0.0,0,Low,0.0,2.0,2.0,4.0,Premium,26-35,Home Loan
5014,81bbe267-54f8-4353-974e-f16e3af3199e,1151,2026-04-22 11:19:46,1,18.0,0.3440666666666667,1,Neutral,-0.2750666666666667,32.0,v2.0,English,Insurance Renewal,1,80.0,61-90,High,64459.27,2.0,2.0,4.0,Mass,36-45,Personal Loan
5913,46c52d5b-b15a-45bc-b76f-2d5e5d139eec,1761,2026-04-22 11:40:31,0,3.0,0.6028666666666667,1,Neutral,0.04793333333333333,34.0,v1.1,English,Payment Reminder,1,0.0,0,Low,0.0,0.0,0.0,0.0,Premium,26-35,Home Loan
1328,dea294ea-0b83-4cbb-93ae-545fc0ab4873,1960,2026-04-22 12:21:06,0,10.0,0.9293666666666667,0,Positive,0.7684000000000001,33.0,v2.0,English,Loan Collections,1,0.0,0,Low,0.0,3.0,1.0,3.0,Mass,18-25,Home Loan
5092,65456662-c718-4647-b55e-cf52608e0a59,1287,2026-04-22 12:31:38,1,11.0,0.47113333333333335,1,Negative,-0.2741,38.0,v1.0,English,Loan Application,1,8.0,1-30,Low,26121.98,3.0,0.0,1.0,Premium,26-35,Personal Loan
650,6c932cfd-5edc-4790-b50a-0eddf8589503,1355,2026-04-22 13:11:11,1,18.0,0.7946,1,Positive,0.2382,31.0,v1.1,English,Payment Reminder,1,0.0,0,Low,0.0,4.0,1.0,4.0,Mass,26-35,Personal Loan
979,6dcf78cc-0290-42bc-939d-55029285a2ef,463,2026-04-22 13:15:39,1,17.0,0.35056666666666664,2,Negative,-0.49520000000000003,40.0,v1.0,Tamil,Insurance Renewal,1,0.0,0,Low,0.0,2.0,1.0,3.0,Mass,26-35,Home Loan
9708,032b6a3f-3650-485e-8ae9-4f1da770acbd,1937,2026-04-22 13:46:00,0,4.0,0.9345333333333333,1,Positive,0.7232333333333333,22.0,v2.0,English,Loan Collections,1,0.0,0,Low,0.0,4.0,0.0,0.0,Wealth,18-25,Personal Loan
2272,8ba01eb6-9c55-4ffb-82d6-734450ef03e0,1842,2026-04-22 14:15:52,0,13.0,0.5017333333333333,1,Neutral,-0.027233333333333335,28.0,v1.0,English,Lead Qualification,1,43.0,31-60,Medium,57601.66,2.0,1.0,3.0,Mass,18-25,Credit Card
4328,1860e94e-cbe0-428b-aca1-a521a5fce877,1243,2026-04-22 14:17:30,0,13.0,0.8692333333333333,1,Positive,0.6062666666666666,30.0,v1.1,English,Loan Collections,1,0.0,0,Low,0.0,4.0,1.0,3.0,High Value,26-35,Credit Card
4331,21c6529c-7bb8-405b-9a06-ec7cc84c81a5,612,2026-04-22 16:56:32,1,2.0,0.5259,2,Neutral,-0.13313333333333333,32.0,v1.0,Telugu,Loan Collections,2,27.0,1-30,Low,16997.94,3.0,0.0,1.0,Mass,36-45,Personal Loan
7186,62db3046-d0ad-466e-ab99-e915d060ee21,725,2026-04-22 17:09:57,1,,0.6708999999999999,3,Neutral,-0.023933333333333334,34.0,v1.0,Telugu,Loan Collections,2,8.0,1-30,Low,71670.19,2.0,0.0,1.0,Premium,36-45,Credit Card
7448,56bbb380-3747-4f1a-be20-3c320a26d299,1966,2026-04-22 17:21:21,0,5.0,0.8939333333333334,0,Positive,0.38386666666666663,47.0,v1.0,Hindi,Payment Reminder,2,0.0,0,Low,0.0,1.0,0.0,0.0,High Value,36-45,Credit Card
6152,6e6a0c0f-8e32-4d11-9bc6-4b150ef4bf88,1234,2026-04-22 18:18:18,0,11.0,0.7749,0,Neutral,0.1250666666666667,45.0,v1.0,Telugu,Lead Qualification,1,0.0,0,Low,0.0,2.0,0.0,0.0,Mass,26-35,Credit Card
7775,f620513b-433e-4fd1-8358-d7bcb7536f9a,1826,2026-04-22 18:54:58,0,14.0,0.8321666666666667,0,Positive,0.4769333333333334,47.0,v2.0,English,Insurance Renewal,2,0.0,0,Low,0.0,4.0,0.0,2.0,Mass,36-45,Credit Card
9158,dda5d535-bf93-4587-8ee0-93ca32b55342,1785,2026-04-22 19:54:12,1,18.0,0.4704,2,Neutral,-0.3757333333333333,41.0,v1.0,Telugu,Loan Application,2,46.0,31-60,Medium,54204.98,3.0,1.0,3.0,Premium,26-35,Credit Card
4857,5350b7c9-85d6-4bd4-baf3-e737ba881d69,1883,2026-04-23 08:47:22,0,16.0,0.7149333333333333,0,Positive,0.22136666666666668,54.0,v1.0,Tamil,Loan Collections,3,0.0,0,Low,0.0,3.0,1.0,2.0,Premium,36-45,Credit Card
5878,6e49c37d-32a1-4ccf-9a16-9fecbe09214a,1158,2026-04-23 08:54:03,1,,0.31916666666666665,3,Neutral,-0.13586666666666666,34.0,v1.0,Tamil,Loan Collections,1,0.0,0,Low,0.0,5.0,2.0,5.0,Premium,56-65,Credit Card
8514,2723c58d-d144-435c-8728-4c9bdedc4731,1823,2026-04-23 09:32:32,0,15.0,0.7973333333333333,0,Positive,0.24140000000000003,38.0,v2.0,English,Payment Reminder,1,91.0,90+,High,25589.76,0.0,0.0,0.0,Premium,36-45,Credit Card
2815,c6dc9cf4-7fd6-4db5-9272-d836f67c5216,1241,2026-04-23 10:42:06,0,11.0,0.7501000000000001,1,Positive,0.3406666666666667,29.0,v1.0,English,Payment Reminder,1,0.0,0,Low,0.0,4.0,0.0,2.0,Mass,46-55,Personal Loan
5719,f3ef3a69-d3b7-4b7b-bc2a-d38e130f1a4d,413,2026-04-23 10:55:07,1,14.0,0.5373333333333333,2,Negative,-0.206,36.0,v1.0,English,Insurance Renewal,1,0.0,0,Low,0.0,4.0,2.0,1.0,Premium,26-35,Credit Card
6301,ca3853d2-b09b-4fe5-8508-f7176ee0c60f,1197,2026-04-23 11:13:36,0,16.0,0.9133333333333334,1,Positive,0.3904666666666667,50.0,v2.0,English,Lead Qualification,1,35.0,31-60,Medium,62789.43,7.0,1.0,5.0,Mass,26-35,Credit Card
6416,7d84ffbe-6629-4675-bba0-50638d90a357,1240,2026-04-23 11:40:50,1,12.0,0.3948666666666667,0,Negative,-0.3973333333333333,31.0,v1.0,Telugu,Loan Collections,1,79.0,61-90,High,42888.6,5.0,1.0,3.0,Mass,36-45,Credit Card
9907,1b47b4ea-ca5b-40b1-af10-c2947fafa6c9,1217,2026-04-23 12:44:10,0,11.0,0.9471333333333334,1,Positive,0.6615333333333333,27.0,v2.0,English,Payment Reminder,2,0.0,0,Low,0.0,1.0,1.0,2.0,Premium,46-55,Personal Loan
8576,82ea1c1c-d812-4e3e-9edf-048b11b10f5b,1844,2026-04-23 12:44:51,0,7.0,0.8978333333333333,0,Positive,0.5356,41.0,v2.0,English,Payment Reminder,1,25.0,1-30,Low,22425.63,2.0,1.0,2.0,Mass,46-55,Credit Card
9653,b304f0f2-1803-4f9c-aeca-647140d30acd,1301,2026-04-23 13:36:57,1,16.0,0.6589666666666667,2,Neutral,0.061,34.0,v1.0,Hindi,Payment Reminder,1,49.0,31-60,Medium,69188.49,2.0,0.0,1.0,Mass,36-45,
5940,89cf1639-380a-42f0-92d4-4e783c5981ec,1415,2026-04-23 13:57:50,0,12.0,0.8586666666666667,1,Positive,0.6301666666666667,34.0,v1.1,English,Payment Reminder,2,0.0,0,Low,0.0,1.0,1.0,5.0,Mass,36-45,Personal Loan
7374,38890c3f-3897-4431-aa8f-dd921c360a36,1888,2026-04-23 14:40:42,0,16.0,0.8410000000000001,1,Negative,-0.04106666666666666,31.0,v1.0,Telugu,Insurance Renewal,1,0.0,0,Low,0.0,4.0,1.0,4.0,Mass,36-45,Auto Loan
335,b659c719-3b34-4fdb-b7a5-46fbed47fc03,1773,2026-04-23 15:03:30,1,,0.3378666666666667,3,Negative,-0.34529999999999994,45.0,v1.0,Hindi,Loan Collections,1,39.0,31-60,Medium,86562.71,2.0,1.0,2.0,High Value,36-45,Personal Loan
4649,1375da71-4ff3-49c7-ac4b-cfa837048cae,1324,2026-04-23 17:24:19,1,13.0,0.6109666666666667,1,Neutral,0.14093333333333333,27.0,v1.0,English,Loan Collections,1,24.0,1-30,Low,45354.77,2.0,1.0,2.0,Premium,26-35,Personal Loan
4393,cd33a8e1-06f3-48ef-91b5-a9799f2368d5,119,2026-04-23 19:25:32,1,14.0,0.6141,1,Neutral,-0.017233333333333326,34.0,v1.0,Tamil,Customer Support,2,0.0,0,Low,0.0,2.0,1.0,1.0,Wealth,26-35,Home Loan
8117,5245b415-d164-4be8-bbb1-d70301a9ff99,1167,2026-04-24 08:26:06,0,7.0,0.9167333333333333,0,Positive,0.5961,40.0,v1.1,English,Loan Collections,1,0.0,0,Low,0.0,1.0,0.0,1.0,Premium,36-45,Personal Loan
6411,6dd8eea5-8f66-4e7b-b328-d20336e9aa57,70,2026-04-24 08:59:37,0,16.0,0.5314,0,Negative,-0.46480000000000005,27.0,v1.0,English,Payment Reminder,1,,61-90,High,47525.2,3.0,2.0,4.0,Mass,18-25,Credit Card
8579,2315a286-65ee-4a39-ab72-aa6cfb066872,951,2026-04-24 10:38:13,0,13.0,0.7839666666666667,0,Neutral,0.24213333333333334,35.0,v1.0,Tamil,Insurance Renewal,1,0.0,0,Low,0.0,2.0,1.0,4.0,Premium,36-45,Auto Loan
611,83fca557-3a8f-4e99-9f78-8c99e6147491,268,2026-04-24 12:04:47,1,18.0,0.8664666666666667,1,Positive,0.31296666666666667,25.0,v1.1,English,Lead Qualification,2,0.0,0,Low,0.0,2.0,1.0,2.0,High Value,36-45,Personal Loan
1795,7cb73194-267b-445d-a18e-1640f66d7a41,1580,2026-04-24 12:08:00,1,15.0,0.4138,1,Neutral,-0.18566666666666667,29.0,v1.0,Hindi,Lead Qualification,1,62.0,61-90,High,26941.49,1.0,0.0,1.0,High Value,36-45,Personal Loan
5198,d36d0caa-806f-4251-a943-8fed8e2e39f4,1570,2026-04-24 13:08:48,1,14.0,0.5913333333333334,1,Neutral,0.06596666666666666,24.0,v1.1,English,Customer Support,2,72.0,61-90,High,52192.42,4.0,0.0,0.0,Mass,26-35,Personal Loan
3704,9d43fab8-701b-4fd8-a30f-8a6cb9a90d7b,1664,2026-04-24 13:26:43,0,9.0,0.7487333333333334,0,Neutral,-0.1384,30.0,v1.0,Hindi,Payment Reminder,1,41.0,31-60,Medium,53728.32,0.0,0.0,0.0,High Value,36-45,Personal Loan
3986,a0dd0252-c33e-4d76-905f-e970339605cc,1645,2026-04-24 15:09:05,0,12.0,0.7839333333333333,0,Neutral,0.20723333333333335,28.0,v1.0,Hindi,Loan Collections,1,0.0,0,Low,0.0,2.0,0.0,2.0,Mass,46-55,Personal Loan
8607,eed0464b-6b16-46d0-ad4b-28481aa2d45b,770,2026-04-24 15:17:03,1,7.0,0.7819666666666668,1,Negative,-0.11719999999999998,36.0,v1.0,Tamil,Insurance Renewal,1,0.0,0,Low,0.0,1.0,0.0,0.0,Premium,26-35,Personal Loan
7400,2c0b72bf-009a-4566-aa7a-c3fbf3453bfd,1294,2026-04-24 15:40:52,0,8.0,0.7271666666666666,1,Neutral,0.20450000000000002,36.0,v1.0,English,Insurance Renewal,1,0.0,0,Low,0.0,3.0,0.0,0.0,Premium,46-55,Personal Loan
1680,a090d844-3ad6-453c-9c97-90df9ce5ddad,1392,2026-04-24 15:51:17,1,18.0,0.43250000000000005,2,Neutral,-0.10093333333333333,48.0,v1.0,Telugu,Insurance Renewal,1,54.0,31-60,Medium,48896.95,2.0,0.0,2.0,Mass,36-45,Personal Loan
8120,6a05be11-5eb7-47e8-8e7f-dc268e3ceebf,875,2026-04-24 16:54:09,1,15.0,0.5611333333333334,1,Neutral,-0.07056666666666667,36.0,v1.0,Tamil,Customer Support,2,0.0,0,Low,0.0,2.0,0.0,1.0,Mass,65+,Credit Card
8038,5e24cd49-fd85-4c84-a476-384edbecebc8,652,2026-04-24 17:14:15,0,5.0,0.7887666666666666,0,Neutral,0.3953333333333333,32.0,v1.0,Telugu,Lead Qualification,1,29.0,1-30,Low,42983.03,2.0,1.0,3.0,Mass,26-35,Home Loan
1094,3c93e943-1792-4f90-8866-61e8792bf690,934,2026-04-24 17:22:10,0,7.0,0.7892,1,Neutral,0.22220000000000004,42.0,v1.0,Hindi,Loan Collections,1,53.0,31-60,Medium,74212.98,5.0,0.0,0.0,Premium,26-35,Personal Loan
7533,58205c3d-3457-4cfb-95d9-0f41444a341c,1482,2026-04-24 17:50:46,0,11.0,0.7724000000000001,1,Positive,0.22713333333333333,26.0,v1.0,Hindi,Insurance Renewal,1,31.0,31-60,Medium,30715.86,1.0,0.0,0.0,Mass,26-35,Credit Card
2192,0188dac2-4155-43cc-b11c-0096895d4573,1138,2026-04-24 17:58:51,0,5.0,0.8551000000000001,0,Positive,0.47280000000000005,37.0,v1.1,English,Insurance Renewal,1,62.0,61-90,High,59992.28,1.0,0.0,0.0,Premium,46-55,Auto Loan
1684,78501603-e40d-4b20-97fb-fcbafc31eba1,1839,2026-04-25 08:15:36,0,1.0,0.9112666666666667,0,Positive,0.5622666666666666,31.0,v2.0,English,Loan Collections,1,46.0,31-60,Medium,55079.97,0.0,0.0,0.0,Premium,46-55,Personal Loan
6871,ea9e68b8-d64d-4bda-ad9d-c8ec8f3a3c93,442,2026-04-25 08:22:54,0,16.0,0.9250333333333334,1,Positive,0.44849999999999995,39.0,v1.1,English,Loan Collections,1,0.0,0,Low,0.0,2.0,0.0,0.0,Mass,26-35,Personal Loan
3939,25b867f5-04af-40b4-8cd3-2e4b48e62236,884,2026-04-25 08:43:56,1,3.0,0.14303333333333332,2,Negative,-0.6550333333333334,37.0,v1.0,Telugu,Loan Collections,1,97.0,90+,High,11227.03,3.0,0.0,2.0,Mass,46-55,Credit Card
7912,40bc1499-7b7d-483f-99e3-c7510e14a208,1017,2026-04-25 08:45:11,0,4.0,0.3823666666666667,2,Neutral,-0.22766666666666668,32.0,v1.0,English,Insurance Renewal,1,55.0,31-60,Medium,50135.79,5.0,1.0,4.0,Premium,36-45,Personal Loan
4008,717ba684-d67c-46df-884a-d95caeee5104,1035,2026-04-25 08:53:16,0,1.0,0.9607000000000001,0,Positive,0.7052666666666667,43.0,v2.0,English,Customer Support,1,0.0,0,Low,0.0,2.0,0.0,0.0,Mass,46-55,Credit Card
1162,7c598ee9-00c1-4d29-860c-c65023fefc7e,914,2026-04-25 09:01:07,0,10.0,0.6799333333333334,0,Neutral,0.294,34.0,v1.0,Hindi,Customer Support,2,0.0,0,Low,0.0,3.0,0.0,3.0,Premium,36-45,
8561,79e23314-f883-46b6-b1a5-8609c9f8b985,543,2026-04-25 09:13:17,0,8.0,0.7168666666666667,0,Neutral,0.28796666666666665,34.0,v1.0,Tamil,Payment Reminder,1,0.0,0,Low,0.0,0.0,0.0,0.0,Mass,18-25,Home Loan
66,26d33490-bfed-407c-be5e-d34109fc3197,856,2026-04-25 09:42:38,0,1.0,0.7949,1,Positive,0.36756666666666665,42.0,v1.1,English,Insurance Renewal,2,74.0,61-90,High,67061.54,6.0,3.0,6.0,High Value,26-35,Personal Loan
1337,37643d93-2f18-4521-b004-147eb9e35f22,1843,2026-04-25 10:32:34,0,19.0,0.6753,1,Neutral,0.1055,31.0,v1.0,Tamil,Loan Application,2,0.0,0,Low,0.0,2.0,0.0,1.0,Mass,18-25,Personal Loan
3552,cad5e194-d2fe-4303-b4e6-aba88a63e54c,961,2026-04-25 10:39:43,0,10.0,0.7821666666666666,1,Neutral,0.2705,24.0,v1.0,Tamil,Payment Reminder,1,0.0,0,Low,0.0,0.0,0.0,0.0,Mass,56-65,Auto Loan
9464,ff638c5a-67c0-4dcf-b6ab-4a80ecb83a4e,425,2026-04-25 10:58:30,0,1.0,0.8304666666666667,1,Positive,0.5693666666666667,41.0,v1.0,Hindi,Loan Collections,1,0.0,0,Low,0.0,4.0,2.0,2.0,Mass,36-45,Home Loan
3432,9ead90f4-4d6f-475c-a1e6-690dfca02c0b,410,2026-04-25 11:58:18,0,16.0,0.8528666666666666,1,Positive,0.4975666666666667,30.0,v1.1,English,Payment Reminder,1,0.0,0,Low,0.0,3.0,2.0,5.0,Premium,65+,Credit Card
9294,86b371b7-06be-441e-ad5a-2911ef6e9a3c,1836,2026-04-25 12:00:34,1,7.0,0.6764333333333333,1,Neutral,-0.07996666666666667,40.0,v1.0,Tamil,Loan Application,1,58.0,31-60,Medium,42267.67,3.0,1.0,4.0,Mass,26-35,Personal Loan
9799,33f324d3-1549-4a17-8c8d-7dceb9525d44,250,2026-04-25 12:13:41,1,3.0,0.5677333333333333,1,Neutral,0.07473333333333333,36.0,v2.0,English,Customer Support,3,32.0,31-60,Medium,60520.56,4.0,1.0,3.0,Mass,46-55,Credit Card
5224,e294ad45-9120-4e32-8ade-84bab7d1146f,1936,2026-04-25 14:28:57,1,1.0,0.8694000000000001,1,Positive,0.40903333333333336,43.0,v1.0,English,Payment Reminder,1,0.0,0,Low,0.0,9.0,3.0,7.0,Premium,18-25,Personal Loan
2867,1f53f1a3-e980-49cb-a870-fb0b0a3417d2,424,2026-04-25 14:38:36,1,13.0,0.6866,2,Neutral,0.3261,35.0,v1.1,English,Insurance Renewal,1,54.0,31-60,Medium,45593.68,4.0,1.0,2.0,Mass,36-45,Home Loan
6523,d465c575-9d14-4eae-bad6-d1653a86ccd5,1694,2026-04-25 17:39:53,0,5.0,0.8538,0,Positive,0.4184666666666667,29.0,v1.0,Tamil,Customer Support,1,0.0,0,Low,0.0,2.0,1.0,3.0,Mass,46-55,
9471,abecc2b0-8aab-4d5a-b28f-03f91feb0f08,1362,2026-04-25 18:31:35,1,,0.2619666666666667,3,Negative,-0.4868333333333333,27.0,v1.0,Tamil,Lead Qualification,1,93.0,90+,High,15596.0,3.0,1.0,4.0,Mass,36-45,Personal Loan
3644,38a5bd6f-8f7d-41ce-a8d3-8baca95ff664,1105,2026-04-25 18:43:06,0,12.0,0.7035333333333332,0,Positive,0.2513666666666667,37.0,v1.0,Hindi,Payment Reminder,1,0.0,0,Low,0.0,3.0,1.0,3.0,Wealth,26-35,Home Loan
6947,6e05c9f6-6f7e-456d-b06e-ea402c6f012b,471,2026-04-25 19:12:14,1,6.0,0.5448666666666667,2,Negative,0.04046666666666665,48.0,v1.0,Tamil,Customer Support,1,0.0,0,Low,0.0,4.0,1.0,4.0,Mass,46-55,
6775,0ac94c06-3b38-45cc-9750-1fa447622c0e,53,2026-04-25 19:56:18,1,,0.24650000000000002,3,Negative,-0.6105,32.0,v1.0,English,Loan Collections,1,52.0,31-60,Medium,30354.53,2.0,1.0,2.0,Mass,18-25,Home Loan
5828,709288d4-bbf5-4061-bef3-b5961d147e11,1246,2026-04-26 08:12:10,0,2.0,0.7007666666666666,0,Neutral,0.1298,20.0,v1.0,Tamil,Loan Application,1,0.0,0,Low,0.0,2.0,2.0,2.0,Mass,26-35,Credit Card
3524,4f00bcbc-8aa4-40e4-b1cf-f74a171f6c0e,1853,2026-04-26 08:14:09,0,4.0,0.5877666666666667,1,Positive,0.19593333333333332,46.0,v1.0,Tamil,Payment Reminder,1,40.0,31-60,Medium,34317.56,5.0,1.0,2.0,Mass,36-45,Credit Card
4869,cff7880b-9c53-4880-a802-2303a6bb674d,1939,2026-04-26 08:40:31,0,6.0,0.5331,0,Neutral,0.10033333333333333,28.0,v1.0,Telugu,Lead Qualification,1,0.0,0,Low,0.0,3.0,0.0,1.0,Premium,18-25,Personal Loan
7588,1e9fab02-a5f1-448a-b591-3b349eb4fe6f,600,2026-04-26 08:56:26,0,11.0,0.8268666666666666,1,Neutral,0.19630000000000003,44.0,v1.0,Telugu,Loan Application,1,0.0,0,Low,0.0,1.0,1.0,3.0,Mass,36-45,Personal Loan
2722,2c3f2f59-0a82-42a6-830a-9d05ec87e58f,1395,2026-04-26 10:45:16,1,6.0,0.26466666666666666,2,Negative,-0.24749999999999997,41.0,v1.0,Tamil,Lead Qualification,2,37.0,31-60,Medium,19595.67,4.0,1.0,3.0,Mass,26-35,Personal Loan
1513,031cc3f8-ef43-4431-9f1c-e1cb5d13c686,811,2026-04-26 11:31:07,1,19.0,0.6453666666666668,1,Neutral,0.029866666666666666,44.0,v1.1,English,Loan Collections,2,118.0,90+,High,76030.65,3.0,1.0,3.0,Mass,26-35,Credit Card
2308,86f52337-35f6-40a2-a0d6-0f705b03446c,1749,2026-04-26 11:42:36,1,2.0,0.45963333333333334,2,Neutral,-0.1552,44.0,v1.1,English,Payment Reminder,1,84.0,61-90,High,19015.66,3.0,0.0,2.0,Mass,26-35,Personal Loan
934,d3ad7492-34dd-4e32-9a01-5871c94babc5,1701,2026-04-26 13:35:20,1,9.0,0.7664,0,Neutral,-0.0178,36.0,v1.0,English,Customer Support,1,0.0,0,Low,0.0,1.0,0.0,0.0,Mass,36-45,Home Loan
819,e8c478ce-907d-4875-97f8-67920cd67921,1938,2026-04-26 14:01:58,0,16.0,0.7988666666666667,0,Positive,0.37646666666666667,24.0,v1.0,Hindi,Loan Application,1,0.0,0,Low,0.0,3.0,1.0,2.0,Premium,18-25,Personal Loan
2914,238c812e-5a44-4a88-aa86-e4d34a05f8cb,1343,2026-04-26 14:04:50,1,,0.19499999999999998,3,Negative,-0.4918,45.0,v1.0,Tamil,Loan Application,1,100.0,90+,High,77179.23,0.0,0.0,0.0,Premium,36-45,Credit Card
7341,19d82794-feb5-40cc-99b5-b558fcbb85d5,292,2026-04-26 15:48:52,1,19.0,0.49736666666666673,2,Negative,-0.21960000000000002,31.0,v1.0,Telugu,Loan Application,1,57.0,31-60,Medium,72784.23,4.0,0.0,1.0,Mass,18-25,Home Loan
7087,4e1569a2-5eeb-40b0-9d8d-a9ab40fd6651,778,2026-04-26 15:51:15,0,18.0,0.8761,1,Positive,0.44893333333333335,43.0,v2.0,English,Lead Qualification,1,0.0,0,Low,0.0,2.0,1.0,3.0,Premium,56-65,Credit Card
2455,da62c242-5412-429a-ba18-e4c90958f201,1700,2026-04-26 15:54:04,1,1.0,0.5921666666666666,2,Negative,-0.34423333333333334,32.0,v1.0,Telugu,Customer Support,2,100.0,90+,High,24412.59,5.0,1.0,2.0,Premium,36-45,Personal Loan
5569,c776902b-5b75-49ea-bf71-9b2502903f0f,1985,2026-04-26 16:30:15,0,9.0,0.7965333333333332,1,Negative,0.044799999999999986,35.0,v1.1,English,Customer Support,2,80.0,61-90,High,55491.65,5.0,0.0,1.0,Mass,46-55,Personal Loan
9210,4ca31f73-e7e8-49e4-afae-a063e5fe034e,1696,2026-04-26 17:40:27,1,9.0,0.4008666666666667,1,Neutral,-0.10073333333333334,44.0,v2.0,English,Loan Application,2,96.0,90+,High,65922.93,2.0,1.0,2.0,Premium,46-55,Credit Card
9307,3c9a29a7-e445-4da2-87f7-5eaeb35a1ccc,684,2026-04-26 18:50:30,0,2.0,0.7196000000000001,1,Positive,0.5065,42.0,v1.1,English,Loan Collections,1,0.0,0,Low,0.0,1.0,0.0,0.0,Mass,36-45,Credit Card
161,c911ca71-6d8d-4b7e-9137-38de263f89df,1521,2026-04-26 19:52:20,0,16.0,0.7436666666666666,1,Positive,0.2604666666666667,28.0,v1.0,Tamil,Loan Collections,2,0.0,0,Low,0.0,3.0,1.0,4.0,Premium,36-45,Credit Card
444,86226d9f-5a06-4761-8ebd-ad2e1c5688af,603,2026-04-26 19:57:49,1,14.0,0.27253333333333335,1,Negative,-0.4761666666666667,36.0,v1.0,English,Loan Collections,1,76.0,61-90,High,61431.02,2.0,0.0,0.0,High Value,46-55,Credit Card
4642,c070b4a1-b1ff-4a56-b71d-fd62341f48df,597,2026-04-26 19:59:08,0,11.0,0.7491,0,Positive,0.22856666666666667,50.0,v1.0,Tamil,Payment Reminder,2,0.0,0,Low,0.0,5.0,2.0,10.0,Mass,36-45,Personal Loan
7469,c28c873c-4c6d-424a-85b2-60316d8ed42c,25,2026-04-27 08:07:58,0,13.0,0.8608333333333333,0,Neutral,0.17646666666666666,37.0,v1.0,Tamil,Customer Support,1,0.0,0,Low,0.0,0.0,0.0,0.0,Mass,36-45,Home Loan
1848,a593f543-2de9-4ad8-9b30-510b133b6f8d,49,2026-04-27 08:52:13,0,11.0,0.9420000000000001,1,Positive,0.48446666666666666,42.0,v2.0,English,Loan Collections,1,0.0,0,Low,0.0,3.0,1.0,2.0,Mass,36-45,
6514,d555486d-32f7-4fea-bb4c-df54f60c77f4,1519,2026-04-27 08:58:08,1,14.0,0.7837,1,Neutral,0.00026666666666666505,42.0,v2.0,English,Loan Collections,2,63.0,61-90,High,76311.14,7.0,3.0,10.0,Premium,36-45,Credit Card
3431,eb8b51fd-ff33-4af5-87bf-0fc7a282dae5,1351,2026-04-27 10:09:55,1,19.0,0.7614666666666666,2,Neutral,0.2143666666666667,30.0,v1.0,Tamil,Customer Support,2,0.0,0,Low,0.0,8.0,3.0,8.0,Premium,36-45,
5915,ae0ea78c-68da-434f-9d40-ea0ff8addbcc,1636,2026-04-27 11:29:15,0,16.0,0.7891666666666666,0,Neutral,0.1287,30.0,v1.0,Telugu,Loan Collections,1,0.0,0,Low,0.0,1.0,0.0,0.0,Mass,36-45,Home Loan
2659,6e22197b-8bc6-4701-8c20-56159024a720,278,2026-04-27 12:16:55,1,,0.6073000000000001,3,Neutral,-0.06686666666666667,32.0,v1.0,Telugu,Insurance Renewal,2,0.0,0,Low,0.0,4.0,3.0,8.0,Premium,18-25,Personal Loan
2194,8717533d-cb40-4678-846a-4b02667f3129,1675,2026-04-27 14:16:19,1,7.0,0.5881666666666666,1,Neutral,-0.16249999999999998,36.0,v1.0,Telugu,Lead Qualification,1,94.0,90+,High,47475.54,2.0,1.0,2.0,Mass,36-45,Personal Loan
3411,3f3acbe9-0c0d-4dda-8155-45cf49425a9e,669,2026-04-27 14:59:44,0,11.0,0.9309,0,Positive,0.5999,32.0,v1.1,English,Lead Qualification,1,0.0,0,Low,0.0,1.0,0.0,0.0,Mass,36-45,Home Loan
1662,ce47e8d3-7e2a-494b-a9ef-ab6d7be231fb,650,2026-04-27 15:09:53,1,2.0,0.437,2,Negative,-0.45743333333333336,31.0,v1.0,Tamil,Loan Application,2,0.0,0,Low,0.0,4.0,2.0,6.0,Mass,46-55,Auto Loan
7254,337f4b99-f9ca-41d8-b0c8-cbf037305341,1840,2026-04-27 15:56:23,0,3.0,0.661,0,Neutral,-0.3594333333333333,23.0,v1.0,Hindi,Lead Qualification,1,0.0,0,Low,0.0,3.0,1.0,3.0,Mass,18-25,Home Loan
7564,8328346c-f323-4049-9d22-bdb54fcee4fb,550,2026-04-27 16:48:09,0,7.0,0.9027,1,Positive,0.7538333333333332,25.0,v2.0,English,Loan Collections,1,0.0,0,Low,0.0,1.0,0.0,0.0,Mass,46-55,Personal Loan
6648,99a29f5e-0ea5-469c-ab7f-537bdee9db7d,1783,2026-04-27 17:00:16,0,7.0,0.8426333333333332,0,Neutral,0.0705,35.0,v1.0,Telugu,Customer Support,1,0.0,0,Low,0.0,2.0,1.0,5.0,Mass,56-65,Personal Loan
2915,7620aa04-e755-4aa5-8171-088b1d502921,1315,2026-04-27 17:00:59,0,19.0,0.7998333333333333,0,Positive,0.06566666666666666,38.0,v1.0,Tamil,Customer Support,1,0.0,0,Low,0.0,2.0,1.0,1.0,Mass,26-35,Personal Loan
5868,13f917ff-edd9-4205-b506-0ebdf5060219,1417,2026-04-27 18:21:41,0,13.0,0.8484333333333334,1,Neutral,0.17443333333333336,34.0,v1.0,Tamil,Lead Qualification,1,0.0,0,Low,0.0,2.0,0.0,0.0,Mass,18-25,Credit Card
3872,9d27d499-c6af-44be-87ba-2b4910ff82ac,1723,2026-04-27 18:40:35,0,5.0,0.7736000000000001,2,Neutral,0.4242333333333333,24.0,v1.0,Tamil,Insurance Renewal,1,0.0,0,Low,0.0,4.0,0.0,2.0,Premium,36-45,Credit Card
6658,b8654f38-5ef2-4927-94d3-e5957763e24f,603,2026-04-27 19:18:31,0,11.0,0.9304666666666667,0,Positive,0.6873666666666667,39.0,v2.0,English,Loan Collections,1,0.0,0,Low,0.0,3.0,1.0,1.0,High Value,46-55,Credit Card
8095,b193202f-20ae-437b-bb33-88380d992074,1595,2026-04-27 19:53:02,0,9.0,0.7511666666666666,1,Positive,0.3785,40.0,v1.0,Telugu,Loan Application,1,4.0,1-30,Low,32912.71,4.0,1.0,5.0,Mass,36-45,Credit Card
1413,8afd25bf-5794-4e4c-9b81-ad75abcb7f77,330,2026-04-28 08:01:17,0,13.0,0.7602666666666668,0,Neutral,0.20166666666666666,43.0,v1.0,Tamil,Loan Collections,2,6.0,1-30,Low,49890.12,4.0,1.0,1.0,Mass,36-45,Credit Card
3615,86173a13-3b2c-4ec9-98a2-35dc466e22dc,1535,2026-04-28 08:03:59,1,10.0,0.6747666666666667,1,Neutral,0.08323333333333334,42.0,v1.0,English,Insurance Renewal,1,32.0,31-60,Medium,43990.86,3.0,2.0,6.0,Premium,26-35,Credit Card
7668,6761c0a8-be0b-4e82-89a7-10a8f1666005,1236,2026-04-28 08:39:57,1,3.0,0.19623333333333334,2,Negative,-0.599,30.0,v1.0,Telugu,Customer Support,1,79.0,61-90,High,72445.4,2.0,0.0,0.0,Mass,18-25,Auto Loan
6113,39a74cf4-96c9-4ce5-a756-e967e8fdd177,710,2026-04-28 09:57:12,0,13.0,0.7959666666666667,0,Positive,0.2473,46.0,v1.1,English,Customer Support,2,48.0,31-60,Medium,102332.23,3.0,0.0,2.0,Mass,26-35,Auto Loan
6033,fff3c271-ee90-4354-8dbd-d55f01c8eac3,66,2026-04-28 10:43:24,1,2.0,0.6614666666666666,2,Positive,0.13573333333333332,42.0,v1.0,Hindi,Lead Qualification,1,0.0,0,Low,0.0,1.0,1.0,2.0,Mass,36-45,Personal Loan
3975,bcf88ded-c747-4db6-921a-31945ffedba8,1475,2026-04-28 11:56:26,0,7.0,0.8414666666666667,0,Positive,0.6114333333333333,36.0,v1.0,Tamil,Payment Reminder,1,0.0,0,Low,0.0,2.0,1.0,2.0,Mass,46-55,Personal Loan
5515,7234f506-4cca-40fb-b686-a82972e47189,1336,2026-04-28 12:09:34,0,3.0,0.6037666666666667,0,Positive,0.00786666666666667,41.0,v1.1,English,Lead Qualification,1,0.0,0,Low,0.0,3.0,2.0,5.0,Mass,26-35,Personal Loan
2954,2ebe3734-91bc-4ab9-b4e3-7ee256754f30,1256,2026-04-28 12:33:03,1,11.0,0.23623333333333332,2,Negative,-0.19386666666666666,32.0,v1.1,English,Customer Support,1,57.0,31-60,Medium,53976.39,1.0,0.0,0.0,Mass,36-45,Home Loan
3700,898c0965-e124-4e07-be7d-ec322c33a0a4,81,2026-04-28 12:40:28,0,11.0,0.9202666666666667,0,Positive,0.7324,37.0,v2.0,English,Loan Collections,1,0.0,0,Low,0.0,2.0,1.0,2.0,Mass,46-55,Credit Card
9101,345b6539-b9d8-4548-b40d-d092b67600eb,1369,2026-04-28 12:45:06,1,1.0,0.8909333333333334,1,Neutral,0.31293333333333334,42.0,v1.0,Telugu,Payment Reminder,1,0.0,0,Low,0.0,2.0,0.0,0.0,Premium,46-55,Credit Card
1890,7c9e8c1a-72d4-4bb8-a72d-0848ee4cface,726,2026-04-28 16:31:11,1,18.0,0.7820666666666667,2,Neutral,0.07516666666666666,38.0,v2.0,English,Customer Support,1,63.0,61-90,High,11411.47,6.0,2.0,4.0,Premium,46-55,Personal Loan
446,9d67c7da-69be-4ae9-926d-2b37c0d2e828,1246,2026-04-28 17:04:55,0,7.0,0.8222666666666667,0,Positive,0.30796666666666667,37.0,v1.0,Tamil,Lead Qualification,1,0.0,0,Low,0.0,3.0,2.0,2.0,Mass,26-35,Credit Card
4984,b655ff54-ce07-48dc-bc4e-b5eccc5aa895,737,2026-04-28 17:18:26,0,5.0,0.6842666666666667,1,Positive,-0.08176666666666665,35.0,v1.0,Hindi,Loan Collections,1,80.0,61-90,High,46440.09,2.0,0.0,1.0,Mass,18-25,Auto Loan
811,4743f7ef-068e-458b-849b-fdac1711652f,643,2026-04-28 17:24:49,0,6.0,0.6678000000000001,0,Neutral,0.20350000000000001,30.0,v1.1,English,Customer Support,1,0.0,0,Low,0.0,0.0,0.0,0.0,Mass,36-45,Credit Card
9036,9d4769e0-e6d7-4e24-a5db-f2f4e3efe8f9,499,2026-04-28 17:56:09,0,19.0,0.9358,1,Positive,0.7866666666666666,45.0,v2.0,English,Loan Application,1,0.0,0,Low,0.0,3.0,2.0,5.0,Mass,26-35,Credit Card
8797,47171e24-7838-4482-b883-8fc6b0dfb399,718,2026-04-28 18:26:55,1,17.0,0.40890000000000004,2,Neutral,-0.12636666666666668,39.0,v1.0,Tamil,Lead Qualification,1,0.0,0,Low,0.0,3.0,2.0,7.0,Premium,26-35,Personal Loan
5602,c7bae14e-5bac-4f8a-baa3-9c073f95dab4,1886,2026-04-28 19:03:04,1,3.0,0.4164666666666667,2,Neutral,-0.15353333333333333,38.0,v1.0,Tamil,Payment Reminder,2,1.0,1-30,Low,62564.93,6.0,3.0,10.0,High Value,18-25,Auto Loan
6988,f509e1ef-b644-426b-aa3f-355b9010d8ef,685,2026-04-28 19:58:47,0,8.0,0.8767999999999999,1,Positive,0.6413333333333333,24.0,v2.0,English,Loan Collections,1,0.0,0,Low,0.0,4.0,0.0,0.0,Mass,26-35,
9719,850f96df-21c0-47f9-9b30-da83cde49e04,766,2026-04-29 08:04:25,0,13.0,0.8544999999999999,2,Positive,0.22413333333333332,35.0,v1.0,Hindi,Insurance Renewal,1,0.0,0,Low,0.0,3.0,3.0,7.0,High Value,36-45,Personal Loan
3360,9d81b2e8-1fe1-4821-ae5e-76d825edd5cd,1899,2026-04-29 08:19:56,0,5.0,0.9645333333333334,0,Positive,0.6745666666666666,26.0,v2.0,English,Loan Collections,2,0.0,0,Low,0.0,4.0,2.0,7.0,Mass,26-35,Credit Card
2885,be3b6c92-f979-459f-b607-73371f40c922,82,2026-04-29 09:23:12,0,17.0,0.7801999999999999,1,Neutral,0.12773333333333334,26.0,v2.0,English,Payment Reminder,1,0.0,0,Low,0.0,2.0,1.0,4.0,Premium,26-35,Auto Loan
187,d6367bea-dffa-4bdb-93e5-a39c535096c9,1706,2026-04-29 09:24:29,0,19.0,0.7414666666666667,0,Positive,0.3007,28.0,v1.1,English,Loan Collections,1,87.0,61-90,High,44688.08,0.0,0.0,0.0,Premium,36-45,Credit Card
9823,98acd4af-1776-4f94-9591-151d27b44004,342,2026-04-29 09:27:15,0,1.0,0.8746499999999999,0,Positive,0.5875666666666667,22.0,v2.0,English,Loan Collections,1,57.0,31-60,Medium,65278.58,1.0,1.0,3.0,Premium,65+,Credit Card
4242,8f2d8d44-2fcc-4426-8068-6f87543faf18,1336,2026-04-29 09:31:37,1,3.0,0.2710333333333333,2,Neutral,-0.36443333333333333,41.0,v1.0,Hindi,Payment Reminder,1,51.0,31-60,Medium,63222.09,4.0,2.0,5.0,Mass,26-35,Personal Loan
8733,47aa86c4-03d7-43be-8a34-f22ac19fdf78,56,2026-04-29 10:30:58,0,15.0,0.5542333333333334,1,Neutral,-0.04543333333333333,40.0,v1.0,Tamil,Customer Support,2,0.0,0,Low,0.0,4.0,1.0,5.0,Premium,18-25,Credit Card
5352,a0474828-63fb-4530-8d5d-edbc4b1cb52e,1894,2026-04-29 10:39:24,0,16.0,0.7130333333333333,1,Neutral,0.23783333333333334,39.0,v1.0,Telugu,Loan Application,1,0.0,0,Low,0.0,6.0,1.0,6.0,Premium,46-55,Personal Loan
6580,7f6a44cc-213c-4056-a138-9c2baa1a822b,1002,2026-04-29 10:48:01,0,13.0,0.8606666666666666,1,Positive,0.3322,36.0,v2.0,English,Customer Support,1,60.0,31-60,Medium,14955.61,6.0,1.0,4.0,Mass,36-45,Personal Loan
5254,1a84ce65-7e02-4b2a-abb7-b0ba3d8cdee8,331,2026-04-29 12:01:20,1,8.0,0.7779666666666666,2,Neutral,-0.10003333333333335,38.0,v1.1,English,Insurance Renewal,1,56.0,31-60,Medium,1000.0,3.0,0.0,0.0,Mass,36-45,Personal Loan
107,f61b18ed-dcb6-49bb-b020-d0dd16e4b3d0,1812,2026-04-29 12:40:14,1,19.0,0.6150333333333333,2,Neutral,0.054799999999999995,25.0,v1.1,English,Loan Application,2,0.0,0,Low,0.0,5.0,1.0,3.0,Mass,46-55,
7723,8b1a1555-f7a3-4a5b-ada4-3393a0509e9d,487,2026-04-29 12:56:51,1,6.0,0.35053333333333336,2,Neutral,-0.2940333333333333,46.0,v1.0,Telugu,Loan Collections,1,30.0,1-30,Low,83208.67,4.0,0.0,0.0,Mass,36-45,Personal Loan
9117,cb973140-a3c0-4a29-8d9e-c8d75bbf320d,1002,2026-04-29 13:43:18,1,5.0,0.7281,2,Neutral,0.23573333333333335,42.0,v1.0,Telugu,Insurance Renewal,3,43.0,31-60,Medium,67670.31,7.0,1.0,5.0,Mass,36-45,Personal Loan
4608,7d116c46-e266-489f-a630-bb83a1092d48,1789,2026-04-29 14:04:54,0,8.0,0.6993333333333333,0,Neutral,-0.020700000000000007,39.0,v1.0,Telugu,Payment Reminder,1,0.0,0,Low,0.0,4.0,1.0,4.0,Mass,36-45,Auto Loan
4900,f7a6f60b-6f26-454c-aadd-10aa8cb830d3,704,2026-04-29 14:56:06,0,4.0,0.8341666666666666,1,Positive,0.4765333333333333,29.0,v2.0,English,Loan Collections,1,0.0,0,Low,0.0,2.0,0.0,0.0,Premium,26-35,Credit Card
325,2626337d-b912-424f-8f30-b51b377d5816,1606,2026-04-29 15:20:06,0,10.0,0.6667000000000001,0,Neutral,0.043866666666666665,20.0,v1.0,English,Loan Application,1,0.0,0,Low,0.0,5.0,0.0,0.0,High Value,46-55,Personal Loan
6873,64cf2dbf-50a0-4ccd-ab98-b7f856ea2b3b,747,2026-04-29 15:28:08,1,6.0,0.34803333333333336,2,Neutral,-0.1727,29.0,v1.0,Hindi,Loan Collections,2,35.0,31-60,Medium,29894.1,4.0,2.0,3.0,Mass,18-25,Credit Card
1948,82301986-5faa-4246-acef-0a3a30d99e6f,1424,2026-04-29 15:58:40,0,10.0,0.9263333333333333,0,Positive,0.5603333333333333,32.0,v2.0,English,Insurance Renewal,1,19.0,1-30,Low,90948.3,4.0,0.0,0.0,Mass,26-35,Personal Loan
2888,87715a2d-5f8e-456d-9c39-2b33584ea4ac,1768,2026-04-29 16:17:02,0,16.0,0.9033666666666665,0,Positive,0.3986,49.0,v1.1,English,Payment Reminder,2,0.0,0,Low,0.0,5.0,1.0,2.0,Mass,46-55,Credit Card
3944,f94854e8-c3a6-415d-be05-898c96a0a970,1711,2026-04-29 16:19:47,0,4.0,0.7347333333333333,1,Neutral,-0.03616666666666666,41.0,v1.0,Tamil,Lead Qualification,1,0.0,0,Low,0.0,3.0,1.0,3.0,Mass,18-25,Credit Card
2117,ef3fc104-46b3-478f-a03e-c1f40b612061,1027,2026-04-29 16:39:24,1,4.0,0.6433666666666666,2,Neutral,0.02696666666666667,37.0,v1.0,Hindi,Lead Qualification,1,93.0,90+,High,26824.21,1.0,1.0,3.0,Mass,56-65,Personal Loan
5165,ca4d5337-17c3-4132-8ef6-09e0c16e7878,1144,2026-04-29 17:07:05,1,,0.3565666666666667,3,Neutral,-0.26456666666666667,29.0,v1.0,Telugu,Insurance Renewal,1,58.0,31-60,Medium,44748.29,3.0,1.0,2.0,Mass,56-65,Credit Card
3246,2637a312-5013-479d-b2a7-eca37d99f037,391,2026-04-29 17:24:31,0,1.0,0.9003333333333333,1,Positive,0.4120333333333333,30.0,v1.0,Tamil,Payment Reminder,1,0.0,0,Low,0.0,5.0,0.0,1.0,Mass,26-35,Credit Card
4743,4c8e5f96-3889-43c8-9d3c-e517542352d3,1974,2026-04-29 19:07:21,1,1.0,0.6187666666666667,2,Neutral,-0.24810000000000001,31.0,v1.0,English,Loan Application,1,61.0,61-90,High,43351.8,1.0,1.0,3.0,Mass,18-25,Personal Loan
4683,dd4209a1-2bd2-4c5c-8535-79d600eb29b2,1311,2026-04-29 19:20:07,0,2.0,0.5497666666666667,1,Neutral,0.11526666666666667,38.0,v1.1,English,Insurance Renewal,1,73.0,61-90,High,37982.3,5.0,1.0,3.0,Mass,36-45,Personal Loan
2002,af8dde24-241d-4359-b46b-0932e06d3543,95,2026-04-30 08:09:24,0,16.0,0.8316666666666667,1,Positive,0.2904,36.0,v1.0,Hindi,Insurance Renewal,1,0.0,0,Low,0.0,0.0,0.0,0.0,Mass,18-25,Personal Loan
5771,b440449e-2159-48f9-9855-6be1babb2821,491,2026-04-30 09:10:10,0,16.0,0.6304,0,Negative,-0.015100000000000002,34.0,v1.0,Tamil,Loan Application,2,78.0,61-90,High,55030.36,4.0,1.0,3.0,Mass,65+,
2920,5d73be58-0ef8-4074-bde7-a73dcaff52bf,1256,2026-04-30 09:13:13,0,14.0,0.5272666666666667,1,Neutral,-0.004966666666666667,25.0,v1.0,Tamil,Loan Collections,1,0.0,0,Low,0.0,2.0,1.0,2.0,Mass,36-45,Home Loan
5950,0465a125-e1de-43e7-b925-6fd6712093af,1290,2026-04-30 09:13:22,0,1.0,0.8323,0,Neutral,0.2243333333333333,46.0,v1.1,English,Insurance Renewal,1,33.0,31-60,Medium,49025.44,1.0,0.0,0.0,Mass,36-45,Credit Card
2708,2373478e-36c2-4f5d-8826-88931006e69d,1797,2026-04-30 10:02:16,0,5.0,0.7137333333333333,0,Neutral,0.2293666666666667,43.0,v1.0,English,Customer Support,2,40.0,31-60,Medium,62964.35,2.0,2.0,7.0,Mass,26-35,Credit Card
5883,bebe9f2b-d1b4-42bb-a8c4-1979195ab66a,1899,2026-04-30 10:08:44,0,9.0,0.7286,1,Neutral,0.1593,27.0,v1.0,Tamil,Loan Application,3,0.0,0,Low,0.0,5.0,2.0,7.0,Mass,26-35,Credit Card
9420,9fbfe31f-97bd-486d-bda0-ae4f09dd530c,487,2026-04-30 11:50:15,0,18.0,0.8992999999999999,0,Positive,0.5367,43.0,v2.0,English,Loan Application,1,0.0,0,Low,0.0,5.0,1.0,4.0,Mass,36-45,Personal Loan
303,3ec44777-f005-425e-a57e-691f43720a89,1953,2026-04-30 12:58:00,0,1.0,0.9527,0,Positive,0.6761,43.0,v2.0,English,Loan Application,1,0.0,0,Low,0.0,5.0,3.0,9.0,Premium,18-25,Credit Card
188,3233d0be-acf9-4d7c-93c9-a39312e671d7,368,2026-04-30 14:05:09,0,19.0,0.8961333333333333,1,Positive,0.4418,42.0,v1.1,English,Lead Qualification,1,0.0,0,Low,0.0,3.0,2.0,5.0,High Value,46-55,Credit Card
2414,017ccb5d-9f7d-4bf0-af93-ba00ea707fc3,1901,2026-04-30 14:07:57,0,12.0,0.9344666666666667,0,Positive,0.5001333333333333,36.0,v2.0,English,Loan Collections,1,0.0,0,Low,0.0,3.0,1.0,1.0,Mass,18-25,Credit Card
1783,990dd1d8-5a34-42a1-9f46-ce634cc07a25,1567,2026-04-30 14:15:59,0,8.0,0.7744,0,Positive,0.23546666666666669,38.0,v1.0,Hindi,Payment Reminder,1,0.0,0,Low,0.0,1.0,0.0,0.0,Mass,36-45,Personal Loan
258,a52f676e-bda5-484e-ba06-d8efb727701c,708,2026-04-30 14:31:51,0,1.0,0.9019666666666666,0,Positive,0.6434333333333333,38.0,v1.1,English,Loan Application,1,0.0,0,Low,0.0,2.0,0.0,0.0,Mass,26-35,Home Loan
5791,432ca56a-c1f8-4439-8dc8-ce897b720b2e,1484,2026-04-30 15:03:15,1,,0.6794333333333333,3,Neutral,-0.0743,37.0,v1.0,Hindi,Insurance Renewal,2,44.0,31-60,Medium,72294.53,5.0,1.0,4.0,Wealth,26-35,Personal Loan
3664,d0941f2b-33e1-453f-814c-d1f341877f0f,21,2026-04-30 16:52:25,0,15.0,0.6254000000000001,0,Neutral,0.0385,33.0,v1.1,English,Loan Collections,1,0.0,0,Low,0.0,4.0,2.0,4.0,Wealth,46-55,Personal Loan
3945,6a159920-7769-40b7-88d9-b5494a4629d7,209,2026-04-30 16:52:27,0,5.0,0.9598666666666666,1,Positive,0.7297666666666666,32.0,v2.0,English,Payment Reminder,2,0.0,0,Low,0.0,3.0,2.0,8.0,Mass,36-45,Credit Card
9632,8d15e2e2-5854-4293-957a-a5accf4bc0f7,1827,2026-04-30 17:05:05,0,19.0,0.8165999999999999,1,Neutral,0.31466666666666665,39.0,v1.0,Hindi,Payment Reminder,1,0.0,0,Low,0.0,5.0,1.0,3.0,Mass,18-25,Credit Card
2728,f823461f-47af-47a6-8093-b0752ed46706,188,2026-04-30 17:43:46,0,10.0,0.6949666666666667,1,Neutral,0.34223333333333333,29.0,v1.0,Telugu,Loan Application,1,0.0,0,Low,0.0,3.0,0.0,1.0,High Value,65+,Home Loan
6326,8842376e-99db-4574-b8b4-5694bca769d2,1006,2026-04-30 19:08:51,1,2.0,0.6462666666666667,1,Neutral,0.1094,35.0,v1.0,English,Loan Collections,1,0.0,0,Low,0.0,3.0,0.0,1.0,Premium,18-25,Personal Loan
771,0591d1c0-0288-4903-aebe-c59ef918d144,1179,2026-04-30 19:51:33,0,16.0,0.9373333333333332,1,Positive,0.6274333333333334,34.0,v2.0,English,Lead Qualification,1,0.0,0,Low,0.0,1.0,1.0,2.0,Premium,26-35,Credit Card
1026,943e555c-6b5d-4134-9357-5e20c1c5a100,137,2026-05-01 08:03:06,0,8.0,0.5800333333333333,1,Neutral,0.08946666666666668,26.0,v1.0,Telugu,Customer Support,1,0.0,0,Low,0.0,3.0,2.0,5.0,High Value,36-45,Personal Loan
9244,806e296d-9e72-43a3-9df6-5ae31a0d7502,1178,2026-05-01 08:11:21,1,6.0,0.5627666666666666,2,Neutral,-0.07836666666666665,35.0,v1.1,English,Payment Reminder,1,0.0,0,Low,0.0,3.0,0.0,1.0,Wealth,36-45,Personal Loan
2240,e6e1e6f4-42fc-4813-b24b-4ce07d6ebda1,1088,2026-05-01 08:18:29,1,14.0,0.4152666666666667,2,Neutral,-0.19796666666666665,26.0,v1.0,Hindi,Customer Support,2,45.0,31-60,Medium,74318.19,5.0,0.0,0.0,Mass,26-35,Auto Loan
25,a65043e8-ea1a-4f31-afe7-4ffb99b8ae1f,1845,2026-05-01 08:21:47,0,4.0,0.8450333333333333,0,Neutral,0.32316666666666666,23.0,v1.0,English,Lead Qualification,1,0.0,0,Low,0.0,3.0,2.0,10.0,High Value,36-45,Home Loan
9570,52abfd41-0d48-4ac7-afa6-6dfd40d7a1d1,278,2026-05-01 08:49:57,1,15.0,0.21726666666666664,1,Negative,-0.5899,39.0,v1.0,Telugu,Loan Application,1,74.0,61-90,High,61458.72,5.0,4.0,11.0,Premium,18-25,Personal Loan
6862,ca911736-6a41-4906-9a4e-5192a8d52e92,730,2026-05-01 08:55:09,0,1.0,0.8898666666666667,1,Neutral,0.2512666666666667,25.0,v1.0,Tamil,Loan Collections,2,0.0,0,Low,0.0,4.0,3.0,3.0,High Value,18-25,Credit Card
4597,2ffbb29d-80d4-42d0-992c-0d318e6f5301,177,2026-05-01 09:30:41,0,13.0,0.9197666666666665,1,Neutral,0.3474333333333333,35.0,v1.1,English,Loan Collections,3,0.0,0,Low,0.0,8.0,2.0,8.0,Mass,65+,Credit Card
7251,0afa6b48-42ac-4be7-9ebb-fe58a7c58b83,1916,2026-05-01 09:33:58,1,4.0,0.17020000000000002,2,Negative,-0.615,33.0,v1.0,English,Loan Collections,1,98.0,90+,High,92391.32,4.0,3.0,10.0,Mass,36-45,Personal Loan
4060,59904603-d870-463c-8cf5-4fca33f145d8,1253,2026-05-01 09:37:00,0,6.0,0.6488333333333333,1,Negative,-0.3208333333333333,31.0,v1.0,Tamil,Loan Collections,1,0.0,0,Low,0.0,4.0,1.0,3.0,Mass,36-45,
6455,66cacec0-169a-4a3f-a596-dd1feb12538a,352,2026-05-01 10:13:33,0,16.0,0.7894333333333333,0,Positive,0.4361333333333333,41.0,v1.0,Hindi,Loan Application,1,0.0,0,Low,0.0,1.0,0.0,0.0,Mass,56-65,Auto Loan
8430,f75bb72e-dd10-4da0-a22b-62edc3a3a563,1157,2026-05-01 10:23:22,0,2.0,0.6901333333333334,1,Neutral,-0.018199999999999997,33.0,v1.0,Hindi,Customer Support,1,0.0,0,Low,0.0,3.0,1.0,2.0,Premium,46-55,Personal Loan
3114,9522d762-3908-4967-87ab-59bab46643cb,1699,2026-05-01 10:26:32,0,15.0,0.5192,0,Negative,-0.19626666666666667,27.0,v1.0,Hindi,Loan Application,1,0.0,0,Low,0.0,1.0,1.0,2.0,High Value,46-55,Personal Loan
4009,bb0b1be1-26d8-4eac-8bad-9097446abdb0,1047,2026-05-01 10:46:28,0,16.0,0.8804,1,Positive,0.693,41.0,v2.0,English,Customer Support,1,0.0,0,Low,0.0,2.0,0.0,0.0,Mass,46-55,Home Loan
4410,fd838afa-9ef4-420d-925e-192a4119d589,482,2026-05-01 10:49:29,0,13.0,0.8693666666666666,0,Positive,0.5409333333333334,38.0,v1.1,English,Loan Collections,1,0.0,0,Low,0.0,6.0,1.0,3.0,Premium,26-35,Credit Card
5655,004c529b-fbbc-490b-903f-066b7cbc8c45,708,2026-05-01 12:02:28,0,7.0,0.9067,0,Positive,0.291,32.0,v1.0,Hindi,Insurance Renewal,1,0.0,0,Low,0.0,3.0,0.0,0.0,Mass,26-35,Home Loan
5263,9dc9b85e-310c-4018-8adf-5435f2f3e1da,739,2026-05-01 13:17:21,1,17.0,0.2972666666666667,2,Neutral,-0.3075,33.0,v1.0,Telugu,Lead Qualification,1,0.0,0,Low,0.0,3.0,0.0,2.0,Premium,26-35,Personal Loan
8534,437c2f82-9012-47a8-86f8-814a129c39f6,1781,2026-05-01 14:06:45,0,19.0,0.8272333333333334,1,Neutral,0.1102,29.0,v1.0,Hindi,Loan Collections,1,0.0,0,Low,0.0,0.0,0.0,0.0,Mass,26-35,Personal Loan
3838,5f77251f-c58c-4d86-9c8b-a01e21d2a0e7,705,2026-05-01 15:18:29,1,17.0,0.4344333333333334,2,Negative,-0.5036333333333333,35.0,v1.0,Tamil,Loan Collections,1,0.0,0,Low,0.0,2.0,0.0,2.0,Premium,36-45,Personal Loan
1105,ea196576-3b7f-4862-80f7-92fbaa1ca419,371,2026-05-01 15:19:25,0,10.0,0.7990666666666666,1,Neutral,0.3671333333333333,29.0,v1.0,Hindi,Loan Application,2,0.0,0,Low,0.0,6.0,0.0,2.0,Mass,36-45,Credit Card
8278,886e5627-31e1-40c8-a96d-01d959d331e3,1941,2026-05-01 16:20:18,0,16.0,0.8928333333333334,2,Positive,0.5838,21.0,v2.0,English,Loan Application,1,0.0,0,Low,0.0,1.0,0.0,0.0,Mass,18-25,Credit Card
6130,815e7956-bfc7-4810-8665-147dffe7320c,1853,2026-05-01 16:44:06,1,19.0,0.5150333333333333,2,Negative,-0.1829666666666667,47.0,v1.0,Telugu,Insurance Renewal,1,82.0,61-90,High,40037.35,6.0,1.0,3.0,Mass,36-45,Credit Card
487,4d49975a-9da8-4d91-abe8-39bf0849a60a,670,2026-05-01 18:51:01,0,13.0,0.8029333333333333,1,Positive,0.3027,30.0,v1.0,Tamil,Loan Collections,1,0.0,0,Low,0.0,2.0,0.0,0.0,Mass,26-35,Personal Loan
2267,84117a1e-6d0f-4bf9-87ca-608e1ea93a59,817,2026-05-01 19:23:49,1,8.0,0.5856,2,Negative,-0.03823333333333334,36.0,v1.0,Telugu,Loan Collections,2,0.0,0,Low,0.0,3.0,1.0,3.0,Mass,36-45,Personal Loan
1782,d6578e3f-1eda-415c-9152-bef4698edace,1786,2026-05-01 19:40:59,1,,0.3213,3,Negative,-0.217,33.0,v1.1,English,Lead Qualification,2,84.0,61-90,High,41784.93,7.0,1.0,2.0,Premium,18-25,Personal Loan
7664,83e0605c-eb6f-4135-87ef-4563ed423c46,432,2026-05-02 08:04:51,0,7.0,0.6847333333333333,1,Positive,0.21483333333333332,30.0,v1.0,English,Customer Support,1,0.0,0,Low,0.0,0.0,0.0,0.0,Mass,18-25,
8080,b192babf-4424-464d-aca5-0f848b484f9e,1031,2026-05-02 08:25:04,1,8.0,0.5477,1,Neutral,0.11326666666666667,41.0,v1.0,English,Loan Collections,1,0.0,0,Low,0.0,0.0,0.0,0.0,Mass,26-35,Home Loan
2592,62956504-11eb-4f85-890a-f24f849572b4,684,2026-05-02 08:57:26,1,8.0,0.32556666666666667,2,Neutral,-0.23876666666666668,35.0,v1.0,English,Insurance Renewal,1,95.0,90+,High,72174.41,2.0,0.0,1.0,Mass,36-45,Credit Card
6619,3f2925c9-bace-404a-b05d-5c53bd5d8d8f,615,2026-05-02 09:03:33,0,11.0,0.9371666666666667,1,Positive,0.5482333333333332,38.0,v2.0,English,Payment Reminder,1,12.0,1-30,Low,55859.04,4.0,1.0,6.0,High Value,36-45,Home Loan
8165,d4ba3681-34e4-4886-b183-d6efb79a7091,414,2026-05-02 09:14:43,0,11.0,0.9010333333333334,0,Positive,0.4933666666666667,33.0,v2.0,English,Loan Application,1,33.0,31-60,Medium,26264.65,3.0,0.0,1.0,Premium,26-35,Personal Loan
8027,1ada2538-231d-4c99-956b-ce8db92c3f27,144,2026-05-02 09:25:24,1,12.0,0.5897,0,Neutral,0.1115,32.0,v1.0,Tamil,Insurance Renewal,1,94.0,90+,High,27248.2,2.0,0.0,1.0,Mass,18-25,Personal Loan
3214,1cbe594f-c84a-4fbb-8543-1f881244ba88,223,2026-05-02 09:34:58,0,10.0,0.9666666666666667,0,Positive,0.5846666666666667,35.0,v2.0,English,Insurance Renewal,1,0.0,0,Low,0.0,4.0,0.0,1.0,Mass,36-45,Auto Loan
3344,e3d20d18-f697-4edb-8915-e6799845ff76,1756,2026-05-02 10:11:37,1,8.0,0.4987333333333333,2,Neutral,-0.0031000000000000103,32.0,v1.0,Telugu,Loan Application,1,70.0,61-90,High,67222.96,2.0,0.0,0.0,Mass,36-45,Credit Card
1647,8fd82c8d-5a4a-4309-b4cb-1a12f3b2268f,928,2026-05-02 10:27:56,1,18.0,0.39776666666666666,1,Neutral,-0.3396666666666666,38.0,v1.0,Hindi,Insurance Renewal,1,95.0,90+,High,35164.76,1.0,0.0,0.0,Mass,46-55,Credit Card
9239,e33f0d12-d9fb-4e2b-a4f6-a9c42e493d5c,526,2026-05-02 11:56:09,0,3.0,0.6572333333333333,1,Neutral,-0.025766666666666663,27.0,v1.1,English,Lead Qualification,1,0.0,0,Low,0.0,0.0,0.0,0.0,Wealth,56-65,Home Loan
1828,1af2bc39-ecca-4c84-98bc-4fe9834c024a,1752,2026-05-02 12:57:40,0,19.0,0.9247,1,Positive,0.6128333333333333,30.0,v2.0,English,Customer Support,1,0.0,0,Low,0.0,2.0,1.0,2.0,Mass,26-35,Home Loan
275,f61083e4-d6d1-4143-b6a0-378d104ed5bd,1286,2026-05-02 12:58:25,1,4.0,0.29560000000000003,0,Negative,-0.39270000000000005,35.0,v1.0,Hindi,Loan Application,2,87.0,61-90,High,1000.0,6.0,0.0,1.0,Premium,46-55,Personal Loan
8102,b4a53c78-fa97-44ce-acf0-054a932d0da8,1937,2026-05-02 13:12:05,0,5.0,0.911,1,Positive,0.4968333333333333,23.0,v1.1,English,Loan Collections,1,21.0,1-30,Low,51894.34,5.0,0.0,1.0,Wealth,18-25,Personal Loan
1287,dee616a0-90b2-40f9-8ef3-bfc683410da7,283,2026-05-02 13:31:37,1,15.0,0.7652333333333333,2,Positive,0.3304666666666667,37.0,v2.0,English,Loan Collections,1,0.0,0,Low,0.0,3.0,1.0,3.0,Premium,36-45,Home Loan
6019,2dabde3b-3f03-46ff-ac34-82b75cddaaf9,1035,2026-05-02 13:34:33,0,5.0,0.9334666666666666,1,Positive,0.6953666666666667,39.0,v1.1,English,Loan Application,2,0.0,0,Low,0.0,3.0,0.0,1.0,Mass,46-55,Credit Card
1821,92c868f1-66c5-438e-b2b5-2a05e5b2823f,1872,2026-05-02 13:39:48,1,9.0,0.6958666666666667,2,Neutral,-0.07980000000000001,21.0,v1.0,Telugu,Loan Application,1,49.0,31-60,Medium,64482.38,7.0,2.0,4.0,Mass,46-55,Credit Card
6670,0c58cb4d-241c-4803-ac95-cee5a1d5ce83,172,2026-05-02 14:24:00,1,4.0,0.2818333333333333,2,Negative,-0.5308,29.0,v1.0,Tamil,Loan Collections,4,80.0,61-90,High,51785.69,5.0,1.0,1.0,Mass,56-65,Home Loan
7379,caa5f005-245d-4cc6-ac9a-21f225bbcb99,1997,2026-05-02 14:28:49,0,8.0,0.9555333333333333,0,Positive,0.5534,45.0,v2.0,English,Customer Support,1,0.0,0,Low,0.0,4.0,3.0,8.0,Mass,65+,Credit Card
6582,042f0a12-fc0d-41fb-8566-b88d7a98086e,202,2026-05-02 15:16:19,0,4.0,0.8680666666666667,0,Positive,0.34936666666666666,31.0,v2.0,English,Loan Collections,2,0.0,0,Low,0.0,6.0,2.0,7.0,Mass,36-45,Home Loan
5100,24a3ae04-8bb1-4daf-846c-2ba40d8b5dbf,1378,2026-05-02 16:25:11,0,18.0,0.5357666666666666,0,Negative,-0.28236666666666665,35.0,v1.0,Telugu,Customer Support,1,0.0,0,Low,0.0,3.0,0.0,1.0,Mass,18-25,Home Loan
3312,e37f44e6-ebcf-4805-beba-f1c0d1dbd2f3,399,2026-05-02 17:11:35,0,1.0,0.8113333333333334,0,Positive,0.6685333333333333,24.0,v1.0,Tamil,Payment Reminder,2,0.0,0,Low,0.0,5.0,1.0,3.0,Premium,36-45,Personal Loan
3170,3fc2d926-f401-4e94-99d7-2989a5f9229b,1630,2026-05-02 18:00:14,0,19.0,0.7369,2,Neutral,0.2663333333333333,37.0,v1.0,Tamil,Loan Collections,1,0.0,0,Low,0.0,6.0,2.0,10.0,Mass,36-45,Credit Card
7476,15f32e04-5091-47f2-9dbe-0007d84fb9cf,687,2026-05-02 18:08:43,1,18.0,0.3201,1,Negative,-0.40140000000000003,38.0,v1.0,English,Loan Collections,2,77.0,61-90,High,76861.46,4.0,1.0,3.0,Mass,36-45,Credit Card
5846,b930027e-c9a6-44b5-95cb-cd48e69185c5,1391,2026-05-02 18:18:50,1,8.0,0.5443666666666667,2,Negative,-0.2003,35.0,v1.0,Hindi,Payment Reminder,1,56.0,31-60,Medium,69370.54,4.0,0.0,1.0,Mass,26-35,Home Loan
3510,47cf98cb-ad8b-4036-b291-e6831caac914,139,2026-05-02 18:34:30,0,13.0,0.8963666666666666,1,Neutral,0.4063333333333334,36.0,v1.1,English,Insurance Renewal,1,0.0,0,Low,0.0,1.0,0.0,1.0,Mass,46-55,Personal Loan
1702,a661d264-d6aa-4b00-8469-8e731671ce29,1119,2026-05-02 19:22:23,1,14.0,0.5751,1,Neutral,-0.00833333333333334,37.0,v1.0,English,Insurance Renewal,1,0.0,0,Low,0.0,5.0,2.0,7.0,Mass,46-55,Auto Loan
2838,f65a9e79-907f-4d56-930b-af40e9b445f7,401,2026-05-02 19:24:15,0,19.0,0.8030666666666666,1,Neutral,0.23923333333333333,41.0,v1.0,Tamil,Lead Qualification,1,0.0,0,Low,0.0,5.0,0.0,0.0,Premium,18-25,Personal Loan
3703,4affdc25-114c-47d2-b9b8-7d1896cfad2d,1219,2026-05-03 08:05:06,0,18.0,0.8747666666666666,1,Positive,0.47290000000000004,36.0,v2.0,English,Lead Qualification,1,0.0,0,Low,0.0,4.0,1.0,4.0,High Value,36-45,Credit Card
6245,2e87d3b8-4c27-4248-b8d9-afaf39e0b444,1556,2026-05-03 08:15:02,0,19.0,0.7497000000000001,0,Neutral,0.2913,30.0,v1.0,Telugu,Loan Collections,1,0.0,0,Low,0.0,1.0,0.0,0.0,Mass,36-45,Personal Loan
348,a42125b3-7a14-4ab0-98fb-246c8305a50f,1311,2026-05-03 09:31:28,0,13.0,0.8909333333333334,1,Positive,0.22563333333333335,31.0,v1.0,Hindi,Loan Collections,2,0.0,0,Low,0.0,6.0,1.0,4.0,Mass,36-45,Personal Loan
411,6e756f52-227d-4569-8dd6-a121be8ef4ce,1871,2026-05-03 10:03:28,0,2.0,0.8815333333333334,0,Positive,0.5083666666666666,26.0,v2.0,English,Lead Qualification,2,0.0,0,Low,0.0,4.0,1.0,4.0,High Value,26-35,Credit Card
4251,b8478e4a-e687-41f3-b17c-f133f204263e,1745,2026-05-03 10:35:57,1,9.0,0.6612666666666667,2,Neutral,-0.32516666666666666,33.0,v1.0,Hindi,Customer Support,1,71.0,61-90,High,66191.47,1.0,0.0,0.0,Mass,18-25,Personal Loan
7011,a85b4921-fcd5-4b7e-9082-51236f2a5767,476,2026-05-03 10:50:02,0,5.0,0.8091666666666667,0,Positive,0.5539000000000001,31.0,v1.0,Telugu,Lead Qualification,1,0.0,0,Low,0.0,3.0,0.0,2.0,Mass,18-25,Auto Loan
2817,d30ec799-9051-46a5-85d5-98742ce69a66,238,2026-05-03 11:44:59,0,11.0,0.8906000000000001,1,Positive,0.4814,34.0,v1.0,Telugu,Loan Application,2,0.0,0,Low,0.0,1.0,0.0,0.0,Mass,26-35,Auto Loan
2288,69d71d03-9f28-4b46-8813-e4edce0f7c2c,1442,2026-05-03 13:26:13,1,6.0,0.6558666666666667,2,Neutral,0.05099999999999999,54.0,v1.1,English,Payment Reminder,2,0.0,0,Low,0.0,4.0,0.0,0.0,Mass,26-35,Personal Loan
1284,320677e4-949d-43f9-bd46-4fc5e5367c84,8,2026-05-03 13:38:34,1,2.0,0.5952333333333333,1,Neutral,-0.3362,28.0,v1.1,English,Loan Collections,4,105.0,90+,High,28848.24,9.0,4.0,14.0,Mass,26-35,Personal Loan
6351,9511f811-c027-4543-9e8e-6ed70926f13c,1092,2026-05-03 14:05:42,1,17.0,0.3786333333333333,1,Negative,-0.4041666666666666,34.0,v1.0,English,Loan Collections,1,0.0,0,Low,0.0,2.0,1.0,2.0,Mass,36-45,Personal Loan
3807,e5be5c58-f0d1-4ec4-80f6-f6641763e3ba,216,2026-05-03 15:39:49,0,11.0,0.9523333333333334,0,Positive,0.5977666666666667,38.0,v2.0,English,Loan Collections,1,1.0,1-30,Low,8502.12,4.0,1.0,2.0,Premium,26-35,Personal Loan
768,3765a8cc-f9fc-4d21-8875-467160291db6,697,2026-05-03 15:53:53,1,4.0,0.5388666666666667,1,Neutral,-0.04526666666666667,31.0,v1.0,Tamil,Loan Application,2,0.0,0,Low,0.0,4.0,0.0,1.0,Mass,18-25,Credit Card
835,386d69e1-3b3d-4b59-ab7f-f8e8d72c8ed8,1708,2026-05-03 16:04:45,1,2.0,0.5251666666666667,1,Neutral,-0.1119,34.0,v1.0,Tamil,Customer Support,1,51.0,31-60,Medium,38036.47,3.0,1.0,6.0,Premium,26-35,
6880,90f0abe6-0332-4a85-8916-1e892ebc3299,1006,2026-05-03 16:09:12,0,11.0,0.8210666666666667,0,Positive,0.5735333333333333,28.0,v1.0,Hindi,Loan Collections,2,0.0,0,Low,0.0,4.0,1.0,3.0,Premium,18-25,Personal Loan
5822,9276b25f-a972-448b-8c41-f332ce1e2376,250,2026-05-03 16:15:05,0,8.0,0.6721666666666667,1,Neutral,0.1294,31.0,v1.0,English,Lead Qualification,1,0.0,0,Low,0.0,5.0,2.0,4.0,Mass,46-55,Credit Card
2994,52e0acdd-35dc-49e3-a699-9bd3c82ec81e,1109,2026-05-03 17:33:47,0,10.0,0.7534666666666667,1,Neutral,0.22953333333333334,41.0,v1.0,Telugu,Lead Qualification,1,30.0,1-30,Low,14316.02,1.0,0.0,1.0,Mass,36-45,Auto Loan
6630,8af166b1-ce52-4813-bd0c-43d33c0654dc,924,2026-05-03 17:56:27,1,17.0,0.213,1,Negative,-0.7202333333333334,30.0,v1.1,English,Insurance Renewal,2,112.0,90+,High,30855.68,6.0,0.0,5.0,Premium,26-35,Auto Loan
3792,baf0f3c6-694a-4145-8848-940cc6019568,1594,2026-05-03 19:20:15,0,13.0,0.8716333333333334,1,Positive,0.4949666666666667,33.0,v1.1,English,Loan Collections,1,0.0,0,Low,0.0,2.0,1.0,3.0,High Value,26-35,Credit Card
4037,c41697ce-355f-4588-9366-7ec9d35bc920,1687,2026-05-03 19:27:07,1,12.0,0.8795333333333334,2,Positive,0.5209666666666667,26.0,v2.0,English,Loan Application,1,0.0,0,Low,0.0,1.0,0.0,1.0,Mass,56-65,Auto Loan
8980,465a131b-bc58-4519-b0b2-0bb5d6804fca,1074,2026-05-04 08:21:38,1,4.0,0.48056666666666664,2,Neutral,-0.2763666666666667,42.0,v1.1,English,Customer Support,1,85.0,61-90,High,52793.64,6.0,2.0,3.0,High Value,26-35,Credit Card
3918,05bac206-5bb2-44e7-a903-8818168a051f,1908,2026-05-04 08:54:43,0,5.0,0.8774333333333333,0,Positive,0.3442,25.0,v1.0,Tamil,Insurance Renewal,1,0.0,0,Low,0.0,2.0,1.0,5.0,Premium,18-25,Home Loan
9742,f5940f27-0232-423b-ae7f-b3cfa6486ef1,700,2026-05-04 09:59:55,0,1.0,0.8682333333333334,0,Positive,0.4748333333333334,35.0,v1.0,English,Loan Collections,1,0.0,0,Low,0.0,4.0,0.0,1.0,Premium,36-45,Credit Card
8213,cd3ae589-322c-4418-95be-31aef8da1638,8,2026-05-04 10:22:19,1,2.0,0.23329999999999998,2,Negative,-0.3199666666666667,31.0,v1.0,Telugu,Customer Support,2,96.0,90+,High,39731.86,10.0,5.0,15.0,Mass,26-35,Personal Loan
3102,2af82559-cb85-43ad-b36b-8c4db429e188,1484,2026-05-04 10:42:10,0,14.0,0.7467666666666667,2,Neutral,0.26176666666666665,35.0,v1.1,English,Loan Application,1,0.0,0,Low,0.0,6.0,2.0,7.0,Wealth,26-35,Personal Loan
777,8bb115f5-997c-4343-ba04-4d374a44dd4c,1734,2026-05-04 11:03:20,0,15.0,0.5054666666666666,0,Neutral,0.0056333333333333235,26.0,v1.0,Hindi,Customer Support,2,0.0,0,Low,0.0,6.0,1.0,4.0,Premium,65+,Credit Card
5881,287c006b-07ce-49ea-98d4-7f29b2fd954e,1640,2026-05-04 12:48:36,0,9.0,0.6806666666666666,1,Neutral,0.19909999999999997,30.0,v1.0,English,Customer Support,1,0.0,0,Low,0.0,1.0,0.0,2.0,Mass,26-35,Credit Card
8331,d84e7c0d-69bc-434f-ad7a-ebc00323a27c,1073,2026-05-04 12:57:39,0,6.0,0.7330666666666668,1,Positive,0.40463333333333334,27.0,v2.0,English,Customer Support,1,0.0,0,Low,0.0,1.0,0.0,0.0,Wealth,18-25,Credit Card
7420,b698e833-a26c-4dc8-933c-d6c006718f4e,924,2026-05-04 13:05:27,0,13.0,0.7765333333333334,2,Positive,0.3239,44.0,v1.0,Telugu,Loan Application,1,0.0,0,Low,0.0,7.0,1.0,8.0,Premium,26-35,Auto Loan
456,af1e84d5-432c-4089-8dae-22094d7f4d58,1060,2026-05-04 13:38:45,0,5.0,0.8529666666666667,1,Positive,0.43906666666666666,35.0,v1.0,Tamil,Payment Reminder,2,0.0,0,Low,0.0,4.0,0.0,3.0,Premium,46-55,Credit Card
6997,efe8007c-d0df-4c33-87cf-57fe0184d89d,1927,2026-05-04 17:20:58,1,12.0,0.6063333333333333,1,Neutral,-0.061733333333333335,35.0,v2.0,English,Insurance Renewal,1,48.0,31-60,Medium,41638.87,4.0,1.0,2.0,Mass,46-55,Personal Loan
1854,0ab6ac75-a12a-4eaf-8874-3868309a989e,1638,2026-05-04 17:42:57,1,3.0,0.5521333333333334,1,Neutral,0.0049666666666666704,36.0,v1.0,English,Loan Collections,1,76.0,61-90,High,75052.92,3.0,0.0,2.0,High Value,56-65,Personal Loan
6802,06a018b3-6bb0-4738-9d88-4bcc728419cb,564,2026-05-04 18:01:34,0,5.0,0.8877,0,Positive,0.4966,38.0,v1.0,Tamil,Loan Application,1,0.0,0,Low,0.0,2.0,1.0,1.0,Premium,36-45,Auto Loan
7770,37226ce0-7b9a-48b3-8218-0fd2bc38b749,1061,2026-05-04 18:15:54,0,7.0,0.7506666666666666,0,Positive,0.1093,45.0,v1.0,English,Loan Collections,2,0.0,0,Low,0.0,4.0,0.0,2.0,Mass,26-35,Credit Card
253,64126a1e-c09d-47d1-93ac-44017fa2fcee,85,2026-05-04 18:16:18,0,12.0,0.7862333333333332,0,Positive,0.2736,31.0,v1.0,Hindi,Loan Application,1,0.0,0,Low,0.0,5.0,2.0,3.0,Premium,36-45,Home Loan
9282,71e041c3-7b50-4e42-89c8-4de7e5d85243,559,2026-05-04 19:03:48,0,9.0,0.8506,1,Positive,0.3555,42.0,v1.1,English,Customer Support,2,0.0,0,Low,0.0,3.0,1.0,4.0,Premium,46-55,Auto Loan
799,d4d0b63a-7829-45e1-bffe-8562890c44cc,395,2026-05-04 19:06:08,1,,0.28363333333333335,3,Neutral,-0.38453333333333334,31.0,v1.0,Telugu,Payment Reminder,1,107.0,90+,High,78838.6,1.0,0.0,1.0,Mass,46-55,Credit Card
9054,f0dda0c1-f075-4c5c-95d4-9cfd81a73028,1060,2026-05-04 19:34:48,0,19.0,0.8131666666666666,0,Neutral,0.12890000000000001,41.0,v1.0,Telugu,Insurance Renewal,1,0.0,0,Low,0.0,5.0,0.0,4.0,Premium,46-55,Credit Card
7382,3714591d-1e8b-495f-b933-c971566c4173,1635,2026-05-04 19:52:37,0,5.0,0.8063333333333333,0,Positive,0.19423333333333334,42.0,v1.0,English,Lead Qualification,2,4.0,1-30,Low,84993.99,7.0,1.0,5.0,Mass,26-35,
20,d3e0d5d6-9c06-4e77-95df-c03d23a02519,803,2026-05-05 08:01:43,1,14.0,0.2311,1,Negative,-0.4648333333333334,31.0,v1.0,English,Lead Qualification,1,113.0,90+,High,48943.65,1.0,0.0,0.0,Mass,36-45,Credit Card
3654,32ddaf9e-3e5e-453c-b528-7c243d80d0f6,1397,2026-05-05 11:00:10,1,1.0,0.7896666666666666,2,Neutral,0.0961,32.0,v1.0,Tamil,Customer Support,1,0.0,0,Low,0.0,4.0,2.0,5.0,Mass,36-45,Personal Loan
6883,797c8b3b-8d30-4bf6-b216-436faf9d7f70,881,2026-05-05 11:01:25,1,1.0,0.24896666666666667,2,Neutral,-0.2882,33.0,v1.0,Telugu,Customer Support,1,77.0,61-90,High,61963.6,1.0,1.0,2.0,Mass,36-45,Credit Card
7532,e6f959ea-d6a7-4eb1-abd2-95145e5cb832,1839,2026-05-05 11:27:37,0,16.0,0.775,1,Positive,0.2358,35.0,v1.0,Tamil,Loan Application,1,0.0,0,Low,0.0,1.0,0.0,0.0,Premium,46-55,Personal Loan
6935,ec664c6e-90ec-4f08-8097-9e8de0c812b7,1072,2026-05-05 11:29:30,0,1.0,0.8640666666666666,1,Positive,0.513,33.0,v1.0,Telugu,Lead Qualification,1,0.0,0,Low,0.0,4.0,0.0,1.0,Premium,46-55,Auto Loan
1229,3e946bc1-443c-4c3a-8f12-ade1d97829be,392,2026-05-05 12:09:15,1,4.0,0.5159666666666666,1,Neutral,0.023366666666666664,20.0,v1.0,Telugu,Loan Collections,1,0.0,0,Low,0.0,1.0,1.0,1.0,Premium,26-35,Personal Loan
8765,70ebc05d-a9fc-47e2-b207-93fa50dc99f7,1460,2026-05-05 14:00:47,0,16.0,0.8872666666666666,0,Positive,0.5648666666666666,41.0,v1.1,English,Payment Reminder,2,7.0,1-30,Low,33127.78,2.0,1.0,3.0,Premium,18-25,Auto Loan
6867,b525b782-5c9f-4b65-b39b-054232a94ec6,586,2026-05-05 14:20:53,0,13.0,0.7448666666666667,0,Neutral,0.09216666666666666,24.0,v1.0,Tamil,Insurance Renewal,2,0.0,0,Low,0.0,3.0,2.0,5.0,Mass,36-45,Credit Card
8836,6bb3e2e8-1d8d-4ecd-bd72-803b0330971b,287,2026-05-05 14:56:47,1,18.0,0.40653333333333336,2,Neutral,-0.05133333333333334,33.0,v1.0,English,Customer Support,1,0.0,0,Low,0.0,4.0,0.0,2.0,Premium,26-35,Auto Loan
680,2f08507e-70bf-45d7-a803-341bc707bd19,992,2026-05-05 15:38:06,0,7.0,0.9062,1,Positive,0.5179666666666667,32.0,v1.1,English,Customer Support,1,0.0,0,Low,0.0,0.0,0.0,0.0,Mass,56-65,
7073,186abcd7-6d4c-4b38-a511-9fafa1ffbc58,1578,2026-05-05 16:00:32,0,8.0,0.7940999999999999,0,Positive,0.10959999999999999,36.0,v1.0,Telugu,Payment Reminder,1,0.0,0,Low,0.0,1.0,0.0,1.0,Mass,46-55,Personal Loan
6274,6ae4d548-4572-40f6-803b-595b9eb46a7b,277,2026-05-05 16:53:39,0,10.0,0.7632333333333333,0,Neutral,0.34790000000000004,43.0,v1.0,English,Payment Reminder,2,0.0,0,Low,0.0,4.0,1.0,4.0,Mass,18-25,Personal Loan
9705,9fdd66e2-2a89-4ed9-bd11-09f233cfd4ea,1882,2026-05-05 17:04:03,1,8.0,0.5975,2,Negative,-0.0907,43.0,v2.0,English,Loan Application,1,62.0,61-90,High,60870.7,1.0,0.0,0.0,Mass,36-45,Home Loan
2076,ef35c400-a7aa-4f7d-b866-29e7986876bf,16,2026-05-05 17:06:08,1,,0.3594,3,Negative,-0.4265999999999999,38.0,v1.0,Hindi,Insurance Renewal,1,65.0,61-90,High,75590.75,1.0,0.0,0.0,High Value,26-35,Credit Card
4032,50d4cbbb-475a-49ca-bced-30170506f3b0,1007,2026-05-05 17:14:40,1,14.0,0.5067,2,Positive,-0.08050000000000002,33.0,v1.0,Telugu,Loan Application,1,0.0,0,Low,0.0,2.0,0.0,0.0,High Value,36-45,Credit Card
529,7324496d-5f77-4814-a36a-b80ac441c1bf,1192,2026-05-05 17:41:47,1,,0.5304666666666668,3,Negative,-0.20763333333333334,33.0,v1.0,Tamil,Loan Collections,1,54.0,31-60,Medium,61830.59,5.0,0.0,0.0,Mass,46-55,Home Loan
4773,4aaaaec5-aca2-4011-b8b7-693ff15c10a5,206,2026-05-05 17:43:02,1,17.0,0.2674,2,Negative,-0.3627,22.0,v1.0,English,Loan Collections,1,16.0,1-30,Low,82308.36,4.0,0.0,1.0,Premium,26-35,Credit Card
5853,ea05f162-3ac1-4b37-8e83-dd3004427035,191,2026-05-05 18:13:19,1,3.0,0.6808666666666667,1,Neutral,-0.10980000000000001,22.0,v1.1,English,Insurance Renewal,1,0.0,0,Low,0.0,3.0,0.0,0.0,Mass,26-35,Credit Card
2539,200ae378-58c9-4d6a-a41f-e55d56857129,1986,2026-05-05 19:35:10,0,7.0,0.8096,1,Neutral,0.37506666666666666,36.0,v1.0,Tamil,Customer Support,1,0.0,0,Low,0.0,5.0,2.0,8.0,Wealth,36-45,Personal Loan
8568,78f0052a-43a2-498a-a090-20ee26d01f37,440,2026-05-06 08:40:24,0,8.0,0.7933666666666667,1,Neutral,0.3484333333333334,36.0,v2.0,English,Loan Application,1,0.0,0,Low,0.0,3.0,0.0,1.0,Premium,26-35,
7398,04d62c1b-3c75-427c-ba0d-d8c5d955d94f,1899,2026-05-06 09:00:41,1,,0.3026,3,Negative,-0.45553333333333335,33.0,v1.0,Telugu,Customer Support,1,0.0,0,Low,0.0,6.0,2.0,8.0,Mass,26-35,Credit Card
6060,8ea77a65-a999-4293-b3a6-3d94c6d7e4a5,204,2026-05-06 09:40:56,0,14.0,0.7786,0,Neutral,0.00936666666666667,44.0,v1.1,English,Customer Support,1,0.0,0,Low,0.0,4.0,0.0,0.0,Premium,46-55,Auto Loan
9908,3df36e23-6787-4e52-a035-7e5550244ef1,1977,2026-05-06 10:03:36,1,2.0,0.5253333333333333,2,Neutral,0.11043333333333331,25.0,v1.0,Telugu,Loan Collections,1,0.0,0,Low,0.0,3.0,0.0,0.0,Mass,46-55,Credit Card
288,ee8dac25-565b-444c-92f2-41b1edf0ca2a,367,2026-05-06 10:22:43,0,12.0,0.5781666666666667,0,Neutral,-0.09066666666666667,30.0,v1.0,Hindi,Loan Collections,1,0.0,0,Low,0.0,6.0,3.0,9.0,Premium,46-55,
3943,90b3a068-767d-4fcc-83be-315380eb2639,1872,2026-05-06 11:54:15,0,4.0,0.5455333333333333,0,Neutral,-0.0185,39.0,v1.0,Telugu,Lead Qualification,2,0.0,0,Low,0.0,8.0,3.0,7.0,Mass,46-55,Credit Card
7879,c7102f64-98e7-4326-8e31-0a85acdad99e,1190,2026-05-06 12:19:29,0,7.0,0.7908333333333334,0,Positive,0.18120000000000003,44.0,v1.1,English,Loan Collections,1,90.0,61-90,High,40696.29,3.0,1.0,1.0,Premium,26-35,Credit Card
1269,8de4f9d7-96d9-4577-8cfe-6dd800e7cf78,697,2026-05-06 13:11:02,0,2.0,0.7326,1,Neutral,-0.002066666666666661,52.0,v1.0,Telugu,Loan Collections,1,0.0,0,Low,0.0,5.0,1.0,3.0,Mass,18-25,Credit Card
4922,01b4efee-b4cc-4690-b479-190d8f02c4b2,654,2026-05-06 13:44:50,0,13.0,0.7669333333333334,2,Neutral,0.18536666666666668,23.0,v1.1,English,Payment Reminder,1,0.0,0,Low,0.0,6.0,1.0,2.0,Mass,46-55,Personal Loan
6338,07bfdcb3-e062-4621-9c31-89314121b2f9,875,2026-05-06 14:11:47,0,7.0,0.8419,1,Positive,0.3133666666666666,35.0,v1.0,Telugu,Customer Support,3,0.0,0,Low,0.0,3.0,1.0,3.0,Mass,65+,Credit Card
1768,c1729e2c-42ff-4f2e-b9d7-f129022bc72c,1165,2026-05-06 16:25:02,1,14.0,0.6432333333333333,2,Neutral,-0.09813333333333334,34.0,v2.0,English,Insurance Renewal,1,91.0,90+,High,48091.17,5.0,1.0,3.0,Mass,18-25,Personal Loan
9477,bb18f982-13b9-493e-be70-f134278b3c17,1442,2026-05-07 12:08:53,0,11.0,0.8175333333333333,0,Positive,0.29363333333333336,39.0,v1.0,Telugu,Loan Application,1,0.0,0,Low,0.0,5.0,1.0,3.0,Mass,26-35,Personal Loan
2269,f780a93d-facd-4187-8d50-c07e1d04acae,1626,2026-05-07 13:06:11,0,14.0,0.6371666666666667,1,Negative,-0.2591,33.0,v1.0,Tamil,Payment Reminder,1,0.0,0,Low,0.0,3.0,0.0,0.0,Mass,36-45,Personal Loan
5652,62cce2fe-d79e-4dea-829f-2f45ff483f18,1932,2026-05-07 15:44:27,0,10.0,0.859,0,Positive,0.36663333333333337,27.0,v1.1,English,Loan Application,1,0.0,0,Low,0.0,6.0,2.0,2.0,Mass,26-35,Credit Card
3219,9f3ac6b7-16ac-422c-a5de-e08c3058166a,529,2026-05-07 15:59:13,1,17.0,0.2628,2,Negative,-0.6048,42.0,v1.0,Hindi,Payment Reminder,2,52.0,31-60,Medium,1000.0,4.0,1.0,2.0,Mass,36-45,Credit Card
1692,382cf7c1-1148-451f-9099-5f5b1ed07216,342,2026-05-07 16:12:09,0,13.0,0.9520666666666666,0,Positive,0.6195,25.0,v2.0,English,Lead Qualification,1,0.0,0,Low,0.0,3.0,1.0,3.0,Premium,65+,Credit Card
9500,0a50ed03-2e94-4b09-98a0-200076373651,82,2026-05-07 16:23:56,0,11.0,0.9316,0,Positive,0.6970333333333333,37.0,v2.0,English,Loan Collections,1,0.0,0,Low,0.0,3.0,1.0,6.0,Premium,26-35,Auto Loan
1282,fd899126-c95b-40fe-952e-95eabc6d68c1,632,2026-05-07 17:36:40,0,18.0,0.8575333333333334,1,Positive,0.4064666666666667,43.0,v2.0,English,Loan Collections,1,19.0,1-30,Low,95637.27,1.0,1.0,3.0,Mass,36-45,Credit Card
1533,3c14519a-264e-465f-94cd-3f970ade59f4,1590,2026-05-07 17:37:38,0,5.0,0.5661333333333333,1,Neutral,0.10353333333333332,38.0,v1.0,Hindi,Loan Application,1,44.0,31-60,Medium,63126.0,2.0,0.0,0.0,Premium,26-35,Auto Loan
7458,f06bf15f-dbb3-482d-8347-c0667b603884,870,2026-05-07 19:08:07,1,,0.5620333333333334,3,Neutral,-0.02780000000000001,35.0,v1.0,Hindi,Loan Application,1,0.0,0,Low,0.0,6.0,3.0,10.0,High Value,36-45,Home Loan
5157,83794104-00bd-44e2-acf5-a760626b84b2,1554,2026-05-07 19:22:45,0,6.0,0.587,1,Neutral,0.06286666666666667,43.0,v1.0,Hindi,Lead Qualification,1,0.0,0,Low,0.0,3.0,0.0,1.0,Premium,36-45,Personal Loan
1603,1151dffd-9b4b-4bf6-b220-008a5d5c4179,1664,2026-05-07 19:23:29,1,11.0,0.8479,2,Neutral,0.3909666666666667,41.0,v1.0,Tamil,Loan Collections,1,0.0,0,Low,0.0,1.0,0.0,0.0,High Value,36-45,Personal Loan
137,56cbdd36-61e1-48f8-897f-066e03e664a9,238,2026-05-08 08:32:15,0,9.0,0.7948,1,Positive,0.10010000000000001,31.0,v1.0,Telugu,Loan Collections,1,3.0,1-30,Low,59363.19,2.0,0.0,1.0,Mass,26-35,Auto Loan
5653,73b7f816-925f-4b62-8554-e946aaadd57d,1492,2026-05-08 09:38:54,0,9.0,0.7660333333333332,1,Neutral,0.1028,37.0,v1.1,English,Loan Collections,1,40.0,31-60,Medium,86557.65,2.0,0.0,0.0,Wealth,26-35,Home Loan
248,3cc69c99-9ab6-4420-81cf-831f7dd1b21a,1700,2026-05-08 10:46:05,0,7.0,0.694,1,Neutral,0.1292,40.0,v1.0,Telugu,Lead Qualification,2,0.0,0,Low,0.0,6.0,2.0,4.0,Premium,36-45,Personal Loan
6537,f9d1e85e-cb2c-42d2-980b-fe2dd453255e,1251,2026-05-08 11:42:26,0,7.0,0.8093,0,Neutral,0.21796666666666664,42.0,v1.0,Hindi,Lead Qualification,1,0.0,0,Low,0.0,5.0,0.0,2.0,Mass,26-35,Credit Card
81,4b969309-01e7-4195-a18e-9427b7f82e56,583,2026-05-08 13:46:21,0,10.0,0.8214,2,Positive,0.3845,38.0,v1.0,English,Customer Support,1,0.0,0,Low,0.0,0.0,0.0,0.0,Mass,18-25,Personal Loan
2632,99edbdb4-3bb9-48b3-b729-fa57802c65b2,519,2026-05-08 13:47:59,0,2.0,0.8349000000000001,0,Positive,0.42086666666666667,32.0,v1.1,English,Loan Collections,2,0.0,0,Low,0.0,3.0,2.0,6.0,Mass,36-45,Home Loan
5309,cbbf4f09-7c0d-431a-94f6-2f2f6f79429f,463,2026-05-08 13:55:07,0,16.0,0.8613333333333334,1,Positive,0.4223666666666667,27.0,v1.1,English,Lead Qualification,2,7.0,1-30,Low,8266.82,3.0,2.0,8.0,Mass,26-35,Home Loan
5391,77257a21-617b-4078-a88c-b8dbf1ec7bda,1115,2026-05-08 15:10:39,0,1.0,0.9247,0,Positive,0.5181333333333333,44.0,v2.0,English,Lead Qualification,1,51.0,31-60,Medium,73407.16,5.0,0.0,2.0,Mass,26-35,Auto Loan
8110,7a4692c1-c943-4617-a0b7-be24df2817a9,1977,2026-05-08 15:11:36,0,10.0,0.7653,2,Positive,0.3962666666666667,26.0,v1.0,Tamil,Insurance Renewal,1,0.0,0,Low,0.0,4.0,1.0,2.0,Mass,46-55,Credit Card
2594,2dd8ba4e-30bf-4d98-bc28-2ec8c9dad9dd,777,2026-05-08 15:22:30,0,5.0,0.9175666666666666,0,Positive,0.698,35.0,v1.1,English,Loan Application,1,0.0,0,Low,0.0,3.0,1.0,5.0,High Value,18-25,Credit Card
5467,fe64ea6b-e8b8-44b8-9d5e-8e8ddcb26681,30,2026-05-08 15:29:30,0,8.0,0.5827333333333333,1,Neutral,0.13556666666666667,29.0,v1.0,Telugu,Loan Collections,1,0.0,0,Low,0.0,5.0,3.0,14.0,Wealth,26-35,Credit Card
1793,a95832f2-c4c3-4c9c-a3df-b2abaaaece62,853,2026-05-08 16:39:10,0,5.0,0.9504333333333334,0,Positive,0.5709333333333334,38.0,v1.1,English,Lead Qualification,1,0.0,0,Low,0.0,3.0,1.0,2.0,High Value,18-25,Personal Loan
9644,55106060-7e18-429c-9cb8-1fdb1bbd7ebc,1826,2026-05-08 19:30:01,1,3.0,0.38430000000000003,2,Neutral,-0.13313333333333335,27.0,v1.0,English,Lead Qualification,1,0.0,0,Low,0.0,5.0,0.0,2.0,Mass,36-45,Credit Card
1865,5f562b04-f64c-4dab-a9b0-ea0dc3a9cfb0,309,2026-05-09 08:45:37,0,12.0,0.42829999999999996,1,Neutral,0.06633333333333333,36.0,v1.0,Hindi,Loan Application,1,82.0,61-90,High,44102.93,2.0,0.0,0.0,Mass,26-35,Credit Card
2228,d5be74e6-1b22-4625-af3f-591327932bd7,1696,2026-05-09 12:39:45,1,10.0,0.6297666666666667,2,Neutral,0.006233333333333331,34.0,v1.0,English,Loan Collections,2,46.0,31-60,Medium,43036.61,3.0,2.0,4.0,Premium,46-55,Credit Card
5912,b13fb72a-fdc2-4221-9784-d8c8c8c41927,204,2026-05-09 12:56:57,0,18.0,0.8686333333333334,0,Positive,0.6442333333333333,28.0,v2.0,English,Customer Support,2,0.0,0,Low,0.0,5.0,0.0,0.0,Premium,46-55,Auto Loan
5837,21f97044-368b-4a33-8a70-cf228daaf806,1630,2026-05-09 13:01:23,0,18.0,0.8139,1,Neutral,0.37906666666666666,28.0,v1.0,Hindi,Lead Qualification,1,0.0,0,Low,0.0,7.0,2.0,12.0,Mass,36-45,Credit Card
8678,be7cbc6e-1f48-48b6-9580-d3c9c2ba6c6f,1372,2026-05-09 13:27:06,0,19.0,0.7672333333333334,0,Positive,0.48796666666666666,34.0,v1.1,English,Insurance Renewal,1,41.0,31-60,Medium,46722.49,3.0,0.0,1.0,Mass,36-45,Credit Card
17,b9b07bb8-ff97-47b9-a7fd-152c72a1eca0,402,2026-05-09 14:50:38,1,12.0,0.6185999999999999,2,Positive,-0.07773333333333333,35.0,v1.0,Hindi,Customer Support,2,62.0,61-90,High,71538.41,6.0,1.0,7.0,High Value,36-45,Credit Card
2362,2a9f69b9-55d8-4ffd-b870-4718629303c2,721,2026-05-09 16:54:26,1,16.0,0.8375666666666666,2,Neutral,0.16403333333333334,30.0,v1.0,Telugu,Loan Collections,4,0.0,0,Low,0.0,3.0,1.0,2.0,Mass,36-45,Home Loan
7253,6e20cb47-c681-4f89-8cbc-97a46e75925e,517,2026-05-09 17:02:03,0,11.0,0.6626666666666666,0,Neutral,-0.0599,38.0,v1.0,Telugu,Loan Collections,2,14.0,1-30,Low,23386.35,5.0,1.0,3.0,Mass,26-35,Credit Card
106,20b8bf8a-97ee-4182-8f35-013664f3a7e8,336,2026-05-09 17:54:50,0,7.0,0.9549333333333333,0,Positive,0.6786333333333333,29.0,v2.0,English,Insurance Renewal,1,0.0,0,Low,0.0,1.0,0.0,0.0,Mass,36-45,Home Loan
8806,db102857-9784-4737-80ad-86619b42e68c,34,2026-05-09 18:12:45,0,18.0,0.7066666666666667,1,Neutral,0.021433333333333342,32.0,v1.0,Telugu,Payment Reminder,1,0.0,0,Low,0.0,3.0,0.0,0.0,Mass,26-35,Personal Loan
5622,f2a65638-01a2-48db-90a7-b295ab3b7baa,1975,2026-05-09 18:48:02,0,16.0,0.9322666666666667,0,Positive,0.6901,28.0,v2.0,English,Loan Collections,1,0.0,0,Low,0.0,6.0,2.0,5.0,Wealth,26-35,Personal Loan
8459,f6297085-4f95-4684-9400-5562e6051933,1889,2026-05-09 18:55:07,1,3.0,0.45016666666666666,0,Neutral,-0.13623333333333332,34.0,v1.0,Tamil,Loan Collections,2,0.0,0,Low,0.0,5.0,2.0,10.0,Mass,56-65,
8091,aeac735d-c1b4-4623-b0b7-73af565134ab,267,2026-05-09 18:55:45,0,18.0,0.8788999999999999,2,Neutral,0.36656666666666665,18.0,v2.0,English,Lead Qualification,1,0.0,0,Low,0.0,3.0,1.0,1.0,Mass,26-35,Home Loan
5872,ce844f5d-23f7-42ce-b5f4-ff58ad1df6df,525,2026-05-09 19:03:23,0,12.0,0.7456333333333333,0,Neutral,0.17756666666666665,48.0,v1.0,Hindi,Payment Reminder,1,0.0,0,Low,0.0,6.0,3.0,8.0,Mass,26-35,Credit Card
5519,5a261223-eae5-459f-b287-c70f940f23fe,889,2026-05-09 19:26:15,0,10.0,0.8060333333333333,1,Neutral,0.0856,30.0,v1.0,Hindi,Payment Reminder,1,0.0,0,Low,0.0,1.0,1.0,2.0,Mass,46-55,Credit Card
6069,625b64d7-d0b9-455c-a166-b86948355bd5,80,2026-05-09 19:29:54,1,,0.20283333333333334,3,Negative,-0.6781,35.0,v1.0,Tamil,Payment Reminder,1,109.0,90+,High,51500.52,2.0,0.0,0.0,Premium,36-45,Personal Loan
9298,4a8b609d-61ea-48e6-9117-c8bf2b2296fb,1590,2026-05-09 19:31:11,0,15.0,0.7077333333333334,1,Neutral,-0.013266666666666668,38.0,v1.1,English,Loan Collections,1,0.0,0,Low,0.0,3.0,0.0,1.0,Premium,26-35,Auto Loan
6028,b7f25171-2a44-4952-8706-4ef66855e914,1191,2026-05-09 19:52:30,0,16.0,0.8931333333333334,0,Positive,0.648,35.0,v2.0,English,Loan Application,1,0.0,0,Low,0.0,0.0,0.0,0.0,Wealth,36-45,Personal Loan
4240,f84efcc2-46df-474e-9a0d-b5d40a51aef1,217,2026-05-10 08:02:31,0,2.0,0.7941333333333334,1,Positive,0.24853333333333336,31.0,v1.1,English,Loan Application,1,0.0,0,Low,0.0,4.0,1.0,3.0,Wealth,18-25,Credit Card
3173,cd94fe1c-8168-41e1-95ce-99f8ff8fb42f,1090,2026-05-10 08:53:26,1,5.0,0.7507999999999999,1,Neutral,0.15580000000000002,44.0,v1.1,English,Payment Reminder,1,103.0,90+,High,75830.92,5.0,1.0,7.0,Mass,36-45,Credit Card
8287,40c8e10a-6913-4b43-a062-0377e0b5b670,1997,2026-05-10 11:13:23,0,19.0,0.7755000000000001,0,Positive,0.19446666666666665,32.0,v1.0,Telugu,Loan Collections,1,0.0,0,Low,0.0,5.0,3.0,9.0,Mass,65+,Credit Card
6527,0bde3c76-7b6f-41dc-9648-82fec26e8b96,1173,2026-05-10 11:54:32,0,6.0,0.7864,2,Positive,0.1665,31.0,v2.0,English,Insurance Renewal,1,0.0,0,Low,0.0,1.0,0.0,1.0,Mass,36-45,Credit Card
4710,ccaf4408-dc05-4550-a42d-f9b756db4086,1375,2026-05-10 12:13:44,0,10.0,0.6491666666666667,0,Neutral,-0.17546666666666666,26.0,v1.0,Telugu,Loan Collections,2,0.0,0,Low,0.0,1.0,0.0,0.0,Mass,26-35,Personal Loan
6812,c43286d2-025f-45e7-8933-bbc1c127adb6,194,2026-05-10 13:14:57,0,7.0,0.9144,1,Positive,0.44083333333333335,40.0,v1.1,English,Lead Qualification,1,0.0,0,Low,0.0,4.0,1.0,2.0,Wealth,26-35,Personal Loan
3238,06dcc1bb-caf3-4833-8c0f-056f99a7f387,1654,2026-05-10 13:53:38,1,7.0,0.9148999999999999,2,Positive,0.5592333333333334,37.0,v1.1,English,Payment Reminder,2,0.0,0,Low,0.0,2.0,1.0,1.0,Wealth,46-55,Personal Loan
2323,2af432f5-c1b9-4a7e-99dc-17f800f167d3,470,2026-05-10 13:56:19,0,9.0,0.8859666666666666,0,Positive,0.6194999999999999,28.0,v2.0,English,Customer Support,2,0.0,0,Low,0.0,4.0,3.0,9.0,Mass,36-45,Credit Card
2170,1541c98d-b9d3-4183-a44b-9bfaaba396e4,1140,2026-05-10 14:10:12,0,12.0,0.7613333333333333,0,Neutral,0.22716666666666666,26.0,v1.0,English,Loan Application,1,0.0,0,Low,0.0,2.0,1.0,2.0,Premium,56-65,Personal Loan
644,b1838183-b8ec-4e73-a33f-69038bbc8937,55,2026-05-10 14:29:23,0,6.0,0.5315,0,Neutral,-0.03843333333333334,34.0,v1.0,English,Insurance Renewal,1,0.0,0,Low,0.0,2.0,1.0,3.0,Premium,36-45,Home Loan
9351,b1aa5e02-eac5-4a5e-875b-c924a16cae3d,217,2026-05-10 16:42:23,1,9.0,0.40976666666666667,2,Neutral,-0.3168,32.0,v1.0,Tamil,Lead Qualification,2,119.0,90+,High,69151.94,5.0,1.0,4.0,Wealth,18-25,Credit Card
526,65e34928-c40d-4bbf-a3d3-cd3d4b90946f,1363,2026-05-10 17:51:16,0,13.0,0.7151666666666667,1,Positive,0.387,26.0,v1.0,Telugu,Payment Reminder,1,0.0,0,Low,0.0,4.0,2.0,5.0,Mass,26-35,Personal Loan
2114,b5ce14d7-5a89-4a28-a5a0-f11df4005550,642,2026-05-10 18:04:53,1,15.0,0.7331,1,Neutral,-0.19469999999999998,27.0,v2.0,English,Loan Collections,1,21.0,1-30,Low,63191.18,3.0,0.0,0.0,Mass,46-55,Auto Loan
4488,17cbe302-dd3b-457b-a981-af22d959c613,1451,2026-05-10 18:56:20,0,14.0,0.7565,1,Neutral,0.32266666666666666,24.0,v1.1,English,Payment Reminder,1,0.0,0,Low,0.0,2.0,1.0,3.0,Mass,18-25,Credit Card
7142,3ec82281-0555-4227-9060-cc3b15a8046d,1559,2026-05-10 19:36:31,0,15.0,0.8975,1,Positive,0.47326666666666667,36.0,v2.0,English,Payment Reminder,1,0.0,0,Low,0.0,3.0,1.0,3.0,Mass,46-55,Credit Card
8089,8d810048-a2cd-47a3-b3b2-cfcd14c38f6a,1959,2026-05-10 19:52:25,0,5.0,0.9631,1,Positive,0.6970999999999999,50.0,v2.0,English,Insurance Renewal,1,0.0,0,Low,0.0,1.0,0.0,0.0,Wealth,18-25,Auto Loan
2326,4f8c871c-7967-459b-ad08-2c55285c6976,1041,2026-05-11 08:11:38,1,14.0,0.655,1,Neutral,-0.022133333333333328,44.0,v1.0,Tamil,Loan Collections,2,0.0,0,Low,0.0,4.0,2.0,5.0,Mass,26-35,Credit Card
9518,ae97652b-caac-46fb-847b-11ccccd69212,1660,2026-05-11 08:26:16,0,2.0,0.8399333333333333,1,Positive,0.2927666666666667,27.0,v1.1,English,Lead Qualification,1,0.0,0,Low,0.0,2.0,0.0,0.0,Premium,18-25,Credit Card
5437,30514348-c300-4474-9938-528e57f94660,984,2026-05-11 08:58:58,0,16.0,0.7797333333333333,0,Neutral,0.22816666666666666,28.0,v1.0,English,Loan Collections,1,0.0,0,Low,0.0,5.0,0.0,2.0,Mass,26-35,
3560,afa0b1cc-59de-419d-b316-3b3604533a78,882,2026-05-11 09:06:45,1,15.0,0.34253333333333336,2,Neutral,-0.24136666666666665,30.0,v1.0,English,Payment Reminder,2,0.0,0,Low,0.0,2.0,0.0,0.0,Premium,36-45,Personal Loan
2931,7ecb9a77-399d-4c7c-8024-2299972316b7,1982,2026-05-11 09:47:37,0,11.0,0.8437,0,Positive,0.1956,37.0,v1.0,Telugu,Customer Support,1,0.0,0,Low,0.0,4.0,0.0,0.0,Mass,46-55,Personal Loan
4886,97440e62-cf67-4091-9114-ff21ef0592bc,119,2026-05-11 10:01:19,0,10.0,0.5766666666666667,1,Neutral,0.010166666666666666,42.0,v1.0,Telugu,Insurance Renewal,1,67.0,61-90,High,38738.46,3.0,2.0,3.0,Wealth,26-35,Home Loan
2195,a633f72a-127b-470d-81b9-114a9c14109c,273,2026-05-11 10:38:03,0,11.0,0.9531000000000001,1,Positive,0.7631666666666667,30.0,v2.0,English,Loan Collections,2,0.0,0,Low,0.0,3.0,0.0,1.0,Mass,36-45,Credit Card
5565,8e1c8748-bb3c-4450-bd80-97d409aac6bc,115,2026-05-11 11:14:25,0,6.0,0.8254666666666667,0,Positive,0.3388,41.0,v2.0,English,Loan Application,1,0.0,0,Low,0.0,5.0,0.0,2.0,Mass,26-35,Credit Card
5683,a8c6c410-8808-4ec7-ae77-adef1830f519,1998,2026-05-11 11:45:13,1,16.0,0.8733666666666666,2,Positive,0.5147,44.0,v2.0,English,Loan Collections,3,0.0,0,Low,0.0,5.0,2.0,4.0,Premium,36-45,Credit Card
1643,5b1da857-3acc-415f-83ed-b33a8d163131,405,2026-05-11 12:18:44,0,1.0,0.8204333333333333,1,Positive,0.5481666666666666,32.0,v2.0,English,Customer Support,1,66.0,61-90,High,58015.75,2.0,0.0,1.0,Wealth,56-65,Personal Loan
6391,df48ce40-f7c0-4017-9a70-01b67a1751c8,930,2026-05-11 12:21:48,1,,0.16773333333333332,3,Negative,-0.5951,45.0,v1.0,Hindi,Customer Support,1,70.0,61-90,High,75506.63,5.0,2.0,3.0,Premium,36-45,Credit Card
1392,d614dc2a-c8a6-4f32-bb43-ed0528933c62,1107,2026-05-11 12:44:12,1,1.0,0.8634666666666666,2,Neutral,0.2846,40.0,v2.0,English,Loan Application,1,68.0,61-90,High,32404.06,3.0,0.0,2.0,High Value,36-45,Personal Loan
5866,2aa3bec5-5eca-476d-b8a4-33a1401fd23a,417,2026-05-11 12:51:36,0,14.0,0.7651666666666667,1,Positive,0.5076666666666667,31.0,v2.0,English,Customer Support,1,0.0,0,Low,0.0,3.0,0.0,0.0,Mass,26-35,Auto Loan
9179,57df8bdb-0f1b-48f3-b8a1-ed0c1c27340c,730,2026-05-11 13:21:35,0,11.0,0.8992666666666667,0,Positive,0.6082,46.0,v1.1,English,Loan Collections,2,5.0,1-30,Low,38129.76,5.0,3.0,4.0,High Value,18-25,Credit Card
7785,e1e9e94b-da2e-4957-ac9b-ba4f41e929dd,148,2026-05-11 13:45:45,1,14.0,0.3732333333333333,1,Negative,-0.28753333333333336,34.0,v1.0,Telugu,Loan Application,2,40.0,31-60,Medium,43667.36,3.0,0.0,0.0,Premium,26-35,Personal Loan
1118,ebf2b4e2-6659-4393-9bdf-05ae2c824998,1939,2026-05-11 14:48:08,1,6.0,0.4517,2,Negative,-0.2745666666666666,34.0,v1.0,Hindi,Customer Support,1,0.0,0,Low,0.0,4.0,0.0,1.0,Premium,18-25,Personal Loan
9223,68cb340e-5245-47d2-b7d1-7ba3010dcc51,1491,2026-05-11 15:16:36,1,10.0,0.6234000000000001,1,Negative,-0.1551,35.0,v1.0,Telugu,Insurance Renewal,4,75.0,61-90,High,41358.14,5.0,2.0,3.0,Mass,26-35,Home Loan
1961,0af43cbf-095b-482e-8e4d-f871ba59ecf4,31,2026-05-11 15:37:51,0,7.0,0.7661666666666666,1,Neutral,-0.13836666666666667,38.0,v1.0,English,Loan Application,1,24.0,1-30,Low,65683.43,2.0,1.0,2.0,Wealth,26-35,Credit Card
4821,914e1a86-51ae-42f9-bae6-43093e08d3d2,1753,2026-05-11 17:00:34,0,6.0,0.7398666666666666,0,Neutral,0.27276666666666666,31.0,v1.0,English,Loan Application,1,0.0,0,Low,0.0,3.0,1.0,5.0,Premium,36-45,Credit Card
3966,a565a850-bf34-4e1e-a51d-b77f3247e335,948,2026-05-11 17:39:51,1,7.0,0.5422333333333333,1,Neutral,-0.21359999999999998,46.0,v1.0,English,Loan Application,1,98.0,90+,High,42876.7,4.0,0.0,0.0,Premium,46-55,Personal Loan
9792,639c9747-8235-434e-95ff-a7f39be18553,1449,2026-05-11 19:59:21,1,11.0,0.46323333333333333,2,Neutral,0.14846666666666666,27.0,v1.0,English,Insurance Renewal,1,22.0,1-30,Low,37062.52,4.0,1.0,4.0,Mass,46-55,
9108,3c720d86-c4e9-499c-a262-fbdd1963bf20,355,2026-05-12 08:15:00,0,10.0,0.9552666666666667,0,Positive,0.6237666666666667,34.0,v2.0,English,Payment Reminder,1,0.0,0,Low,0.0,1.0,0.0,1.0,Premium,36-45,Credit Card
3634,11aa43f0-a950-4c6c-ad62-04cf8fc83daa,255,2026-05-12 08:15:16,0,5.0,0.9705,1,Positive,0.7518666666666668,33.0,v2.0,English,Loan Application,2,5.0,1-30,Low,79472.56,5.0,0.0,4.0,Mass,26-35,Credit Card
6361,546ec3af-a73d-4f5b-a5d9-b3e87a36f059,754,2026-05-12 08:54:25,1,10.0,0.2534,2,Negative,-0.5078666666666667,36.0,v1.0,English,Lead Qualification,1,,31-60,Medium,37093.95,2.0,0.0,1.0,Mass,36-45,Credit Card
5318,dae92f3b-c3cb-471d-81e5-e829e417863c,1953,2026-05-12 09:41:01,0,1.0,0.7679333333333332,0,Positive,0.19909999999999997,31.0,v1.0,English,Loan Collections,1,0.0,0,Low,0.0,6.0,3.0,9.0,Premium,18-25,Credit Card
2104,66b09870-c19e-417c-9a90-c9bcf4b0b652,185,2026-05-12 10:43:44,1,17.0,0.3727666666666667,1,Negative,-0.4391333333333333,33.0,v1.0,Hindi,Loan Collections,1,59.0,31-60,Medium,50825.86,2.0,1.0,3.0,Premium,46-55,Personal Loan
2206,a2858ac4-6083-45c4-9017-d7f116dd27d8,893,2026-05-12 11:20:44,0,10.0,0.7818999999999999,1,Positive,0.25153333333333333,32.0,v1.0,English,Customer Support,2,0.0,0,Low,0.0,4.0,2.0,5.0,Mass,26-35,Auto Loan
6081,f57f1e86-e1e7-4dff-be14-cb4d1bdd976e,52,2026-05-12 11:31:01,0,2.0,0.7220666666666666,0,Neutral,0.00366666666666667,30.0,v2.0,English,Lead Qualification,1,72.0,61-90,High,19169.53,7.0,1.0,6.0,Mass,36-45,
4070,99532460-16f2-44f9-96df-e2306b3b3eaa,1521,2026-05-12 11:56:32,1,19.0,0.8046666666666665,2,Neutral,0.23856666666666668,38.0,v1.0,Telugu,Loan Collections,1,0.0,0,Low,0.0,4.0,1.0,5.0,Premium,36-45,Credit Card
8079,4065ad16-6578-4a0f-9e13-a1870d044259,1692,2026-05-12 12:30:32,1,12.0,0.4699333333333333,2,Neutral,-0.2165,27.0,v1.0,Telugu,Insurance Renewal,1,68.0,61-90,High,56070.03,2.0,0.0,0.0,Mass,46-55,Credit Card
3232,a2f0d340-6f79-499f-862c-bd00059f7802,31,2026-05-12 12:50:28,1,,0.17513333333333334,3,Negative,-0.7066666666666667,41.0,v1.0,Telugu,Loan Collections,1,113.0,90+,High,56326.06,3.0,1.0,3.0,Wealth,26-35,Credit Card
931,b11b7ecc-ac7e-47d3-b58b-10bcec0361fe,1330,2026-05-12 13:42:10,1,1.0,0.7004333333333334,1,Positive,0.5725,25.0,v1.0,Tamil,Insurance Renewal,2,0.0,0,Low,0.0,5.0,0.0,2.0,Mass,26-35,Credit Card
6498,e2a76c09-a06c-4820-b147-a9490f400850,1924,2026-05-12 13:45:14,1,,0.36746666666666666,3,Negative,-0.32526666666666665,31.0,v1.1,English,Loan Collections,1,101.0,90+,High,56812.23,2.0,1.0,2.0,Wealth,18-25,Auto Loan
5604,770b3bb1-41a5-47eb-b038-859a692a7457,699,2026-05-12 15:36:15,1,9.0,0.3309666666666667,0,Negative,-0.30116666666666664,32.0,v1.0,English,Payment Reminder,1,0.0,0,Low,0.0,6.0,2.0,5.0,High Value,26-35,Home Loan
8412,061cd799-e02c-476e-b47e-5e7db68068d6,1390,2026-05-12 17:41:01,1,15.0,0.4857666666666667,2,Neutral,-0.27843333333333337,35.0,v1.0,Hindi,Insurance Renewal,1,0.0,0,Low,0.0,3.0,0.0,0.0,Mass,18-25,Home Loan
547,83b18faa-acd6-4df6-8748-061c5476f24a,144,2026-05-12 19:32:18,0,19.0,0.7985000000000001,1,Positive,0.20163333333333333,35.0,v1.0,English,Payment Reminder,1,0.0,0,Low,0.0,3.0,1.0,2.0,Mass,18-25,Personal Loan
751,960662ce-f5f3-4a67-b665-dadf2b7bd863,847,2026-05-12 19:58:34,0,19.0,0.9171333333333332,2,Positive,0.5967666666666667,33.0,v2.0,English,Loan Collections,1,0.0,0,Low,0.0,5.0,2.0,8.0,Mass,46-55,
1383,5d536ff6-4148-4135-84e0-018bf8b13862,1979,2026-05-13 08:19:28,0,2.0,0.7699333333333334,2,Neutral,0.17079999999999998,32.0,v1.0,Tamil,Insurance Renewal,1,0.0,0,Low,0.0,2.0,0.0,0.0,Mass,46-55,Credit Card
5054,cdf6afdf-b1ab-4141-9cf9-bf3b30554bee,618,2026-05-13 08:55:42,0,16.0,0.8590333333333332,2,Neutral,0.12556666666666666,30.0,v1.0,Hindi,Loan Collections,1,0.0,0,Low,0.0,1.0,0.0,2.0,Mass,46-55,Personal Loan
5141,a13b1fdb-c4b4-474c-a8bd-aa0d015c9f83,1752,2026-05-13 12:36:38,1,,0.6056,3,Positive,0.30526666666666663,38.0,v2.0,English,Loan Collections,1,0.0,0,Low,0.0,4.0,1.0,3.0,Mass,26-35,Home Loan
5193,54dd0ba0-609d-4451-b8a4-11d92b643923,280,2026-05-13 13:12:05,0,12.0,0.9134666666666668,0,Positive,0.5894,33.0,v2.0,English,Loan Collections,1,0.0,0,Low,0.0,4.0,0.0,1.0,Premium,26-35,Credit Card
5575,91138259-9a4f-4062-a152-a63f9cb936ec,388,2026-05-13 13:23:03,1,8.0,0.7069000000000001,2,Neutral,0.26486666666666664,33.0,v2.0,English,Insurance Renewal,2,111.0,90+,High,68298.95,3.0,2.0,5.0,Mass,18-25,Personal Loan
3201,44a96fcc-d5c3-4d27-8a4c-33d42a4f8000,1977,2026-05-13 13:29:46,1,4.0,0.5667666666666666,2,Negative,0.01723333333333334,43.0,v1.0,English,Lead Qualification,1,0.0,0,Low,0.0,5.0,1.0,4.0,Mass,46-55,Credit Card
3706,6308bbc0-432a-415b-82cd-05835a25be4f,806,2026-05-13 13:44:32,1,12.0,0.5327000000000001,1,Neutral,-0.19393333333333332,45.0,v1.0,English,Payment Reminder,1,41.0,31-60,Medium,45760.8,5.0,2.0,3.0,Mass,26-35,Auto Loan
8984,7f5048a6-24ab-4aca-b522-c87c3088e370,1895,2026-05-13 14:09:33,0,17.0,0.7777666666666666,0,Neutral,0.2904333333333333,45.0,v1.0,Telugu,Loan Collections,1,12.0,1-30,Low,40173.67,1.0,0.0,1.0,Mass,26-35,Personal Loan
9765,46e49621-712d-486f-923b-76fc4f7c7b70,685,2026-05-13 14:15:26,1,14.0,0.5163000000000001,1,Positive,0.03633333333333333,42.0,v1.0,Telugu,Lead Qualification,2,0.0,0,Low,0.0,5.0,0.0,1.0,Mass,26-35,
7840,6810fe15-6918-450d-9aac-c2d93fe6248e,26,2026-05-13 15:04:29,1,2.0,0.43873333333333336,1,Neutral,-0.2376,28.0,v1.0,English,Payment Reminder,1,50.0,31-60,Medium,119567.87,2.0,1.0,1.0,Wealth,36-45,Personal Loan
6267,f2fbb2cf-0ab8-4eb1-ac46-647b564e8af9,960,2026-05-13 15:23:47,1,,0.5381333333333334,3,Neutral,0.09346666666666668,25.0,v1.0,Hindi,Payment Reminder,1,0.0,0,Low,0.0,1.0,1.0,2.0,Premium,36-45,Personal Loan
5851,de8d7bd3-245d-4bb4-b230-1a05e726d6f3,990,2026-05-13 16:11:26,0,7.0,0.8842333333333334,0,Positive,0.5279666666666666,38.0,v1.0,Telugu,Insurance Renewal,1,0.0,0,Low,0.0,5.0,1.0,4.0,Mass,36-45,Credit Card
9899,99967261-775b-4fcb-8b56-4483546c7231,570,2026-05-13 16:47:21,1,6.0,0.49086666666666673,1,Negative,-0.05366666666666666,24.0,v2.0,English,Loan Application,1,71.0,61-90,High,50094.21,2.0,0.0,0.0,Mass,56-65,
9588,3ebd1cb0-53cf-4552-b529-ff9e17c4e63d,1571,2026-05-13 16:59:27,0,2.0,0.6351666666666667,0,Neutral,0.022699999999999998,27.0,v2.0,English,Insurance Renewal,1,115.0,90+,High,4736.46,2.0,0.0,0.0,Premium,56-65,Personal Loan
1076,a0d53d2f-0b59-4d5c-91f5-d1821960fb91,945,2026-05-13 18:46:14,1,11.0,0.6151333333333334,1,Neutral,-0.08716666666666667,27.0,v1.0,Hindi,Loan Collections,1,79.0,61-90,High,36899.32,5.0,0.0,0.0,Mass,46-55,Personal Loan
8478,7a8d7feb-e07c-4db9-8bcd-7866f8dac778,1357,2026-05-13 19:07:57,0,5.0,0.8672,0,Positive,0.47206666666666663,43.0,v2.0,English,Loan Collections,2,89.0,61-90,High,40801.72,1.0,1.0,2.0,Premium,36-45,Credit Card
2930,0bd6eb2e-376f-4494-97e4-21bee04807e1,1267,2026-05-13 19:22:15,1,3.0,0.2567333333333333,1,Negative,-0.4424333333333333,26.0,v1.0,Telugu,Customer Support,1,59.0,31-60,Medium,24422.71,2.0,1.0,3.0,High Value,36-45,Personal Loan
983,7c839d64-2f28-459c-a591-793050b8aeee,192,2026-05-13 19:55:27,0,19.0,0.9223666666666667,0,Positive,0.29613333333333336,36.0,v1.1,English,Lead Qualification,1,13.0,1-30,Low,87893.48,2.0,0.0,1.0,Mass,26-35,Personal Loan
9522,fe334f01-fd03-462b-b171-73eafa1a7178,1566,2026-05-14 09:03:06,1,9.0,0.9174333333333333,1,Positive,0.3993,37.0,v1.1,English,Loan Application,2,0.0,0,Low,0.0,3.0,0.0,1.0,Mass,26-35,Auto Loan
3732,d7c0ac2e-cde7-4ae0-b7b4-72fede9da8cb,62,2026-05-14 09:24:26,0,9.0,0.8362666666666666,0,Neutral,0.22976666666666667,28.0,v1.0,Hindi,Loan Collections,1,0.0,0,Low,0.0,2.0,0.0,0.0,Mass,36-45,Credit Card
6762,737d8f8c-936f-4dc9-8d0d-9050d3da5860,43,2026-05-14 09:30:30,0,13.0,0.9320666666666666,0,Positive,0.6206666666666667,42.0,v2.0,English,Loan Collections,2,0.0,0,Low,0.0,2.0,2.0,4.0,Mass,36-45,Personal Loan
869,03696adf-cceb-4dc2-830a-8f80a2f0bb20,1855,2026-05-14 10:51:22,0,3.0,0.4732,1,Neutral,-0.2366,34.0,v1.0,Telugu,Loan Application,1,24.0,1-30,Low,60778.82,8.0,4.0,14.0,Mass,36-45,Personal Loan
6094,19894d3c-3db1-475d-afcf-b8e8d2a3eb4d,613,2026-05-14 11:18:03,0,17.0,0.6370666666666667,1,Neutral,-0.06773333333333334,34.0,v2.0,English,Loan Collections,1,0.0,0,Low,0.0,1.0,0.0,0.0,Mass,36-45,Credit Card
6285,abf5c082-90fe-426b-9d4b-94a029ec0641,1206,2026-05-14 11:35:03,1,1.0,0.5296666666666666,0,Neutral,-0.10490000000000001,37.0,v1.0,Telugu,Customer Support,1,88.0,61-90,High,17135.51,2.0,0.0,1.0,Premium,36-45,Credit Card
3216,3918eefc-6ac2-4c0a-ae88-975033af41d0,1987,2026-05-14 12:34:05,0,12.0,0.6716333333333333,0,Neutral,0.07983333333333333,31.0,v1.0,Tamil,Insurance Renewal,1,0.0,0,Low,0.0,1.0,0.0,0.0,High Value,26-35,Auto Loan
6474,c1092a45-7bf3-403a-b1c6-2c639d27b69f,1353,2026-05-14 12:46:53,1,17.0,0.6414666666666667,2,Neutral,0.12826666666666664,24.0,v1.0,English,Loan Collections,1,25.0,1-30,Low,62152.82,5.0,1.0,4.0,Premium,46-55,Credit Card
3150,cf344ebf-9157-44ae-ac0a-51ece707887c,1498,2026-05-14 13:40:30,0,3.0,0.7822999999999999,1,Positive,0.4126666666666667,29.0,v2.0,English,Loan Collections,1,0.0,0,Low,0.0,7.0,1.0,2.0,Premium,56-65,Credit Card
7854,d941c579-64e3-435c-b5cb-de04fd2e455c,299,2026-05-14 13:43:29,1,12.0,0.6591333333333333,2,Neutral,0.07433333333333335,33.0,v1.0,Telugu,Customer Support,1,0.0,0,Low,0.0,4.0,0.0,1.0,Mass,18-25,Credit Card
9949,178f18d0-ce96-4502-9ba2-abb8f0f13cfb,1889,2026-05-14 14:09:08,0,11.0,0.8933666666666666,1,Positive,0.47290000000000004,23.0,v1.1,English,Customer Support,1,0.0,0,Low,0.0,6.0,3.0,12.0,Mass,56-65,
2806,a3763b34-d323-4c72-a5c9-912ac15beaa6,1823,2026-05-14 14:10:25,1,1.0,0.5897666666666667,2,Neutral,0.10213333333333334,52.0,v1.0,Telugu,Loan Collections,1,62.0,61-90,High,56797.88,1.0,0.0,1.0,Premium,36-45,Credit Card
7765,37fee678-5bcc-435e-a6a6-750d522298fe,1638,2026-05-14 15:08:50,0,13.0,0.7876333333333333,2,Neutral,0.2896,38.0,v1.0,English,Payment Reminder,1,0.0,0,Low,0.0,4.0,1.0,4.0,High Value,56-65,Personal Loan
4155,0cd05137-2ac0-4c6c-ace5-80c366709343,996,2026-05-14 15:09:17,0,7.0,0.5227666666666667,1,Neutral,-0.19223333333333334,26.0,v1.0,English,Loan Collections,1,90.0,61-90,High,63002.39,0.0,0.0,0.0,Mass,18-25,Credit Card
4284,ad2da66b-fad2-4303-afd9-b648adb8ebaf,141,2026-05-14 15:41:26,1,1.0,0.7904333333333334,0,Neutral,0.2239,36.0,v1.0,English,Payment Reminder,2,36.0,31-60,Medium,47246.0,1.0,0.0,0.0,Premium,46-55,Personal Loan
3894,df72e7af-491b-447b-9b26-6235efc27f83,1750,2026-05-14 15:42:23,1,14.0,0.5966,1,Negative,-0.47046666666666664,24.0,v1.0,English,Customer Support,1,0.0,0,Low,0.0,2.0,0.0,2.0,Mass,36-45,Personal Loan
5338,59c9606c-e126-4642-8a1b-a77e98e4de69,1655,2026-05-14 16:21:09,1,,0.8374333333333333,3,Positive,0.1968,33.0,v2.0,English,Customer Support,2,85.0,61-90,High,28892.52,5.0,2.0,6.0,Mass,36-45,Credit Card
6064,e3f0365b-a38c-4729-a299-45da8fdeb167,417,2026-05-14 18:04:11,0,2.0,0.6078,1,Neutral,0.26363333333333333,26.0,v1.0,Hindi,Payment Reminder,1,0.0,0,Low,0.0,4.0,0.0,1.0,Mass,26-35,Auto Loan
903,b7e19485-f22e-4330-822f-fa4c7b1741bf,1838,2026-05-14 18:50:16,0,6.0,0.7016,0,Neutral,0.032466666666666665,46.0,v1.0,Tamil,Payment Reminder,1,0.0,0,Low,0.0,5.0,1.0,1.0,Premium,26-35,
9171,87c7fc20-a912-4b65-a27a-146e9d5a7afd,406,2026-05-15 09:03:05,0,6.0,0.8292666666666667,1,Positive,0.48869999999999997,33.0,v1.0,Tamil,Loan Collections,2,0.0,0,Low,0.0,5.0,0.0,0.0,Mass,56-65,Credit Card
1985,8dbd3570-6760-4e60-8f0a-d2db0311e922,1025,2026-05-15 09:23:36,0,5.0,0.846,1,Neutral,0.3445666666666667,38.0,v1.1,English,Payment Reminder,1,70.0,61-90,High,43817.32,5.0,2.0,6.0,Premium,56-65,Personal Loan
2266,f1226d93-a357-4567-a015-9f11d5d32052,1676,2026-05-15 10:37:25,0,4.0,0.8599,0,Neutral,0.0989,36.0,v2.0,English,Loan Application,2,0.0,0,Low,0.0,4.0,1.0,4.0,Premium,46-55,Personal Loan
1226,5c2f6eb8-5edc-4aa7-b0d4-86a7af939260,1111,2026-05-15 11:00:54,1,17.0,0.5438333333333333,2,Negative,-0.4565333333333334,38.0,v1.0,Telugu,Loan Collections,1,0.0,0,Low,0.0,0.0,0.0,0.0,Mass,36-45,Personal Loan
6678,ce6b45e2-98ff-415b-b237-c5d6e5cc23d7,746,2026-05-15 13:33:12,1,7.0,0.28685,2,Negative,-0.5843333333333334,40.0,v1.0,Tamil,Customer Support,1,53.0,31-60,Medium,66138.85,5.0,2.0,6.0,Mass,46-55,Personal Loan
9919,9d90b041-daa1-4706-8930-5390880b0f1b,508,2026-05-15 14:10:25,1,6.0,0.5825,2,Neutral,0.2832333333333333,59.0,v1.0,Tamil,Insurance Renewal,2,47.0,31-60,Medium,36421.34,5.0,0.0,1.0,Premium,36-45,Credit Card
5126,93f73f44-b9b2-4a5a-bcbc-38f7f1654590,812,2026-05-15 15:40:49,0,7.0,0.8946333333333333,1,Positive,0.5326333333333334,27.0,v1.1,English,Lead Qualification,1,0.0,0,Low,0.0,3.0,1.0,2.0,Mass,18-25,Credit Card
8876,5aa09706-c1ea-4ef8-a400-19024df65aad,1089,2026-05-15 16:34:51,0,7.0,0.8244333333333334,0,Positive,0.4274,28.0,v1.0,Telugu,Loan Collections,1,0.0,0,Low,0.0,1.0,1.0,3.0,Premium,26-35,Auto Loan
9257,d6d94b7e-b93a-486a-a81f-1a42da293890,364,2026-05-15 17:35:54,1,,0.35106666666666664,3,Negative,-0.5125333333333333,35.0,v1.0,Telugu,Insurance Renewal,2,109.0,90+,High,44916.26,4.0,1.0,2.0,Premium,56-65,Personal Loan
1106,b2c5f148-fa41-4443-b552-40bd44f80b72,106,2026-05-15 19:17:22,0,4.0,0.7499333333333333,0,Neutral,0.42219999999999996,41.0,v2.0,English,Loan Collections,1,37.0,31-60,Medium,58399.04,3.0,1.0,3.0,Premium,18-25,Credit Card
5762,11a8d324-8cbc-456d-9139-c69162517cc1,333,2026-05-15 19:22:38,0,15.0,0.6984666666666666,2,Positive,0.40490000000000004,34.0,v2.0,English,Loan Collections,1,0.0,0,Low,0.0,3.0,0.0,0.0,Mass,56-65,Credit Card
707,0c89cee7-7e11-4803-8059-bdb452972ab7,215,2026-05-15 19:33:17,0,4.0,0.7317333333333332,1,Neutral,0.19396666666666665,30.0,v1.1,English,Loan Collections,1,0.0,0,Low,0.0,0.0,0.0,0.0,High Value,26-35,Personal Loan
7591,68a32b04-e9e8-403f-8e34-aa9095254859,1856,2026-05-16 08:17:10,0,10.0,0.8365,0,Neutral,0.06146666666666665,32.0,v1.0,Telugu,Customer Support,3,0.0,0,Low,0.0,3.0,1.0,2.0,Mass,36-45,Personal Loan
7870,780550bc-ff2e-4f45-8a56-69bd676a2638,118,2026-05-16 08:22:20,1,9.0,0.8078,1,Neutral,0.27013333333333334,34.0,v1.1,English,Customer Support,1,26.0,1-30,Low,49460.8,6.0,1.0,1.0,Premium,18-25,Auto Loan
3924,2cede9f8-33a0-4e4d-9f56-3af7b03dd0a8,307,2026-05-16 08:52:13,1,2.0,0.6666666666666666,2,Neutral,0.19599999999999998,35.0,v1.0,Hindi,Loan Application,1,34.0,31-60,Medium,32069.26,1.0,1.0,3.0,Premium,26-35,Credit Card
7549,b1240d8c-5f11-4257-82b8-6888c144a095,721,2026-05-16 10:04:34,1,13.0,0.7555666666666667,2,Positive,0.18506666666666663,38.0,v1.0,English,Loan Collections,5,13.0,1-30,Low,30471.29,4.0,2.0,4.0,Mass,36-45,Home Loan
1582,8b5c41c5-5fac-4da6-9823-7b965f309331,1017,2026-05-16 10:06:29,0,19.0,0.8164000000000001,0,Neutral,0.28426666666666667,43.0,v1.0,English,Loan Application,3,0.0,0,Low,0.0,8.0,4.0,10.0,Premium,36-45,Personal Loan
5882,b93fd005-d476-43c5-96d4-06c297f006cf,921,2026-05-16 10:09:54,0,2.0,0.6841333333333334,1,Neutral,0.22366666666666668,31.0,v1.1,English,Loan Collections,1,31.0,31-60,Medium,59581.19,3.0,1.0,3.0,Mass,18-25,Credit Card
6780,3e4dd96c-781a-406e-8d6d-1450d6535901,969,2026-05-16 10:13:28,1,1.0,0.7891666666666667,1,Positive,0.3428333333333333,35.0,v1.0,Tamil,Loan Collections,2,0.0,0,Low,0.0,2.0,0.0,2.0,Mass,26-35,Credit Card
881,6c34ad87-f5eb-4d98-aeed-4eefa2729c5e,50,2026-05-16 10:15:24,0,12.0,0.6909333333333333,0,Positive,0.055566666666666674,36.0,v1.0,English,Loan Collections,2,0.0,0,Low,0.0,1.0,0.0,0.0,Mass,18-25,Personal Loan
8677,255d732f-8d08-4fc3-ad5e-cbc1cb46d343,780,2026-05-16 10:27:16,0,12.0,0.6722666666666667,1,Negative,-0.025533333333333335,29.0,v1.0,English,Customer Support,1,0.0,0,Low,0.0,3.0,0.0,1.0,Mass,36-45,Credit Card
878,e7351a12-92b8-4bb2-af99-302cb7a3aaa7,298,2026-05-16 10:51:58,0,7.0,0.6329333333333333,1,Neutral,0.2419,41.0,v1.0,Telugu,Loan Collections,1,0.0,0,Low,0.0,4.0,1.0,2.0,Premium,46-55,Credit Card
646,f912bfe8-13ad-4571-85f8-3311e2c00574,1023,2026-05-16 12:18:15,0,18.0,0.6124999999999999,1,Neutral,0.042966666666666674,32.0,v1.1,English,Loan Collections,2,56.0,31-60,Medium,32202.83,3.0,1.0,6.0,Mass,36-45,Personal Loan
3727,22e2c258-0956-4cfe-8a40-a6e54e960899,273,2026-05-16 12:23:32,1,12.0,0.8147000000000001,0,Neutral,0.39536666666666664,31.0,v1.1,English,Insurance Renewal,2,0.0,0,Low,0.0,4.0,0.0,2.0,Mass,36-45,Credit Card
2547,2253fd3b-b225-48f5-865f-c75073e6aba9,1505,2026-05-16 13:01:30,1,2.0,0.49276666666666663,2,Neutral,-0.13766666666666666,32.0,v1.0,Hindi,Loan Application,1,51.0,31-60,Medium,24699.08,4.0,2.0,4.0,Mass,46-55,Personal Loan
9933,9a245c5f-b48f-42e8-b77b-85a6fb191b76,1785,2026-05-16 14:12:24,1,,0.3562666666666667,3,Neutral,-0.37273333333333336,30.0,v1.1,English,Lead Qualification,1,79.0,61-90,High,57596.07,5.0,2.0,6.0,Premium,26-35,Credit Card
4170,cb52f81f-a037-4a56-9a8a-697150786786,1002,2026-05-16 15:12:15,0,7.0,0.8774333333333333,0,Neutral,0.45226666666666665,40.0,v2.0,English,Loan Collections,2,40.0,31-60,Medium,36813.05,8.0,2.0,8.0,Mass,36-45,Personal Loan
7430,0c917d2c-d155-4109-9364-3cc52ced519d,77,2026-05-16 15:57:13,0,17.0,0.6265666666666667,0,Neutral,0.3063333333333333,28.0,v2.0,English,Loan Collections,2,0.0,0,Low,0.0,2.0,0.0,1.0,Mass,26-35,Personal Loan
910,640b1ebc-8147-4b83-a24a-069d42b3a3f2,465,2026-05-16 16:45:16,0,10.0,0.9126666666666666,0,Positive,0.5249,41.0,v1.1,English,Loan Collections,2,0.0,0,Low,0.0,3.0,1.0,5.0,Wealth,18-25,Credit Card
5093,5e58fdc0-35f9-4b1f-b472-0266c868495f,1554,2026-05-16 17:06:35,1,12.0,0.7736666666666666,2,Positive,0.4040333333333333,37.0,v1.0,Tamil,Customer Support,1,0.0,0,Low,0.0,5.0,0.0,2.0,Premium,36-45,Personal Loan
7351,689dad50-c65c-4a81-99f8-ef5d1ba32180,1355,2026-05-16 17:42:59,1,15.0,0.6450333333333333,2,Neutral,-0.08836666666666666,28.0,v1.0,Hindi,Payment Reminder,2,0.0,0,Low,0.0,5.0,2.0,6.0,Mass,26-35,Personal Loan
9549,555a8b94-aff2-4f8a-b8ee-d41d12a5cb4d,928,2026-05-16 18:46:27,1,7.0,0.21273333333333333,2,Negative,-0.4496,36.0,v1.0,English,Payment Reminder,1,115.0,90+,High,45133.33,2.0,1.0,3.0,Mass,46-55,Credit Card
3561,ea5c3cda-2204-4c90-bd1f-658f107d96aa,127,2026-05-16 18:55:44,1,,0.36356666666666665,3,Neutral,-0.17056666666666667,28.0,v1.0,English,Customer Support,1,66.0,61-90,High,52648.5,3.0,2.0,4.0,High Value,36-45,Credit Card
5630,ff1c17a8-eb6c-4f36-8b26-6780ce1b3608,1943,2026-05-16 18:57:18,0,1.0,0.8649666666666667,1,Positive,0.5251333333333333,39.0,v1.1,English,Loan Collections,1,0.0,0,Low,0.0,1.0,0.0,1.0,Mass,56-65,Personal Loan
2023,0604da01-431d-49ba-8826-0cf32fbb541a,770,2026-05-16 19:05:52,0,10.0,0.8241999999999999,1,Neutral,0.3133666666666666,35.0,v1.0,Hindi,Loan Application,1,5.0,1-30,Low,40046.12,2.0,1.0,2.0,Premium,26-35,Personal Loan
7131,f4ea7a64-1114-4b8b-b959-f99d853f3e2e,1997,2026-05-16 19:11:40,1,,0.37213333333333337,3,Neutral,-0.4110333333333333,35.0,v1.0,Tamil,Loan Application,1,70.0,61-90,High,38513.4,6.0,3.0,9.0,Mass,65+,Credit Card
7182,aff18ff7-1055-46cd-99ff-9bc66ea79c3d,834,2026-05-16 19:17:13,0,5.0,0.9436333333333332,1,Positive,0.7231333333333333,41.0,v1.1,English,Loan Application,1,0.0,0,Low,0.0,4.0,1.0,2.0,Premium,26-35,Home Loan
5450,6f8f1aa5-a441-4d9c-8439-3ac66709198b,238,2026-05-16 19:40:16,0,8.0,0.6346666666666667,1,Neutral,-0.0843,44.0,v1.0,English,Lead Qualification,1,0.0,0,Low,0.0,4.0,0.0,2.0,Mass,26-35,Auto Loan
5656,84098396-121a-4a3d-a242-923254f9cebc,1799,2026-05-17 08:07:03,0,13.0,0.7431666666666666,0,Positive,0.17743333333333333,36.0,v1.0,Tamil,Lead Qualification,2,0.0,0,Low,0.0,2.0,0.0,0.0,Mass,46-55,Credit Card
5600,ec7a8d71-81df-4ac0-a4f2-7b08dcbf9c92,1985,2026-05-17 09:16:25,0,18.0,0.7083333333333334,0,Positive,0.2765,36.0,v1.0,Tamil,Loan Collections,1,0.0,0,Low,0.0,6.0,0.0,2.0,Mass,46-55,Personal Loan
6434,89eabde5-25e0-4e67-b728-7fba450e6d16,559,2026-05-17 09:18:58,0,13.0,0.7043333333333334,1,Positive,0.29510000000000003,46.0,v1.0,Tamil,Loan Application,1,28.0,1-30,Low,74060.2,4.0,1.0,6.0,Premium,46-55,Auto Loan
4793,b2e0dc05-8baf-4a1c-866b-4a03801eaae0,1849,2026-05-17 09:48:01,0,10.0,0.9447333333333333,0,Positive,0.4311333333333333,35.0,v2.0,English,Loan Application,1,0.0,0,Low,0.0,2.0,0.0,0.0,Premium,36-45,Personal Loan
2571,a5a558ce-e03d-41dc-a908-75bcedea4ff1,1687,2026-05-17 10:01:49,0,7.0,0.9298666666666667,0,Positive,0.5485333333333333,37.0,v2.0,English,Loan Collections,1,3.0,1-30,Low,5994.71,2.0,1.0,4.0,Mass,56-65,Auto Loan
6869,cd85582d-39cf-4de9-97b9-e6f4d02b9126,1738,2026-05-17 10:26:01,0,13.0,0.9410666666666666,1,Positive,0.6751,42.0,v2.0,English,Customer Support,4,3.0,1-30,Low,39067.64,4.0,0.0,0.0,Mass,18-25,Credit Card
9421,2071133e-21bf-472d-bc1d-c174cdb8d183,81,2026-05-17 10:36:20,0,5.0,0.9581,0,Positive,0.6255333333333334,39.0,v2.0,English,Insurance Renewal,1,0.0,0,Low,0.0,3.0,1.0,2.0,Mass,46-55,Credit Card
1465,74337b7f-9409-4157-80be-0fa565f70a7f,514,2026-05-17 10:59:17,1,15.0,0.4266666666666667,2,Negative,-0.42593333333333333,29.0,v1.0,English,Insurance Renewal,1,81.0,61-90,High,55034.03,0.0,0.0,0.0,High Value,36-45,Home Loan
8400,97a16be7-1a48-4fb2-b7fa-7e7a375c63c0,716,2026-05-17 11:08:22,1,15.0,0.5659,2,Neutral,0.022366666666666684,33.0,v1.0,English,Lead Qualification,2,16.0,1-30,Low,42633.27,2.0,0.0,0.0,Mass,46-55,Credit Card
4879,569fabd6-0c4e-461e-beb0-dd00ea050aeb,714,2026-05-17 11:23:02,0,16.0,0.7262666666666666,0,Neutral,0.25676666666666664,27.0,v1.0,English,Insurance Renewal,2,0.0,0,Low,0.0,4.0,1.0,4.0,Mass,36-45,Personal Loan
8748,594da67e-1d42-4e7d-a299-50ef3404f03f,632,2026-05-17 11:27:12,0,18.0,0.7657666666666666,0,Neutral,0.3669,37.0,v1.1,English,Loan Collections,1,0.0,0,Low,0.0,2.0,1.0,5.0,Mass,36-45,Credit Card
2058,34293464-bd6c-4ea3-8ac6-9e44d13c768a,711,2026-05-17 12:07:44,0,1.0,0.8394,1,Neutral,0.2083,33.0,v1.0,Hindi,Customer Support,1,31.0,31-60,Medium,26565.27,2.0,0.0,0.0,Mass,36-45,Auto Loan
8772,ef8bb3d8-48df-4d31-9050-0e121bb1d262,562,2026-05-17 13:19:01,0,18.0,0.8253333333333334,1,Neutral,0.12043333333333335,28.0,v1.1,English,Loan Application,1,0.0,0,Low,0.0,3.0,0.0,1.0,Mass,36-45,Personal Loan
5973,62183cf1-6839-4f14-a209-af37832dd468,1100,2026-05-17 13:29:48,1,15.0,0.4771,2,Neutral,-0.13323333333333331,35.0,v1.0,Hindi,Customer Support,2,0.0,0,Low,0.0,1.0,0.0,0.0,Mass,26-35,Personal Loan
4621,730b6b76-f1d8-4cc7-b5cf-c0d8cae9fa9f,1544,2026-05-17 14:42:34,1,,0.4581666666666666,3,Neutral,-0.07100000000000001,31.0,v1.0,Hindi,Customer Support,1,0.0,0,Low,0.0,3.0,1.0,3.0,High Value,26-35,Auto Loan
9300,fe2b68df-20c0-4c1e-97d8-e336af726d85,1444,2026-05-17 15:18:14,0,2.0,0.6203,0,Positive,0.27726666666666666,33.0,v1.0,Tamil,Loan Collections,1,0.0,0,Low,0.0,1.0,0.0,0.0,High Value,18-25,Personal Loan
610,5cd49a29-9877-4624-8011-841292f23bd8,1473,2026-05-17 15:28:33,1,6.0,0.6062333333333333,1,Neutral,-0.12693333333333331,37.0,v1.0,English,Loan Application,1,0.0,0,Low,0.0,1.0,1.0,2.0,Premium,36-45,Personal Loan
8787,3420f5e6-035a-45f1-b5a4-8af62164328d,1308,2026-05-17 16:01:57,0,4.0,0.7937666666666666,2,Positive,0.32026666666666664,48.0,v1.1,English,Loan Collections,1,0.0,0,Low,0.0,4.0,0.0,3.0,Wealth,36-45,Credit Card
8737,3ed3d0be-a619-4ed0-813b-727cb470010d,423,2026-05-17 17:10:12,0,18.0,0.7387,1,Neutral,-0.0381,40.0,v1.0,Hindi,Lead Qualification,1,0.0,0,Low,0.0,1.0,0.0,0.0,Premium,26-35,Credit Card
8142,f7ebdc76-fc82-4293-a372-b3966d5ca785,1562,2026-05-17 17:24:59,1,,0.5471666666666667,3,Neutral,-0.08666666666666667,42.0,v1.0,Telugu,Loan Application,1,2.0,1-30,Low,68926.84,4.0,2.0,4.0,High Value,36-45,Personal Loan
1008,b0d26c4d-5da2-4e50-961d-e63e6603920c,122,2026-05-17 17:29:27,1,,0.22893333333333332,3,Negative,-0.5886666666666667,37.0,v1.0,English,Loan Collections,1,84.0,61-90,High,44384.18,6.0,1.0,4.0,Wealth,36-45,Credit Card
2089,c4af13d0-7ded-4217-b8be-f7e2fc30225f,1985,2026-05-17 17:50:55,0,12.0,0.8874666666666666,0,Positive,0.5267333333333334,28.0,v2.0,English,Loan Application,1,0.0,0,Low,0.0,7.0,0.0,2.0,Mass,46-55,Personal Loan
9285,7662ea9f-e03b-42cd-9924-90bbafa1e9c7,692,2026-05-17 17:52:02,0,16.0,0.7616999999999999,0,Neutral,0.24683333333333335,26.0,v1.0,Telugu,Lead Qualification,1,0.0,0,Low,0.0,6.0,2.0,6.0,Mass,56-65,Auto Loan
3857,bce02ad1-57e3-4ea7-a71e-32c3c34eda02,1482,2026-05-17 18:17:23,1,,0.3285,3,Negative,-0.4432333333333333,25.0,v1.0,Tamil,Customer Support,1,0.0,0,Low,0.0,2.0,0.0,1.0,Mass,26-35,Credit Card
5588,62420607-123c-4292-8e71-596d6738c0cf,858,2026-05-17 18:32:25,0,15.0,0.5646666666666667,0,Neutral,-0.18433333333333335,32.0,v1.0,Telugu,Loan Collections,1,0.0,0,Low,0.0,5.0,2.0,4.0,Mass,26-35,Credit Card
7311,4a361e17-4ab5-4d50-b5ff-3731c72dedf2,1838,2026-05-17 19:15:38,0,13.0,0.7307,0,Neutral,0.19376666666666667,28.0,v1.0,Tamil,Customer Support,1,0.0,0,Low,0.0,6.0,1.0,1.0,Premium,26-35,
3438,95b77c10-793c-40e6-97eb-afecce22a548,987,2026-05-17 19:46:29,0,19.0,0.7526666666666667,0,Positive,0.4226666666666666,31.0,v1.0,Tamil,Payment Reminder,1,0.0,0,Low,0.0,2.0,0.0,0.0,Mass,46-55,Auto Loan
6531,8ec0955d-1089-472a-a229-243afa73459f,839,2026-05-18 09:03:33,0,13.0,0.8193666666666667,1,Neutral,0.1841,27.0,v1.1,English,Payment Reminder,1,32.0,31-60,Medium,55438.35,3.0,0.0,0.0,Mass,26-35,Home Loan
168,6cb60343-d37f-4501-9e72-6091d7892798,691,2026-05-18 10:31:55,0,7.0,0.8448666666666668,2,Neutral,0.36933333333333335,31.0,v1.0,Telugu,Loan Collections,1,0.0,0,Low,0.0,1.0,0.0,0.0,Premium,36-45,Credit Card
906,4f613bc7-6dec-4a82-bc7e-478620a60595,615,2026-05-18 10:53:47,0,5.0,0.9180999999999999,0,Positive,0.6853000000000001,38.0,v2.0,English,Customer Support,1,47.0,31-60,Medium,29351.14,5.0,1.0,7.0,High Value,36-45,Home Loan
3202,b2f21678-1f01-4a63-ac24-7f6a31553154,1303,2026-05-18 11:30:40,1,1.0,0.8104999999999999,1,Neutral,0.23170000000000002,47.0,v1.0,Tamil,Loan Collections,2,0.0,0,Low,0.0,9.0,1.0,4.0,Mass,56-65,Credit Card
7789,d7892161-23b0-46b4-a028-fffd88a43d39,689,2026-05-18 11:36:13,1,,0.5093,3,Negative,-0.29063333333333335,30.0,v1.0,English,Insurance Renewal,2,22.0,1-30,Low,45835.7,3.0,2.0,4.0,Mass,26-35,Credit Card
8850,070fdaa3-dfb5-44f2-b4eb-8e7bb79ca87b,1238,2026-05-18 11:40:04,1,10.0,0.5680666666666667,1,Neutral,-0.014599999999999993,39.0,v1.0,English,Loan Collections,2,91.0,90+,High,47509.24,3.0,1.0,2.0,High Value,36-45,
6583,e62e12f5-f13c-4f4b-9d42-e667c5551f4e,472,2026-05-18 11:47:59,1,,0.35856666666666664,3,Neutral,-0.014833333333333329,41.0,v2.0,English,Lead Qualification,1,119.0,90+,High,83856.39,2.0,1.0,2.0,Premium,56-65,Auto Loan
530,177a40b4-b2f4-4d0f-9669-a791327bd02d,1557,2026-05-18 11:56:06,0,5.0,0.8843333333333333,0,Positive,0.4062333333333333,29.0,v2.0,English,Loan Collections,2,58.0,31-60,Medium,17681.64,5.0,0.0,1.0,High Value,18-25,Personal Loan
9493,ffbc3a4d-bdc9-40ec-9398-37b73e44a748,1291,2026-05-18 13:26:28,1,17.0,0.5314666666666666,2,Neutral,-0.2914666666666667,33.0,v1.1,English,Loan Collections,1,0.0,0,Low,0.0,8.0,1.0,4.0,Mass,36-45,Personal Loan
8812,c653708f-46c5-44b8-8824-fa71100f2a26,542,2026-05-18 16:18:39,0,1.0,0.7634666666666666,1,Neutral,0.29213333333333336,31.0,v1.0,Telugu,Loan Collections,1,0.0,0,Low,0.0,4.0,1.0,3.0,Mass,36-45,Personal Loan
9434,4d6422f5-583d-470b-bdb4-556cc02ecde2,660,2026-05-18 16:46:31,0,11.0,0.9691333333333333,1,Positive,0.4882666666666666,21.0,v2.0,English,Insurance Renewal,1,0.0,0,Low,0.0,1.0,0.0,0.0,Mass,18-25,Credit Card
9958,de7df459-c7cd-451d-ba96-7e6a3dc7ad48,352,2026-05-18 18:20:03,0,2.0,0.7941666666666666,0,Neutral,0.1986,25.0,v1.0,English,Customer Support,1,0.0,0,Low,0.0,2.0,0.0,1.0,Mass,56-65,Auto Loan
1360,764b9960-c5c4-4b9f-a791-b058bf68df10,37,2026-05-18 18:22:38,1,14.0,0.4714,0,Neutral,-0.10496666666666667,47.0,v1.0,Hindi,Loan Application,2,57.0,31-60,Medium,26366.39,2.0,1.0,4.0,Premium,36-45,Home Loan
9513,e94ce4d3-0a4d-4396-b2da-5f77eeb010f8,973,2026-05-18 18:51:31,1,,0.45036666666666664,3,Negative,-0.3299,33.0,v1.0,Hindi,Lead Qualification,2,0.0,0,Low,0.0,5.0,0.0,1.0,Wealth,36-45,Auto Loan
9070,9a9befc4-dd73-44bd-87cc-444196d20aeb,671,2026-05-19 09:08:11,1,4.0,0.6272,1,Positive,0.0625,29.0,v1.0,English,Customer Support,1,0.0,0,Low,0.0,0.0,0.0,0.0,Mass,36-45,Credit Card
5614,08b874bf-0dd5-483f-83f3-bd0906eeeb71,1803,2026-05-19 09:55:39,1,,0.13326666666666667,3,Negative,-0.38830000000000003,37.0,v1.0,English,Loan Application,1,92.0,90+,High,46374.12,3.0,0.0,0.0,Premium,18-25,Personal Loan
5631,a4af8e8c-d872-496c-b9da-fa455e02975e,1833,2026-05-19 12:25:46,0,18.0,0.7575666666666666,1,Positive,0.3107,48.0,v1.1,English,Loan Application,1,0.0,0,Low,0.0,1.0,0.0,0.0,Mass,36-45,Home Loan
5948,db282f37-2244-4f44-9020-a3abacad2ef7,1896,2026-05-19 13:49:52,0,7.0,0.8039666666666667,0,Positive,0.341,42.0,v1.0,English,Loan Collections,2,0.0,0,Low,0.0,3.0,2.0,3.0,Mass,36-45,Personal Loan
7645,08beb889-ae44-428e-aa0e-22e6212083ba,1409,2026-05-19 16:17:17,0,2.0,0.6806,0,Neutral,0.05486666666666667,39.0,v1.0,Telugu,Loan Collections,1,0.0,0,Low,0.0,2.0,1.0,5.0,Mass,26-35,Personal Loan
898,96945e01-51be-4997-8791-3eb0625b9296,853,2026-05-19 16:45:46,0,15.0,0.5376666666666666,0,Neutral,-0.0431,38.0,v1.0,Hindi,Insurance Renewal,1,0.0,0,Low,0.0,4.0,1.0,2.0,High Value,18-25,Personal Loan
6965,d4b24fab-3e76-463a-9b0d-62fcac677ccf,1381,2026-05-19 17:33:33,1,4.0,0.5724666666666667,2,Positive,0.1503,40.0,v1.0,Telugu,Customer Support,3,0.0,0,Low,0.0,4.0,1.0,1.0,Premium,26-35,Auto Loan
7327,e4f9f8aa-64ce-4938-a52d-36a46110eddc,1945,2026-05-19 17:38:21,0,14.0,0.8726333333333334,1,Neutral,0.1527333333333333,28.0,v2.0,English,Payment Reminder,1,0.0,0,Low,0.0,2.0,1.0,2.0,Mass,36-45,Credit Card
7521,29b43128-cef1-4061-aa34-9bb9c82863ce,411,2026-05-19 17:49:36,0,3.0,0.45986666666666665,0,Neutral,-0.23923333333333333,40.0,v1.0,Telugu,Insurance Renewal,2,0.0,0,Low,0.0,3.0,1.0,3.0,Mass,46-55,Credit Card
237,37abfc34-69b2-442b-8a4a-b6e2b4fa5552,1049,2026-05-19 18:26:04,0,6.0,0.8403333333333333,0,Positive,0.15083333333333335,61.0,v1.1,English,Lead Qualification,1,0.0,0,Low,0.0,0.0,0.0,0.0,Mass,18-25,Credit Card
5844,1cb4d8a8-a6e8-42eb-bdcd-5d49e284a90c,596,2026-05-19 18:49:39,0,10.0,0.6859333333333333,0,Positive,0.21963333333333335,38.0,v1.0,Hindi,Lead Qualification,1,34.0,31-60,Medium,62441.99,2.0,1.0,2.0,Mass,18-25,Credit Card
9616,4c0d4ffd-9b16-45cb-b51e-463c735af0ed,1455,2026-05-19 18:54:33,0,2.0,0.8653333333333334,1,Neutral,0.439,42.0,v2.0,English,Loan Collections,1,0.0,0,Low,0.0,2.0,0.0,0.0,Mass,36-45,Credit Card
2021,9d375d94-37e1-45be-9f02-432cecd975f2,1827,2026-05-19 19:37:56,0,11.0,0.5809333333333334,1,Neutral,0.10136666666666667,40.0,v1.0,Hindi,Lead Qualification,1,0.0,0,Low,0.0,6.0,1.0,4.0,Mass,18-25,Credit Card
1306,97d21a06-9d90-4b5a-b38e-bdf6a1e83d98,612,2026-05-19 19:54:28,1,,0.2938,3,Negative,-0.42639999999999995,31.0,v1.0,Hindi,Insurance Renewal,1,97.0,90+,High,60706.35,4.0,1.0,5.0,Mass,36-45,Personal Loan
376,86e8c2d1-3fd5-46d9-9071-98e223a7a07a,221,2026-05-20 08:55:19,1,14.0,0.5025000000000001,1,Neutral,-0.25333333333333335,28.0,v1.0,Telugu,Insurance Renewal,1,0.0,0,Low,0.0,1.0,0.0,0.0,Mass,36-45,Personal Loan
4491,dfa8cd6d-6c9a-4839-b9e1-0782058fae9c,112,2026-05-20 09:08:44,1,16.0,0.7326,0,Neutral,-0.07103333333333332,34.0,v1.0,Telugu,Insurance Renewal,3,30.0,1-30,Low,41320.03,6.0,2.0,6.0,Mass,46-55,Personal Loan
4607,c359b0d4-aadb-42cf-b4d4-92b40e3055f6,1958,2026-05-20 09:43:21,0,9.0,0.9022,0,Positive,0.6038,37.0,v2.0,English,Payment Reminder,1,0.0,0,Low,0.0,6.0,3.0,9.0,Mass,26-35,Personal Loan
4580,9f4f450b-1edd-4fdd-8396-ea08201eb0b8,1800,2026-05-20 10:44:30,1,17.0,0.30269999999999997,2,Negative,-0.5425,45.0,v1.0,Tamil,Insurance Renewal,2,0.0,0,Low,0.0,4.0,2.0,4.0,Mass,26-35,Personal Loan
7031,cc0df435-9d2b-461c-a86e-76fca767bd69,678,2026-05-20 12:32:09,1,19.0,0.28626666666666667,2,Neutral,-0.1382,45.0,v1.0,Hindi,Loan Collections,1,109.0,90+,High,31151.2,2.0,0.0,0.0,Wealth,36-45,Credit Card
1222,588ce61a-7110-49cf-a9fc-f9ff899060c2,243,2026-05-20 13:04:03,0,1.0,0.9528333333333334,1,Positive,0.7211666666666666,45.0,v2.0,English,Loan Application,1,0.0,0,Low,0.0,1.0,0.0,0.0,High Value,36-45,Home Loan
5077,41da3241-3ab3-4818-ae9c-3d1469ad6c06,1106,2026-05-20 13:06:16,1,1.0,0.7698666666666667,1,Positive,0.3466,32.0,v1.0,Telugu,Lead Qualification,2,12.0,1-30,Low,38812.66,7.0,1.0,1.0,Mass,46-55,Personal Loan
3161,bd4a3b83-0c60-4720-a27b-038769fd6285,1337,2026-05-20 13:41:38,1,15.0,0.6687333333333333,1,Positive,0.46656666666666674,21.0,v2.0,English,Loan Application,1,0.0,0,Low,0.0,3.0,1.0,4.0,Mass,36-45,Personal Loan
9663,3eb3c6b2-0718-4637-94e3-fdda9345599d,1187,2026-05-20 14:19:05,0,2.0,0.7283333333333334,2,Positive,0.18226666666666666,34.0,v1.1,English,Loan Collections,1,0.0,0,Low,0.0,4.0,1.0,2.0,Mass,65+,Credit Card
6068,6566b9c1-8d1c-4fee-bb03-de0aef7051c7,1393,2026-05-20 14:28:09,0,3.0,0.8728000000000001,0,Positive,0.345,25.0,v1.1,English,Payment Reminder,1,0.0,0,Low,0.0,2.0,0.0,1.0,High Value,36-45,Personal Loan
5059,5fa000dc-f90d-4855-88ea-9b5db1f6129b,113,2026-05-20 14:50:04,0,1.0,0.82605,1,Neutral,0.29386666666666666,44.0,v1.0,Hindi,Customer Support,1,24.0,1-30,Low,46495.56,4.0,0.0,1.0,Mass,36-45,Credit Card
9492,8b5546d9-2fd9-4176-b971-653bf9712920,1371,2026-05-20 15:08:14,1,18.0,0.2776666666666667,2,Neutral,-0.32280000000000003,43.0,v1.0,Hindi,Loan Collections,1,91.0,90+,High,60130.88,4.0,1.0,3.0,Wealth,36-45,Auto Loan
3041,7470e67c-1c05-4881-b28b-107143a4bb23,1920,2026-05-20 15:43:34,0,16.0,0.8471333333333333,1,Positive,0.1233,31.0,v1.1,English,Insurance Renewal,1,38.0,31-60,Medium,77210.45,5.0,0.0,1.0,Mass,18-25,Credit Card
8883,cc452fa1-b665-487e-9988-b9aee376c72b,819,2026-05-20 16:27:16,0,5.0,0.9530666666666666,0,Positive,0.5826,36.0,v2.0,English,Loan Collections,2,0.0,0,Low,0.0,5.0,2.0,8.0,Mass,36-45,Personal Loan
6598,f7e196fd-db2a-4f94-84df-5ed883e07f7f,1650,2026-05-20 17:37:08,0,6.0,0.5282,0,Neutral,-0.19140000000000001,38.0,v1.0,Hindi,Lead Qualification,1,0.0,0,Low,0.0,2.0,1.0,2.0,Mass,36-45,Home Loan
2185,ff5e4bd6-0dc5-4eed-9fa3-f748f3e8fac5,55,2026-05-21 10:12:33,1,10.0,0.3812,2,Neutral,-0.1898,27.0,v2.0,English,Loan Application,1,107.0,90+,High,31055.1,4.0,1.0,4.0,Premium,36-45,Home Loan
5106,95f388de-9457-4f7c-af7c-ef48b18bc32d,433,2026-05-21 10:18:33,1,18.0,0.6025,1,Positive,0.1259333333333333,33.0,v1.0,English,Lead Qualification,1,0.0,0,Low,0.0,2.0,0.0,0.0,Mass,46-55,Personal Loan
8485,1239a945-5091-4993-8b4b-eef1fa36b269,1384,2026-05-21 10:23:22,1,14.0,0.3085333333333333,2,Negative,-0.4537,44.0,v1.0,Tamil,Customer Support,1,119.0,90+,High,80406.6,4.0,0.0,2.0,Mass,18-25,Credit Card
6310,3c53cb1e-ed34-481c-83d3-74c93391a205,1458,2026-05-21 11:03:08,0,11.0,0.7112666666666666,1,Neutral,0.17843333333333333,37.0,v1.0,English,Loan Application,1,0.0,0,Low,0.0,4.0,0.0,2.0,Mass,36-45,Credit Card
3148,a3ca35f3-a515-4eef-a793-78d9da5bafcb,1964,2026-05-21 11:51:17,0,15.0,0.618,0,Neutral,-0.05073333333333333,34.0,v1.0,Hindi,Customer Support,1,0.0,0,Low,0.0,2.0,0.0,1.0,Mass,36-45,Auto Loan
8656,b8f41431-63fa-4a6e-9dc5-eb83293e7d76,1852,2026-05-21 12:06:58,1,7.0,0.9176666666666667,2,Positive,0.6233666666666666,27.0,v1.1,English,Payment Reminder,2,0.0,0,Low,0.0,5.0,3.0,5.0,Mass,26-35,Personal Loan
5506,e24103f6-835d-4d49-bcef-7c1200063a6f,1131,2026-05-21 14:00:54,0,19.0,0.7492333333333333,0,Neutral,0.017033333333333334,36.0,v1.0,Telugu,Lead Qualification,1,0.0,0,Low,0.0,2.0,1.0,2.0,Mass,46-55,Credit Card
3982,cabf11dc-9e77-450a-9208-561a0d7ba825,1601,2026-05-21 14:04:52,1,16.0,0.6636666666666667,1,Neutral,-0.0035666666666666624,32.0,v1.0,English,Payment Reminder,1,0.0,0,Low,0.0,3.0,0.0,1.0,Mass,26-35,Home Loan
8253,89b4e2f3-1522-40f4-a169-ce865f351a55,1433,2026-05-21 15:19:13,0,9.0,0.9112333333333332,0,Neutral,0.5479333333333334,37.0,v2.0,English,Payment Reminder,1,1.0,1-30,Low,24630.58,3.0,0.0,2.0,Mass,26-35,Credit Card
2119,f898c0c0-7da9-4a7a-8f33-3d595c3fa3c8,346,2026-05-21 16:12:34,0,14.0,0.6415000000000001,1,Neutral,0.09003333333333334,43.0,v1.0,Tamil,Loan Application,2,10.0,1-30,Low,60678.33,5.0,0.0,2.0,Mass,26-35,Credit Card
8112,7546cd9b-eac4-487d-a92e-0e07d7b59346,142,2026-05-21 16:21:43,1,5.0,0.34970000000000007,1,Neutral,-0.3685666666666667,32.0,v1.0,Hindi,Loan Collections,1,0.0,0,Low,0.0,6.0,1.0,3.0,Premium,46-55,Auto Loan
8009,90ee5e2f-3186-448b-b0bb-07e75f33f69e,293,2026-05-21 17:28:31,0,12.0,0.8630333333333334,0,Neutral,0.20183333333333334,37.0,v1.1,English,Loan Collections,1,16.0,1-30,Low,54237.67,6.0,2.0,9.0,Mass,26-35,
1453,4630a81c-3869-4508-a5dc-30e291878115,1505,2026-05-21 17:42:05,0,9.0,0.9483666666666667,1,Positive,0.6336333333333334,33.0,v2.0,English,Loan Collections,2,0.0,0,Low,0.0,5.0,3.0,8.0,Mass,46-55,Personal Loan
9292,2fcd7676-b322-4cda-a577-3f4365b4bcde,979,2026-05-21 17:55:47,0,8.0,0.8927666666666667,1,Positive,0.6888666666666667,28.0,v2.0,English,Customer Support,1,0.0,0,Low,0.0,3.0,1.0,3.0,Premium,46-55,Home Loan
2715,b8568736-4cbb-438f-800d-d64b1ecda507,1574,2026-05-21 19:07:04,0,8.0,0.7506333333333334,0,Positive,0.24356666666666663,39.0,v1.1,English,Customer Support,1,0.0,0,Low,0.0,1.0,0.0,0.0,High Value,18-25,Credit Card
8466,e1b48933-c384-420e-b146-6b0ca27839ae,1864,2026-05-21 19:38:15,1,4.0,0.5588,1,Neutral,-0.066,32.0,v1.0,Telugu,Lead Qualification,1,0.0,0,Low,0.0,1.0,0.0,1.0,High Value,56-65,Auto Loan
8609,d50f4159-5855-4198-a95e-91a598c466fd,454,2026-05-21 20:00:09,0,14.0,0.7785666666666667,0,Positive,0.2670666666666667,30.0,v1.0,English,Insurance Renewal,1,0.0,0,Low,0.0,2.0,1.0,3.0,Mass,18-25,Personal Loan
2984,1b02d457-51d0-4670-916a-62cb2ef82675,1584,2026-05-22 08:11:16,1,11.0,0.6900666666666666,1,Neutral,0.2057,32.0,v1.0,Hindi,Loan Collections,2,72.0,61-90,High,50363.05,4.0,0.0,0.0,Mass,46-55,Personal Loan
4390,fc550292-bbd0-49ad-a47d-b816a3526060,1918,2026-05-22 09:51:36,0,2.0,0.7720666666666666,1,Neutral,0.07106666666666667,34.0,v1.1,English,Insurance Renewal,1,0.0,0,Low,0.0,2.0,0.0,0.0,Mass,26-35,Credit Card
5804,b3f2154e-3a89-4f67-8aa4-0ab48f0d4b54,1140,2026-05-22 11:22:28,0,3.0,0.4861333333333333,1,Positive,-0.027166666666666655,40.0,v1.1,English,Lead Qualification,1,0.0,0,Low,0.0,3.0,1.0,2.0,Premium,56-65,Personal Loan
9732,d10e4949-7d28-4270-9eae-12b621cf9db6,937,2026-05-22 12:20:46,0,16.0,0.8133,1,Positive,0.5345333333333334,46.0,v2.0,English,Customer Support,1,65.0,61-90,High,96075.13,2.0,0.0,0.0,Premium,36-45,Personal Loan
3027,e14382cd-f85b-4cd2-bd2c-e0dd5ed25569,1388,2026-05-22 12:24:22,0,5.0,0.8173,2,Positive,0.47289999999999993,37.0,v1.1,English,Insurance Renewal,1,48.0,31-60,Medium,45331.29,2.0,1.0,3.0,Mass,56-65,Personal Loan
8852,7cb78ebe-6602-4803-b963-68abb2c2575c,942,2026-05-22 13:53:15,0,2.0,0.8230333333333334,1,Neutral,0.33956666666666663,44.0,v1.1,English,Insurance Renewal,1,0.0,0,Low,0.0,6.0,1.0,2.0,High Value,46-55,Credit Card
4860,56934bc3-cd07-4e47-9cc6-3ce83f45bea9,221,2026-05-22 15:43:57,0,8.0,0.8582333333333333,0,Positive,0.16463333333333333,40.0,v1.0,English,Loan Application,1,0.0,0,Low,0.0,2.0,1.0,2.0,Mass,36-45,Personal Loan
5527,22f61122-09f9-4ea5-bea4-c82e5e18e121,1465,2026-05-22 17:18:03,0,2.0,0.8421,1,Neutral,0.27226666666666666,31.0,v2.0,English,Loan Collections,1,42.0,31-60,Medium,55287.35,5.0,2.0,5.0,Premium,46-55,Personal Loan
1239,5a89dd2f-f286-4715-8340-b668ec817435,755,2026-05-22 18:03:18,0,18.0,0.882,1,Positive,0.4957,26.0,v2.0,English,Loan Collections,1,0.0,0,Low,0.0,5.0,1.0,7.0,Mass,36-45,Personal Loan
5572,a9317544-5f59-4009-b1f4-d3f42a99b22e,56,2026-05-22 18:55:41,1,19.0,0.5696,1,Neutral,-0.08993333333333332,38.0,v1.0,Telugu,Loan Collections,3,34.0,31-60,Medium,40343.08,5.0,1.0,6.0,Premium,18-25,Credit Card
7569,cee40ece-45ac-48d7-bf0c-b1f8d986f82f,799,2026-05-22 19:24:31,1,,0.4583666666666666,3,Negative,-0.16703333333333334,27.0,v1.0,Tamil,Payment Reminder,1,92.0,90+,High,64697.85,1.0,0.0,0.0,Mass,36-45,Personal Loan
9199,92bebedc-4286-4184-83b0-0b947288cd65,26,2026-05-23 08:56:17,0,6.0,0.7717333333333333,0,Neutral,0.2067,35.0,v2.0,English,Loan Collections,2,49.0,31-60,Medium,91175.7,3.0,2.0,2.0,Wealth,36-45,Personal Loan
6181,ff16c208-c5df-4de7-aeb4-0a8b407f5d7a,621,2026-05-23 10:38:49,1,18.0,0.3718666666666666,0,Negative,-0.2811333333333333,40.0,v1.0,English,Payment Reminder,1,45.0,31-60,Medium,51152.42,2.0,0.0,0.0,High Value,36-45,Personal Loan
2990,b4390ea1-2af7-49b9-82f1-85aa4a525a75,1761,2026-05-23 11:21:22,0,8.0,0.6744,0,Neutral,-0.06530000000000001,36.0,v1.1,English,Loan Application,1,73.0,61-90,High,50639.76,1.0,0.0,1.0,Premium,26-35,Home Loan
6458,aa909d21-ad1f-4ae9-b998-749e9d2eb0d1,1873,2026-05-23 11:42:11,0,10.0,0.9011666666666667,1,Positive,0.5608,26.0,v1.1,English,Payment Reminder,2,0.0,0,Low,0.0,9.0,1.0,4.0,Mass,36-45,Credit Card
8888,4c826051-3893-43b2-9ab2-5f8cd820c537,1558,2026-05-23 12:27:49,0,13.0,0.7965333333333332,0,Neutral,0.40463333333333334,32.0,v1.1,English,Customer Support,1,0.0,0,Low,0.0,5.0,2.0,7.0,Mass,26-35,Credit Card
4561,1246f4f1-c368-46a4-9b29-beaf7949defa,1936,2026-05-23 13:24:31,1,12.0,0.6726,2,Neutral,0.0727,37.0,v1.0,English,Payment Reminder,2,0.0,0,Low,0.0,13.0,5.0,12.0,Premium,18-25,Personal Loan
7239,d88840cd-da80-40bb-b79d-fa46cd9330c0,476,2026-05-23 14:13:42,1,3.0,0.41736666666666666,2,Neutral,-0.28416666666666673,37.0,v1.0,English,Customer Support,1,8.0,1-30,Low,45657.25,4.0,0.0,2.0,Mass,18-25,Auto Loan
396,cd5d06d2-2bcb-415c-9733-e7848ba16024,1927,2026-05-23 14:29:49,1,8.0,0.6319333333333333,1,Neutral,0.2663333333333333,27.0,v1.0,Telugu,Insurance Renewal,2,0.0,0,Low,0.0,5.0,2.0,3.0,Mass,46-55,Personal Loan
4068,0b7ad63c-ddfc-4f77-b4bf-ec2d590bfc18,651,2026-05-23 15:36:18,0,10.0,0.8342999999999999,0,Neutral,0.3055333333333334,31.0,v2.0,English,Insurance Renewal,2,46.0,31-60,Medium,72100.47,5.0,0.0,1.0,Mass,26-35,Home Loan
7871,55bcc641-dd6c-4a6a-a5fb-da31960687a3,857,2026-05-23 16:07:51,1,,0.2174,3,Negative,-0.231,29.0,v1.0,Hindi,Payment Reminder,1,83.0,61-90,High,57419.08,2.0,0.0,2.0,Mass,26-35,Personal Loan
7460,ec08af3b-672b-4b98-95c8-978cd7ca2372,1034,2026-05-23 16:24:56,0,7.0,0.7981666666666666,1,Positive,0.3967333333333333,33.0,v1.0,Hindi,Customer Support,1,0.0,0,Low,0.0,8.0,2.0,5.0,Mass,36-45,Personal Loan
84,d1bdd11e-e308-4a08-83d0-f238a20c723d,703,2026-05-23 16:33:19,1,15.0,0.46503333333333335,0,Negative,-0.07440000000000001,36.0,v1.0,Telugu,Customer Support,2,0.0,0,Low,0.0,4.0,0.0,1.0,Mass,26-35,Personal Loan
3156,7c184c20-bb89-48e7-ace1-dc4ebc381309,1524,2026-05-23 18:11:17,0,19.0,0.9587333333333333,0,Positive,0.6356,42.0,v2.0,English,Insurance Renewal,1,0.0,0,Low,0.0,3.0,2.0,8.0,Mass,46-55,Personal Loan
5692,c8a459c6-8225-48bc-9089-82245db0173b,1551,2026-05-23 18:18:48,1,19.0,0.6464666666666666,2,Neutral,0.0036666666666666597,38.0,v1.0,Telugu,Loan Application,1,36.0,31-60,Medium,58349.33,0.0,0.0,0.0,Mass,56-65,Personal Loan
4103,08895e53-259a-4724-b6c0-9af643808152,407,2026-05-23 19:53:11,0,12.0,0.9019333333333334,0,Positive,0.5017333333333333,25.0,v2.0,English,Loan Collections,1,0.0,0,Low,0.0,1.0,0.0,2.0,Mass,26-35,Home Loan
4578,1eea0335-6ecc-4325-b6a1-4a456cc0b25e,410,2026-05-24 09:50:41,0,10.0,0.8412999999999999,1,Neutral,0.28350000000000003,36.0,v1.0,Tamil,Loan Collections,2,0.0,0,Low,0.0,5.0,2.0,6.0,Premium,65+,Credit Card
7567,0b85e6fa-34fb-49e7-aded-f2582a13c7bf,1009,2026-05-24 10:42:06,0,9.0,0.8048333333333333,1,Positive,0.4921666666666667,28.0,v1.1,English,Insurance Renewal,1,,0,Low,0.0,1.0,0.0,0.0,Wealth,26-35,Personal Loan
185,004396fc-187a-4e89-8888-4ecaec74ab7a,1647,2026-05-24 12:24:06,0,7.0,0.9424,0,Positive,0.5998,39.0,v2.0,English,Lead Qualification,1,0.0,0,Low,0.0,3.0,0.0,3.0,Mass,65+,Home Loan
5953,1446529a-fce9-4e3a-8bac-4a135b2aab98,1141,2026-05-24 14:03:07,0,19.0,0.8051666666666666,1,Neutral,0.1731,34.0,v2.0,English,Loan Collections,1,48.0,31-60,Medium,71499.68,2.0,1.0,2.0,Premium,18-25,Credit Card
2805,07736d31-a79b-4fab-a8bd-280cda7881ae,59,2026-05-24 14:19:05,1,5.0,0.22993333333333332,1,Negative,-0.5746333333333333,38.0,v1.0,English,Payment Reminder,1,116.0,90+,High,33729.38,2.0,1.0,3.0,Premium,36-45,Auto Loan
9447,6fe14620-d67d-4c46-9852-8e8e691deae8,1067,2026-05-24 15:28:28,0,3.0,0.56465,0,Neutral,0.07573333333333333,34.0,v2.0,English,Lead Qualification,1,48.0,31-60,Medium,66605.37,4.0,1.0,4.0,Premium,56-65,Credit Card
3525,6c06c3ed-84b4-41d7-8439-b10a89e540ac,963,2026-05-24 15:38:14,0,16.0,0.7252000000000001,1,Neutral,0.1334,42.0,v1.0,Tamil,Insurance Renewal,1,13.0,1-30,Low,60244.4,4.0,2.0,3.0,Premium,56-65,Auto Loan
4725,525e786c-1ea7-46da-9cc3-8e60bf1f0a11,1355,2026-05-24 16:49:54,0,4.0,0.5975333333333332,0,Neutral,-0.12340000000000001,38.0,v1.1,English,Loan Collections,1,47.0,31-60,Medium,44802.19,6.0,3.0,8.0,Mass,26-35,Personal Loan
6546,d1e446c8-a1f3-4990-a657-f44d77d9845c,1309,2026-05-24 18:26:52,1,,0.27036666666666664,3,Negative,-0.38966666666666666,37.0,v1.0,Hindi,Payment Reminder,2,67.0,61-90,High,36626.54,9.0,2.0,8.0,Premium,56-65,Auto Loan
5669,de70b26e-b443-41c0-8f49-4c1a6ca3dfa3,722,2026-05-24 19:48:06,0,5.0,0.7317,0,Neutral,-0.0694,37.0,v1.0,Tamil,Insurance Renewal,1,64.0,61-90,High,50161.72,2.0,0.0,1.0,Mass,56-65,Personal Loan
1924,7b0eb7fb-cf9a-4ab9-a7d5-07c0cf8b6f91,1789,2026-05-25 09:23:03,0,16.0,0.8029999999999999,0,Positive,0.26766666666666666,35.0,v1.0,Tamil,Loan Collections,1,0.0,0,Low,0.0,6.0,1.0,4.0,Mass,36-45,Auto Loan
4505,b767d4fb-816c-4197-8445-233718b98cf9,1400,2026-05-25 10:55:26,0,16.0,0.8456333333333333,0,Positive,0.5400333333333333,31.0,v1.1,English,Loan Application,1,0.0,0,Low,0.0,3.0,1.0,4.0,Mass,26-35,Credit Card
2711,4de15bd5-13e2-457b-a90b-f53b08c27b97,449,2026-05-25 12:46:05,0,3.0,0.7456,1,Neutral,0.12236666666666667,47.0,v2.0,English,Loan Collections,1,0.0,0,Low,0.0,1.0,0.0,1.0,High Value,26-35,Credit Card
9634,db7cf7bb-8d0b-4658-ba1f-299e238f7a66,1198,2026-05-25 13:19:05,0,4.0,0.5106666666666667,1,Negative,-0.1292,33.0,v1.0,Hindi,Loan Application,1,36.0,31-60,Medium,55490.98,2.0,0.0,0.0,Mass,36-45,Personal Loan
75,7a6cb159-820f-4fea-82fa-0adb0dd4ac74,895,2026-05-25 14:13:50,0,17.0,0.7557666666666667,1,Neutral,0.22493333333333335,40.0,v1.0,English,Payment Reminder,1,0.0,0,Low,0.0,2.0,0.0,1.0,Premium,46-55,Credit Card
5145,749c3c0c-b96d-477f-b7de-bc5b997708ef,409,2026-05-25 14:27:52,0,13.0,0.9214333333333333,0,Positive,0.5198333333333333,23.0,v1.1,English,Loan Collections,1,0.0,0,Low,0.0,5.0,1.0,2.0,High Value,36-45,Personal Loan
4507,4e636aee-53a4-4cd9-add6-866e65c1b0dc,1179,2026-05-25 14:44:01,1,14.0,0.6802666666666667,2,Positive,0.28543333333333337,38.0,v1.0,English,Insurance Renewal,2,0.0,0,Low,0.0,2.0,1.0,3.0,Premium,26-35,Credit Card
2062,dfee5a00-869e-4f32-80aa-92e1d04c18c0,1159,2026-05-25 14:48:31,0,9.0,0.64895,0,Neutral,-0.008633333333333345,30.0,v2.0,English,Payment Reminder,1,110.0,90+,High,70016.26,3.0,2.0,2.0,Mass,46-55,Credit Card
945,866fac75-c5c6-4ab4-b556-ba25d898e981,1722,2026-05-25 15:04:18,1,16.0,0.8060666666666666,2,Neutral,0.15706666666666666,44.0,v1.0,Hindi,Insurance Renewal,1,0.0,0,Low,0.0,5.0,2.0,6.0,Mass,18-25,Credit Card
3222,6dab6ecd-57c6-4642-89f9-84cc73b74df7,504,2026-05-25 15:22:50,0,2.0,0.7355,0,Neutral,0.03893333333333334,22.0,v1.0,Hindi,Loan Collections,1,0.0,0,Low,0.0,2.0,1.0,2.0,Premium,18-25,Auto Loan
8036,37a39d6c-59df-4a8c-9be1-68ff57d0a273,593,2026-05-25 15:36:32,1,14.0,0.4811666666666667,2,Positive,0.04976666666666666,31.0,v1.0,Telugu,Lead Qualification,1,0.0,0,Low,0.0,4.0,0.0,0.0,Wealth,56-65,Home Loan
6799,234d43d8-a99e-4910-9b98-166fdf63e576,58,2026-05-25 18:16:34,0,7.0,0.9265,1,Positive,0.6300333333333333,37.0,v2.0,English,Customer Support,1,0.0,0,Low,0.0,3.0,0.0,1.0,Mass,36-45,Personal Loan
7437,b6034a41-53d5-4c67-920c-43f5b9e845e4,1525,2026-05-25 19:34:04,1,17.0,0.4160333333333333,2,Negative,-0.37443333333333334,37.0,v1.0,Telugu,Customer Support,1,0.0,0,Low,0.0,1.0,0.0,0.0,Premium,36-45,Auto Loan
9842,e1183f45-71cd-4e9c-bc47-f0a0d28fee6e,102,2026-05-26 08:06:40,0,5.0,0.9436666666666667,1,Positive,0.6521333333333333,37.0,v1.0,Hindi,Loan Application,2,0.0,0,Low,0.0,4.0,1.0,1.0,Mass,26-35,Credit Card
2245,74469019-bd96-449c-9de7-3bd555e3d769,326,2026-05-26 08:23:31,1,16.0,0.6760333333333334,0,Negative,-0.4044666666666667,47.0,v1.0,Hindi,Loan Collections,1,108.0,90+,High,31990.98,6.0,1.0,3.0,Premium,46-55,Credit Card
1253,41ba8494-ed86-4b11-a3f6-d245833d7cfa,1737,2026-05-26 10:18:16,1,11.0,0.5998,1,Neutral,-0.07146666666666666,35.0,v1.0,Tamil,Customer Support,3,84.0,61-90,High,35574.08,3.0,0.0,1.0,Premium,36-45,Personal Loan
1800,4fc6857c-697c-4490-8a67-6d47adaf0cc1,1896,2026-05-26 10:31:13,1,2.0,0.6722,1,Neutral,0.07923333333333335,30.0,v1.0,English,Loan Application,2,0.0,0,Low,0.0,4.0,2.0,4.0,Mass,36-45,Personal Loan
4706,06af07db-84c0-4082-82fc-66e88a1bbf1a,772,2026-05-26 13:11:33,1,9.0,0.6564333333333333,1,Neutral,0.049266666666666674,27.0,v1.0,Tamil,Insurance Renewal,1,42.0,31-60,Medium,28540.27,5.0,1.0,3.0,Mass,26-35,
1619,1838b342-212c-43ed-a1b3-9f035171c007,578,2026-05-26 13:34:10,0,11.0,0.9171333333333335,0,Positive,0.4160333333333333,34.0,v1.1,English,Customer Support,2,0.0,0,Low,0.0,4.0,0.0,0.0,Mass,36-45,Personal Loan
4221,244d4903-2b57-44b5-8537-bb19c7830bd7,391,2026-05-26 13:52:36,0,10.0,0.949,0,Positive,0.4421333333333333,31.0,v2.0,English,Payment Reminder,2,0.0,0,Low,0.0,8.0,0.0,2.0,Mass,26-35,Credit Card
6933,11864fc0-cd60-4dd2-9cd0-09fddefc65a2,560,2026-05-26 14:49:20,0,19.0,0.8101666666666666,1,Positive,0.46163333333333334,42.0,v1.1,English,Loan Application,1,0.0,0,Low,0.0,0.0,0.0,0.0,Mass,36-45,Auto Loan
3550,a0bd89f1-7b3a-4bda-ad0f-6ba87439f016,1819,2026-05-26 15:18:45,0,8.0,0.6665333333333333,0,Positive,0.07690000000000001,36.0,v1.0,English,Customer Support,1,0.0,0,Low,0.0,3.0,1.0,1.0,Premium,36-45,Home Loan
1931,a6e44b01-ebe3-480b-a00d-4d927f9866c9,1426,2026-05-26 15:51:07,1,6.0,0.4429666666666667,2,Neutral,-0.22636666666666663,22.0,v1.0,Hindi,Insurance Renewal,3,0.0,0,Low,0.0,6.0,0.0,3.0,Mass,36-45,Personal Loan
2669,645b449c-5e0d-42a6-b53f-832d2659de01,1028,2026-05-26 15:57:01,1,1.0,0.5982666666666666,1,Neutral,0.09196666666666665,49.0,v1.0,Telugu,Customer Support,1,78.0,61-90,High,35288.16,4.0,1.0,4.0,Premium,26-35,Personal Loan
7611,ea512391-c218-46e6-981b-880ead64fcfb,1496,2026-05-26 17:19:48,0,8.0,0.6686333333333333,0,Neutral,0.19826666666666667,31.0,v1.1,English,Loan Collections,1,99.0,90+,High,59146.56,6.0,1.0,2.0,Mass,18-25,Credit Card
2574,41e38209-8558-4a09-b676-4df2c799d5e2,247,2026-05-26 18:22:59,0,1.0,0.7201,1,Neutral,0.10616666666666667,26.0,v1.0,Telugu,Loan Collections,1,54.0,31-60,Medium,48951.49,3.0,0.0,0.0,Mass,26-35,Credit Card
471,9fb77f33-d9f7-47cf-8442-8488db961836,529,2026-05-26 18:35:50,0,11.0,0.8824333333333333,1,Neutral,0.19813333333333336,31.0,v1.0,Hindi,Customer Support,1,0.0,0,Low,0.0,5.0,2.0,4.0,Mass,36-45,Credit Card
9164,247028af-ada3-497d-9cc2-440c1afc4dbe,1114,2026-05-26 19:45:38,1,2.0,0.5259666666666667,2,Neutral,-0.02413333333333333,34.0,v1.0,Hindi,Loan Application,1,0.0,0,Low,0.0,4.0,0.0,0.0,Premium,56-65,Personal Loan
1249,eed906c2-2d72-4fb3-bf4b-c28bd67500dd,321,2026-05-27 08:00:49,0,10.0,0.8447333333333334,0,Positive,0.3616,49.0,v1.0,English,Customer Support,2,0.0,0,Low,0.0,4.0,0.0,0.0,Mass,18-25,
9234,ff672766-e26b-4432-aabf-baefa5488bf5,447,2026-05-27 08:01:37,1,5.0,0.8767666666666667,1,Positive,0.26466666666666666,45.0,v1.0,Tamil,Lead Qualification,4,0.0,0,Low,0.0,7.0,0.0,1.0,Mass,46-55,Auto Loan
3679,da0c560e-f6ae-4f34-b169-8c41e9d7d5f6,978,2026-05-27 08:49:00,0,1.0,0.6864666666666667,0,Negative,0.021266666666666673,35.0,v1.0,Telugu,Customer Support,3,79.0,61-90,High,36391.26,3.0,0.0,1.0,Premium,46-55,Personal Loan
6377,896ad29e-a494-4730-bd18-e3dec6e85572,885,2026-05-27 08:51:06,0,5.0,0.9568,1,Positive,0.6836333333333333,33.0,v2.0,English,Loan Collections,1,0.0,0,Low,0.0,5.0,2.0,5.0,Wealth,36-45,Credit Card
1902,500aa85c-a04e-46e7-83e1-2232f5137d44,933,2026-05-27 09:34:08,0,4.0,0.7597333333333333,0,Neutral,-0.09633333333333333,48.0,v1.1,English,Insurance Renewal,1,0.0,0,Low,0.0,3.0,1.0,2.0,Mass,36-45,Personal Loan
3810,b38d85af-a588-4c68-a0f1-312296b7b371,647,2026-05-27 10:04:21,1,3.0,0.5100666666666667,1,Neutral,-0.2608,29.0,v1.0,Telugu,Lead Qualification,1,0.0,0,Low,0.0,4.0,0.0,1.0,Mass,46-55,Personal Loan
2334,3f7cbf08-6828-45c7-a036-065c8c809d45,643,2026-05-27 10:33:00,1,2.0,0.5167666666666667,1,Negative,-0.28730000000000006,47.0,v1.0,English,Lead Qualification,1,35.0,31-60,Medium,33473.81,2.0,0.0,0.0,Mass,36-45,Credit Card
4429,71b8a4aa-900f-47fd-93b3-fad7df4b1294,1133,2026-05-27 11:04:42,1,1.0,0.3783666666666667,1,Negative,-0.2707333333333333,38.0,v1.0,English,Payment Reminder,1,56.0,31-60,Medium,50160.65,4.0,1.0,4.0,Mass,26-35,Personal Loan
5339,3d98a136-82fd-4c2b-8b15-6b5768452c23,82,2026-05-27 12:08:16,0,11.0,0.8847666666666667,1,Neutral,0.31146666666666667,38.0,v1.0,Tamil,Lead Qualification,1,0.0,0,Low,0.0,4.0,1.0,6.0,Premium,26-35,Auto Loan
5207,362a87ad-6202-44f5-bfec-71fb8a1efce6,1242,2026-05-27 12:14:41,0,5.0,0.8496666666666667,1,Positive,0.5502,30.0,v1.0,English,Insurance Renewal,2,0.0,0,Low,0.0,8.0,1.0,2.0,Mass,18-25,Home Loan
1486,a65686ba-f296-4981-864b-d5fe51a21b5b,1724,2026-05-27 14:51:28,0,19.0,0.7791666666666667,2,Positive,0.3510333333333333,44.0,v1.0,English,Lead Qualification,1,0.0,0,Low,0.0,4.0,1.0,4.0,Premium,26-35,Personal Loan
9409,b7511119-4f45-48bc-adde-99fe70cbd47f,303,2026-05-27 18:11:41,0,11.0,0.8673333333333333,1,Positive,0.6001333333333334,29.0,v1.1,English,Lead Qualification,1,16.0,1-30,Low,47380.15,2.0,0.0,0.0,High Value,36-45,Credit Card
2925,17385923-27b8-4435-a0ed-4791c3a1b76d,20,2026-05-27 18:12:53,0,18.0,0.8829666666666668,1,Positive,0.4373666666666667,38.0,v1.1,English,Lead Qualification,2,0.0,0,Low,0.0,5.0,1.0,2.0,Mass,18-25,Personal Loan
2045,8349f051-cfb7-4158-98f8-d26c920506ef,118,2026-05-27 18:24:32,1,,0.35733333333333334,3,Negative,-0.49593333333333334,40.0,v1.0,Telugu,Insurance Renewal,2,42.0,31-60,Medium,54426.66,7.0,2.0,3.0,Premium,18-25,Auto Loan
9995,fd3410e4-1707-4656-81c1-aa315a1d6d94,968,2026-05-27 18:27:24,0,5.0,0.7707,0,Neutral,0.3035,35.0,v1.0,Tamil,Payment Reminder,1,0.0,0,Low,0.0,3.0,1.0,2.0,Premium,18-25,Credit Card
9160,629f5462-14ae-4df4-b076-1c15063c017e,1917,2026-05-27 19:25:45,0,2.0,0.9136666666666667,1,Positive,0.5029333333333333,36.0,v2.0,English,Loan Application,1,0.0,0,Low,0.0,2.0,0.0,0.0,Mass,18-25,Personal Loan
1189,f62b1b92-8c59-4035-b7f6-ec58188f49b9,896,2026-05-27 19:45:45,1,9.0,0.7115666666666667,2,Neutral,-0.09399999999999999,28.0,v1.0,Tamil,Insurance Renewal,2,0.0,0,Low,0.0,3.0,1.0,2.0,Premium,36-45,Auto Loan
727,ff906185-fe3e-4e72-b59b-a1d02325bc78,270,2026-05-27 19:57:55,0,10.0,0.8132,0,Positive,0.3342333333333333,42.0,v1.0,Tamil,Insurance Renewal,2,0.0,0,Low,0.0,3.0,0.0,2.0,Mass,18-25,
8914,cd767cbb-b006-40bb-b599-d04f818c54ba,1293,2026-05-27 19:58:52,0,11.0,0.7519333333333332,1,Neutral,0.2131333333333333,29.0,v1.0,Tamil,Customer Support,1,29.0,1-30,Low,80940.74,5.0,2.0,5.0,Mass,18-25,Personal Loan
8574,0be79252-aa7d-4d79-b13d-620fa6543f23,1659,2026-05-28 09:24:42,1,3.0,0.6349,2,Positive,0.2919333333333333,40.0,v1.1,English,Payment Reminder,2,0.0,0,Low,0.0,8.0,0.0,3.0,High Value,26-35,Personal Loan
7602,9e6e0beb-3b81-4cc3-a136-e80dc4c6844c,814,2026-05-28 10:35:41,0,19.0,0.8775333333333334,1,Positive,0.3691333333333333,40.0,v1.1,English,Loan Collections,1,0.0,0,Low,0.0,4.0,2.0,6.0,High Value,46-55,Personal Loan
7198,d4c69b63-360d-498f-87b4-e70ffabadaa3,579,2026-05-28 11:12:10,0,9.0,0.7848333333333333,0,Neutral,0.17416666666666666,28.0,v1.0,Telugu,Loan Collections,1,0.0,0,Low,0.0,2.0,0.0,1.0,High Value,36-45,Personal Loan
1484,142255a6-0492-46be-8c35-f65463d1a230,880,2026-05-28 11:26:38,1,,0.1396666666666667,3,Negative,-0.6773333333333333,40.0,v1.0,Telugu,Loan Application,1,102.0,90+,High,53868.17,5.0,0.0,1.0,Mass,36-45,Auto Loan
401,c0ef4c6a-f37b-4b09-8357-00cb9c07bb2b,1108,2026-05-28 11:34:42,1,18.0,0.33116666666666666,1,Neutral,-0.34296666666666664,25.0,v1.0,Telugu,Loan Collections,2,107.0,90+,High,56180.99,2.0,0.0,1.0,Mass,65+,Auto Loan
7107,6f2b3fdf-7207-419c-81eb-86187084d3f6,1500,2026-05-28 11:50:39,0,16.0,0.5235333333333333,0,Neutral,-0.18660000000000002,37.0,v1.0,Hindi,Loan Collections,1,0.0,0,Low,0.0,4.0,2.0,8.0,Mass,46-55,Personal Loan
144,e1caed08-8d3d-42ce-af69-9e035aed5c12,369,2026-05-28 11:52:57,1,14.0,0.5580333333333334,2,Neutral,-0.2977,28.0,v1.0,Tamil,Insurance Renewal,1,25.0,1-30,Low,76099.79,4.0,0.0,2.0,High Value,36-45,Personal Loan
406,4932f7a8-37e0-4052-a4fb-21f3f0e14fb3,27,2026-05-28 12:42:41,1,4.0,0.4846,1,Neutral,-0.31306666666666666,35.0,v1.0,Tamil,Loan Collections,1,0.0,0,Low,0.0,3.0,0.0,0.0,Mass,26-35,Credit Card
4592,e82f18d5-272c-4217-a8b3-0ae8a3d3c8a1,1035,2026-05-28 12:56:55,0,12.0,0.6564666666666666,1,Neutral,0.2849,29.0,v1.1,English,Lead Qualification,1,33.0,31-60,Medium,57252.39,6.0,1.0,4.0,Mass,46-55,Credit Card
6477,53b5ff9f-8213-4eab-bd13-509ffd52a21a,607,2026-05-28 13:08:54,1,19.0,0.39159999999999995,2,Negative,-0.4053,39.0,v1.0,Tamil,Loan Application,2,118.0,90+,High,61691.87,6.0,1.0,4.0,Mass,36-45,Personal Loan
8580,0a0d9614-0bda-4c80-9135-9a3d5729d1c0,1251,2026-05-28 14:44:35,1,8.0,0.7486333333333333,1,Positive,0.18676666666666666,33.0,v2.0,English,Loan Collections,3,80.0,61-90,High,33597.68,8.0,0.0,2.0,Mass,26-35,Credit Card
3548,c5fe0294-e6ae-41db-8189-7257a7a511dc,761,2026-05-28 15:37:34,1,14.0,0.22623333333333331,2,Negative,-0.37389999999999995,41.0,v1.0,Telugu,Loan Collections,2,74.0,61-90,High,58672.73,3.0,2.0,9.0,High Value,36-45,Auto Loan
416,f2ecd7f6-d5a8-41f1-a50a-10a055b21209,930,2026-05-28 17:05:07,0,7.0,0.9247666666666667,1,Neutral,0.27340000000000003,30.0,v1.1,English,Loan Application,2,4.0,1-30,Low,82266.44,6.0,3.0,8.0,Premium,36-45,Credit Card
1906,be3f42c9-165e-4d32-8dac-4b947157339a,1423,2026-05-28 17:36:34,0,14.0,0.7230666666666666,1,Neutral,0.18326666666666666,27.0,v2.0,English,Lead Qualification,1,52.0,31-60,Medium,72521.07,3.0,1.0,4.0,Mass,26-35,Personal Loan
4405,2c4938cc-74bb-46da-bec2-b69f1e847b46,1615,2026-05-28 18:41:30,1,3.0,0.6384666666666666,0,Neutral,0.1593,36.0,v1.1,English,Insurance Renewal,1,0.0,0,Low,0.0,5.0,0.0,1.0,Premium,46-55,Credit Card
2694,78d64dba-4e46-4bee-bdf1-5314745f7e07,439,2026-05-28 19:34:33,0,11.0,0.9385666666666667,0,Positive,0.7128666666666668,40.0,v2.0,English,Insurance Renewal,1,0.0,0,Low,0.0,2.0,0.0,0.0,Mass,36-45,Personal Loan
7337,185e58e4-221a-4bec-9a72-04d6cc6e31a8,1847,2026-05-29 08:20:39,1,,0.4412333333333333,3,Neutral,-0.19299999999999998,37.0,v1.0,English,Loan Collections,2,117.0,90+,High,89088.37,4.0,0.0,0.0,Premium,26-35,Personal Loan
5756,1a872368-ac30-466f-8a47-86d59096d66e,1646,2026-05-29 08:27:53,0,6.0,0.7553666666666666,0,Positive,0.31056666666666666,47.0,v2.0,English,Loan Application,1,52.0,31-60,Medium,44542.7,3.0,1.0,3.0,Mass,46-55,Personal Loan
577,419917df-0f9e-4a97-9545-ca3d1f0ae6c9,1821,2026-05-29 09:25:44,1,11.0,0.48323333333333335,2,Negative,-0.239,32.0,v1.0,English,Loan Collections,2,117.0,90+,High,60847.34,7.0,1.0,4.0,High Value,26-35,Personal Loan
8295,21d3de45-4af6-4ad4-bce2-5ad85e192bf7,1180,2026-05-29 10:55:52,0,19.0,0.7379333333333333,0,Neutral,-0.01746666666666666,26.0,v1.0,Telugu,Loan Collections,2,0.0,0,Low,0.0,5.0,0.0,1.0,Premium,26-35,Credit Card
7986,308606f8-24d8-4f6a-9e37-d8890b9d7c0a,1591,2026-05-29 11:09:55,0,7.0,0.8706999999999999,2,Neutral,0.28623333333333334,34.0,v1.0,Hindi,Payment Reminder,1,0.0,0,Low,0.0,5.0,0.0,1.0,Mass,26-35,
2775,b31275f9-6e6c-4d35-8493-7266a6bcccab,1633,2026-05-29 11:44:50,1,1.0,0.9176000000000001,1,Positive,0.6968,40.0,v2.0,English,Insurance Renewal,1,0.0,0,Low,0.0,2.0,0.0,0.0,Mass,36-45,Credit Card
6917,d6466a0d-2ac5-489d-b391-07d1a7319671,1702,2026-05-29 12:12:06,0,12.0,0.7483333333333334,0,Neutral,0.031466666666666664,30.0,v1.0,Tamil,Customer Support,2,0.0,0,Low,0.0,5.0,1.0,2.0,Wealth,26-35,Auto Loan
8169,de34454f-3a32-4d2a-9c6b-08643aad2025,1636,2026-05-29 12:12:19,1,5.0,0.5395333333333333,2,Neutral,0.025133333333333324,43.0,v1.1,English,Loan Collections,2,100.0,90+,High,64330.94,2.0,0.0,1.0,Mass,36-45,Home Loan
9810,03cc0d88-010e-45a7-9e8a-7046a381b796,875,2026-05-29 12:29:07,0,9.0,0.8045,0,Positive,0.4698333333333333,40.0,v1.0,Telugu,Lead Qualification,2,0.0,0,Low,0.0,4.0,1.0,4.0,Mass,65+,Credit Card
6008,a8860b3b-d3f2-4bf1-8903-598c0882dd07,1963,2026-05-29 13:24:42,1,18.0,0.4263333333333333,1,Negative,-0.3075,27.0,v1.0,Telugu,Customer Support,1,0.0,0,Low,0.0,6.0,2.0,6.0,Mass,26-35,Personal Loan
6833,c3595956-4212-489d-a6f1-7a237b6cd055,1522,2026-05-29 13:28:30,0,7.0,0.9328666666666666,0,Neutral,0.36389999999999995,42.0,v1.1,English,Loan Collections,1,0.0,0,Low,0.0,5.0,1.0,1.0,Mass,18-25,Home Loan
9296,04d0e58a-3538-4b07-9b25-4cf60ba813f1,704,2026-05-29 13:33:10,0,4.0,0.6344666666666666,1,Neutral,-0.012699999999999998,27.0,v1.0,Hindi,Loan Application,1,0.0,0,Low,0.0,3.0,0.0,1.0,Premium,26-35,Credit Card
882,8ceb08a1-7c75-48e3-8234-375145dcc719,1984,2026-05-29 15:30:20,1,15.0,0.35473333333333334,1,Negative,-0.33076666666666665,28.0,v1.0,English,Loan Collections,1,24.0,1-30,Low,59710.53,4.0,0.0,0.0,Premium,36-45,Home Loan
5349,6a04cea1-7a1f-4fd4-86af-b10312c95d90,1887,2026-05-29 15:58:20,1,18.0,0.6107,1,Neutral,0.05383333333333332,30.0,v1.1,English,Payment Reminder,1,72.0,61-90,High,28653.63,2.0,0.0,0.0,Mass,36-45,Credit Card
1740,ee6fef8e-4f89-4ca1-be01-4651d41d5b31,663,2026-05-29 17:28:41,0,13.0,0.8281999999999999,1,Neutral,0.03340000000000001,37.0,v1.0,Hindi,Loan Collections,1,0.0,0,Low,0.0,6.0,0.0,2.0,Mass,46-55,Credit Card
6265,7df0b4bf-e877-43bd-b22c-07f8b1807d7d,41,2026-05-29 19:45:26,1,2.0,0.27226666666666666,1,Negative,-0.5022000000000001,43.0,v1.0,English,Loan Collections,1,106.0,90+,High,25034.57,1.0,0.0,0.0,Mass,36-45,Credit Card
4826,a2d22c3c-a261-41bf-8d88-53fa76464a2f,1123,2026-05-30 09:39:06,1,18.0,0.4638,0,Negative,-0.20183333333333334,42.0,v1.0,Telugu,Loan Application,1,69.0,61-90,High,75049.45,2.0,1.0,2.0,Premium,18-25,Credit Card
6234,14b9f6f4-4c13-4286-83e4-d84bc15af55f,148,2026-05-30 10:22:53,0,7.0,0.8161333333333333,1,Positive,0.40070000000000006,46.0,v1.0,Tamil,Payment Reminder,2,0.0,0,Low,0.0,4.0,1.0,2.0,Premium,26-35,Personal Loan
9565,eb8940b3-3329-40b5-8fbd-ff5d7e482907,123,2026-05-30 10:44:10,1,14.0,0.593,2,Neutral,-0.04756666666666667,28.0,v1.0,Hindi,Lead Qualification,2,0.0,0,Low,0.0,6.0,1.0,2.0,Premium,36-45,Personal Loan
1725,1df0f583-41ab-4335-8ec9-cf47d91d1997,799,2026-05-30 11:04:40,1,9.0,0.5251333333333333,1,Neutral,-0.23650000000000002,40.0,v1.0,Hindi,Customer Support,1,108.0,90+,High,46214.84,2.0,1.0,4.0,Mass,36-45,Personal Loan
7992,30522ab2-aba2-4c0b-9f1c-907be92a679b,1396,2026-05-30 11:35:12,0,1.0,0.8443999999999999,0,Neutral,0.31973333333333337,43.0,v1.0,Telugu,Customer Support,1,0.0,0,Low,0.0,3.0,0.0,2.0,Premium,36-45,Personal Loan
5470,663f4b2b-22e7-4668-941f-3b8f03f3a87a,431,2026-05-30 12:48:30,1,,0.5034666666666666,3,Negative,-0.301,31.0,v1.0,Tamil,Loan Application,2,0.0,0,Low,0.0,4.0,2.0,5.0,Premium,26-35,Auto Loan
3581,e2e3b46b-7e61-4f4c-a1f8-32a4d5d32a92,278,2026-05-30 13:50:34,1,14.0,0.45399999999999996,1,Neutral,-0.20603333333333332,35.0,v1.0,Telugu,Customer Support,1,54.0,31-60,Medium,43925.22,6.0,5.0,16.0,Premium,18-25,Personal Loan
8046,6c901fb6-2ae4-4ac5-843b-105d374d707f,498,2026-05-30 15:04:05,1,3.0,0.23086666666666666,2,Negative,-0.7496999999999999,32.0,v1.0,Tamil,Loan Collections,2,100.0,90+,High,85461.09,5.0,1.0,5.0,Premium,36-45,Credit Card
2824,c7776431-06a6-4967-9fcc-bb640c179ba7,1333,2026-05-30 15:49:23,0,10.0,0.952,0,Positive,0.5257999999999999,26.0,v2.0,English,Loan Collections,2,0.0,0,Low,0.0,3.0,1.0,5.0,Mass,46-55,Personal Loan
6075,d0ebd714-ae6b-4215-9470-bf7214dc920d,669,2026-05-30 16:33:20,0,5.0,0.8641333333333333,0,Positive,0.5132,32.0,v1.0,Telugu,Lead Qualification,2,0.0,0,Low,0.0,3.0,0.0,1.0,Mass,36-45,Home Loan
9414,4c56b9d3-760c-4daa-a059-211f9936ea01,1557,2026-05-30 16:42:18,0,14.0,0.6857333333333333,0,Neutral,0.1509,23.0,v1.0,Hindi,Loan Application,2,0.0,0,Low,0.0,6.0,0.0,1.0,High Value,18-25,Personal Loan
9241,c37db6b7-4e76-4751-a85b-c92a7b9202f6,697,2026-05-30 17:38:57,0,13.0,0.8729999999999999,1,Positive,0.7129666666666666,32.0,v2.0,English,Customer Support,3,0.0,0,Low,0.0,8.0,2.0,7.0,Mass,18-25,Credit Card
6536,a2c2f644-d13f-4a13-a6a7-2e23775b5ffb,1407,2026-05-30 18:19:09,1,14.0,0.2271666666666667,1,Neutral,-0.2837,40.0,v1.0,Telugu,Payment Reminder,3,25.0,1-30,Low,36678.58,5.0,0.0,0.0,Mass,18-25,Personal Loan
5916,34f6c8b8-5da9-4ef1-b8f5-f54781287f80,1577,2026-05-30 18:43:22,0,9.0,0.8311000000000001,0,Neutral,0.4336333333333333,36.0,v1.0,Tamil,Payment Reminder,2,0.0,0,Low,0.0,4.0,2.0,5.0,Premium,26-35,Personal Loan
7098,66175355-68b9-4356-bb8c-373bf4c84fad,356,2026-05-30 19:30:53,1,18.0,0.5050333333333333,2,Neutral,0.030366666666666667,34.0,v1.1,English,Payment Reminder,3,73.0,61-90,High,49104.32,4.0,1.0,2.0,High Value,46-55,Personal Loan
8075,54a33331-1225-460c-b673-ee4ef652f4de,1839,2026-05-31 08:56:57,0,10.0,0.7358666666666666,0,Neutral,0.1563,39.0,v1.0,Telugu,Customer Support,1,0.0,0,Low,0.0,3.0,0.0,1.0,Premium,46-55,Personal Loan
4256,51b20662-6cfb-45ba-b6da-c134bd3f1ae2,538,2026-05-31 09:07:40,1,17.0,0.4651666666666667,2,Neutral,-0.29483333333333334,49.0,v2.0,English,Insurance Renewal,2,91.0,90+,High,59109.44,3.0,1.0,2.0,Mass,46-55,Credit Card
7530,fa127e4e-5b68-4e89-910b-cfeb6216f0d7,1136,2026-05-31 09:40:33,0,1.0,0.7909,0,Positive,0.3458333333333334,26.0,v1.0,English,Insurance Renewal,1,11.0,1-30,Low,85523.98,6.0,3.0,9.0,Premium,46-55,Personal Loan
1644,b2f3bd74-4d17-4eff-925c-02b9227c2a5c,718,2026-05-31 09:47:34,0,13.0,0.9208666666666666,1,Positive,0.7157,42.0,v2.0,English,Payment Reminder,2,0.0,0,Low,0.0,5.0,4.0,10.0,Premium,26-35,Personal Loan
9800,608e8245-202e-405c-8769-55e1485d6993,481,2026-05-31 10:13:33,0,5.0,0.7405333333333334,0,Positive,0.2654666666666667,31.0,v2.0,English,Insurance Renewal,2,84.0,61-90,High,47788.71,8.0,1.0,3.0,Mass,26-35,Credit Card
8854,c17e8c82-d0f9-4506-b67e-5cbbd267b257,1311,2026-05-31 11:11:45,1,,0.25965,3,Negative,-0.40549999999999997,35.0,v1.0,Telugu,Loan Application,1,74.0,61-90,High,98920.64,10.0,1.0,5.0,Mass,36-45,Personal Loan
157,9f9776bf-3277-4205-be44-d0cc1acd8c16,1718,2026-05-31 11:18:26,1,14.0,0.7284333333333333,2,Neutral,0.040766666666666666,35.0,v1.0,Tamil,Loan Collections,1,52.0,31-60,Medium,29187.3,4.0,2.0,4.0,Mass,36-45,Credit Card
5397,812d8f0f-523d-4157-a3ff-ae8280693d15,166,2026-05-31 14:12:32,0,5.0,0.8438333333333333,0,Neutral,0.24846666666666664,35.0,v1.0,English,Insurance Renewal,2,31.0,31-60,Medium,41311.41,4.0,1.0,1.0,Mass,36-45,Credit Card
2523,50d89f87-93f4-44f2-882c-e1ab6af6c805,1351,2026-05-31 15:17:44,0,5.0,0.8553666666666667,1,Neutral,0.46703333333333336,26.0,v1.0,Telugu,Lead Qualification,2,0.0,0,Low,0.0,9.0,4.0,10.0,Premium,36-45,
5167,46a735f0-4f9c-4cf0-98c7-220eb6bdf7ac,686,2026-05-31 15:26:45,0,14.0,0.7901333333333334,1,Positive,0.4947333333333333,38.0,v2.0,English,Payment Reminder,1,0.0,0,Low,0.0,5.0,1.0,4.0,Premium,36-45,Personal Loan
1257,c00fe668-3146-4fd9-96ae-fb82560055e5,1227,2026-05-31 15:53:09,1,1.0,0.8634,2,Positive,0.4241,29.0,v1.0,Telugu,Lead Qualification,1,0.0,0,Low,0.0,8.0,2.0,4.0,Mass,18-25,Credit Card
7218,243b5349-05da-46e8-8385-f0acd1693b7a,417,2026-05-31 16:40:43,1,7.0,0.4588666666666667,1,Negative,-0.1728333333333333,33.0,v1.0,Tamil,Loan Application,1,115.0,90+,High,69891.91,6.0,0.0,2.0,Mass,26-35,Auto Loan
2716,b7987a4d-a600-4487-a984-57d53b8dbee2,626,2026-05-31 17:10:10,0,10.0,0.8963666666666666,0,Positive,0.2766,35.0,v1.0,Hindi,Customer Support,1,0.0,0,Low,0.0,9.0,1.0,4.0,Mass,26-35,Auto Loan
3307,2a1da662-e417-4fd8-ae48-805995509d5c,1025,2026-05-31 17:15:00,0,5.0,0.7555999999999999,0,Positive,0.5627666666666666,35.0,v1.0,Tamil,Insurance Renewal,1,0.0,0,Low,0.0,6.0,2.0,7.0,Premium,56-65,Personal Loan
7851,d1408570-c85b-43b7-8538-c9eaaf6a7508,5,2026-05-31 17:39:59,0,12.0,0.6717,0,Positive,0.0978,35.0,v1.0,English,Customer Support,1,0.0,0,Low,0.0,4.0,0.0,0.0,Premium,26-35,Credit Card
2226,96b5163e-712a-48a4-b681-c5aca099c44e,1249,2026-05-31 18:13:14,1,12.0,0.4384333333333334,1,Neutral,-0.22156666666666666,46.0,v1.0,Hindi,Customer Support,1,112.0,90+,High,52034.07,2.0,1.0,4.0,High Value,46-55,Auto Loan
2849,0cd05f91-32c2-41d3-af25-1cce8aa571a1,866,2026-05-31 18:31:38,0,13.0,0.9005666666666666,0,Positive,0.5277666666666666,42.0,v2.0,English,Payment Reminder,2,0.0,0,Low,0.0,3.0,0.0,2.0,Mass,18-25,Auto Loan
7649,cf4e30fd-fb39-409e-ad5b-581ffbbc600e,869,2026-05-31 18:58:06,1,18.0,0.30546666666666666,2,Neutral,-0.27543333333333336,36.0,v1.0,English,Loan Collections,1,81.0,61-90,High,21335.3,6.0,0.0,1.0,Mass,18-25,Credit Card
7206,d66e1145-cc30-4ffe-9420-f56dc36ae85e,1570,2026-05-31 19:22:35,0,7.0,0.6593,1,Neutral,0.1628,28.0,v1.0,Hindi,Loan Application,2,38.0,31-60,Medium,46222.63,6.0,2.0,3.0,Mass,26-35,Personal Loan
2115,cccb693a-8e30-480e-b2f2-91c8a40a4514,548,2026-06-01 08:33:33,0,16.0,0.7227333333333333,0,Neutral,0.24206666666666665,41.0,v1.0,Hindi,Loan Application,1,0.0,0,Low,0.0,1.0,0.0,0.0,Premium,46-55,Personal Loan
2012,2072ec3d-f628-48a3-b06e-36e998a161e7,794,2026-06-01 08:49:14,0,9.0,0.7595333333333333,0,Positive,0.19996666666666665,35.0,v1.0,Tamil,Loan Collections,1,0.0,0,Low,0.0,1.0,1.0,3.0,Mass,26-35,Personal Loan
1490,7f7c9d2c-ddbc-4abe-ac1e-544deab67476,1276,2026-06-01 09:25:50,1,,0.28473333333333334,3,Negative,-0.5676666666666667,46.0,v1.0,English,Lead Qualification,2,0.0,0,Low,0.0,5.0,0.0,2.0,Mass,26-35,Personal Loan
1660,6ebb185f-6fa0-4d46-abe4-41cd02a5b14b,1562,2026-06-01 09:27:10,0,3.0,0.9396999999999999,0,Positive,0.6369333333333334,29.0,v2.0,English,Loan Application,2,0.0,0,Low,0.0,5.0,3.0,8.0,High Value,36-45,Personal Loan
3363,8bced7d7-10a3-413a-b616-70b9a3491991,711,2026-06-01 09:53:14,1,4.0,0.4202666666666666,1,Neutral,-0.1380666666666667,30.0,v1.1,English,Loan Application,1,85.0,61-90,High,31462.77,4.0,0.0,1.0,Mass,36-45,Auto Loan
4979,291d80cd-b827-4923-bca5-baaa55217e97,155,2026-06-01 10:40:48,1,,0.19410000000000002,3,Negative,-0.5884333333333333,38.0,v1.0,Telugu,Lead Qualification,1,63.0,61-90,High,65106.04,5.0,0.0,0.0,Mass,36-45,Credit Card
2239,161d5407-d8ec-44f5-a7c7-307c5d9e4af9,485,2026-06-01 14:21:18,1,2.0,0.7534666666666667,2,Neutral,0.21353333333333335,42.0,v1.1,English,Loan Collections,1,0.0,0,Low,0.0,4.0,0.0,3.0,High Value,36-45,Credit Card
6906,17d5be33-0f74-4d6d-9f9d-1db6664a214e,345,2026-06-01 14:22:05,0,6.0,0.8309666666666667,0,Neutral,0.23386666666666667,40.0,v2.0,English,Payment Reminder,1,0.0,0,Low,0.0,3.0,1.0,4.0,Premium,26-35,Credit Card
3456,78d093f4-ef5e-4e05-8635-efcb770eb705,1533,2026-06-01 15:11:44,1,5.0,0.7940333333333335,1,Positive,0.36353333333333343,35.0,v1.0,Hindi,Payment Reminder,1,0.0,0,Low,0.0,2.0,1.0,2.0,Mass,36-45,Home Loan
9286,4ef03934-b7d7-4f28-a019-b54b89726eca,39,2026-06-01 16:09:55,0,13.0,0.7706666666666666,0,Neutral,0.4339666666666666,29.0,v1.0,Tamil,Insurance Renewal,1,7.0,1-30,Low,29092.49,4.0,1.0,4.0,Mass,46-55,Home Loan
5993,ce4bcc17-6989-4d3c-934c-a47595d81223,1637,2026-06-01 16:16:17,0,12.0,0.9130333333333334,0,Positive,0.32649999999999996,52.0,v2.0,English,Loan Collections,2,0.0,0,Low,0.0,4.0,0.0,1.0,Mass,46-55,Home Loan
1022,ab26e50c-275c-4fb5-b72b-e6cb16bfd9c0,1431,2026-06-01 17:14:46,1,18.0,0.42629999999999996,1,Negative,-0.27763333333333334,35.0,v1.0,Hindi,Customer Support,1,99.0,90+,High,54627.62,1.0,0.0,0.0,Premium,36-45,Home Loan
5835,a644dfd7-868b-4241-9e3b-18c473f33e7b,844,2026-06-01 17:15:27,0,12.0,0.7406,0,Neutral,-0.09193333333333333,35.0,v1.0,Hindi,Loan Collections,2,26.0,1-30,Low,43819.16,1.0,0.0,0.0,Premium,36-45,Auto Loan
9429,495c9ca2-f555-4721-86fb-4522dfb2cf3d,1208,2026-06-01 17:27:29,0,14.0,0.8661333333333333,0,Positive,0.0984,31.0,v2.0,English,Loan Collections,3,0.0,0,Low,0.0,6.0,0.0,2.0,Mass,36-45,Personal Loan
6761,08de767c-e54f-4116-98c2-69307d483b28,195,2026-06-01 17:38:46,0,1.0,0.7579333333333333,0,Positive,0.11626666666666667,29.0,v1.0,Tamil,Lead Qualification,3,10.0,1-30,Low,59629.38,6.0,1.0,5.0,Mass,36-45,Personal Loan
6305,042c16e4-9c03-411d-98dd-d42d1042da68,1138,2026-06-01 17:51:12,0,16.0,0.8271666666666667,1,Positive,0.4343333333333333,32.0,v1.1,English,Loan Collections,2,0.0,0,Low,0.0,4.0,0.0,0.0,Premium,46-55,Auto Loan
8121,ca5e631a-fbb3-48d1-bd6c-63619dc94e29,918,2026-06-01 18:41:14,0,1.0,0.8399,1,Positive,0.47246666666666665,42.0,v1.0,Tamil,Lead Qualification,1,0.0,0,Low,0.0,1.0,0.0,0.0,Mass,18-25,Credit Card
5214,3f8e3892-597e-4599-9bf8-9c85c865152c,1216,2026-06-01 18:44:44,1,3.0,0.40313333333333334,1,Negative,-0.35023333333333334,26.0,v1.0,Telugu,Loan Application,1,0.0,0,Low,0.0,2.0,0.0,1.0,Mass,46-55,Personal Loan
8066,fd2cbaf1-2c6b-4f6b-a6b0-356a973823ca,723,2026-06-01 19:10:40,1,14.0,0.5238666666666666,2,Neutral,-0.1904,50.0,v1.1,English,Loan Collections,1,69.0,61-90,High,37016.99,3.0,1.0,2.0,Wealth,36-45,Personal Loan
1029,7a212daa-8562-4514-90be-54aa6e7f594c,996,2026-06-01 19:15:53,1,11.0,0.5182666666666668,2,Neutral,-0.262,32.0,v1.0,English,Loan Collections,1,0.0,0,Low,0.0,1.0,0.0,1.0,Mass,18-25,Credit Card
9345,4657300c-a534-4efc-a9a8-56de6cb8ef68,365,2026-06-01 19:22:14,0,19.0,0.7401,1,Neutral,0.09676666666666667,35.0,v1.0,English,Insurance Renewal,2,0.0,0,Low,0.0,2.0,0.0,0.0,Mass,26-35,Credit Card
9553,add35835-5d5e-481d-8c75-2fb282193e75,776,2026-06-02 08:22:01,1,,0.1922,3,Neutral,-0.0956,28.0,v1.0,English,Payment Reminder,1,0.0,0,Low,0.0,2.0,0.0,1.0,High Value,18-25,Personal Loan
6022,71ccec93-d790-43d5-bb27-e805e6501f3a,848,2026-06-02 09:14:07,1,3.0,0.6494333333333333,1,Neutral,0.028700000000000003,40.0,v1.1,English,Loan Collections,5,0.0,0,Low,0.0,4.0,1.0,2.0,Mass,46-55,Personal Loan
8688,ba4237a0-b902-4165-be52-4a662ab2c85d,1130,2026-06-02 12:19:59,0,10.0,0.7321,1,Positive,0.3955,34.0,v1.0,English,Loan Application,1,0.0,0,Low,0.0,3.0,1.0,4.0,Premium,26-35,Auto Loan
7462,986278c1-2eb7-44c4-8bb0-0722b9490da4,78,2026-06-02 13:22:42,0,7.0,0.7557999999999999,1,Neutral,0.2652666666666667,29.0,v1.0,English,Loan Application,2,0.0,0,Low,0.0,2.0,1.0,3.0,Mass,36-45,Personal Loan
4933,de55e88d-2f3a-4e21-970e-6a6f5d26c1a6,972,2026-06-02 13:33:00,0,2.0,0.8548666666666667,1,Positive,0.4136,36.0,v2.0,English,Loan Application,1,0.0,0,Low,0.0,1.0,0.0,0.0,Mass,46-55,Credit Card
2360,d14c58f5-4128-443d-9f43-72a7e0f00f4f,1550,2026-06-02 14:42:50,1,7.0,0.8006333333333333,2,Positive,0.44059999999999994,34.0,v1.0,English,Customer Support,1,0.0,0,Low,0.0,2.0,0.0,2.0,Premium,36-45,Credit Card
2363,d659cee9-f5c6-4c8a-84cb-df7ee09d433f,1643,2026-06-02 14:42:59,0,13.0,0.8503333333333334,2,Positive,0.46153333333333335,41.0,v1.1,English,Lead Qualification,1,0.0,0,Low,0.0,2.0,1.0,1.0,Mass,26-35,Credit Card
1430,21c3d68f-1a78-4bbb-9517-68486f23c67e,626,2026-06-02 16:05:50,1,17.0,0.38276666666666664,2,Negative,-0.2871666666666667,41.0,v1.0,Hindi,Payment Reminder,2,0.0,0,Low,0.0,10.0,1.0,5.0,Mass,26-35,Auto Loan
9400,c6bf88ff-76e8-404c-8ab6-2286e01da94f,1082,2026-06-02 17:56:35,1,,0.6204333333333333,3,Negative,-0.1738333333333333,33.0,v1.0,Hindi,Payment Reminder,2,18.0,1-30,Low,1000.0,12.0,2.0,8.0,Mass,36-45,Personal Loan
8341,1e6a955b-75b8-4d9b-986b-63ae8d123a9f,637,2026-06-02 18:33:32,1,16.0,0.29436666666666667,1,Negative,-0.5066333333333334,33.0,v1.0,English,Loan Application,2,99.0,90+,High,67383.52,3.0,1.0,3.0,Mass,56-65,Credit Card
3315,58377a33-d67f-4642-8b13-765c37d83e92,1603,2026-06-03 08:29:44,1,,0.28813333333333335,3,Neutral,-0.4377,60.0,v1.0,Telugu,Lead Qualification,1,100.0,90+,High,46055.15,5.0,1.0,3.0,Premium,36-45,Credit Card
3135,c850501e-7979-4c01-96fc-77cd518fd389,665,2026-06-03 08:52:56,0,8.0,0.8108333333333334,0,Neutral,0.2832333333333333,34.0,v1.1,English,Insurance Renewal,2,31.0,31-60,Medium,94659.76,5.0,0.0,1.0,Premium,56-65,Personal Loan
2440,c98840aa-07ef-4be0-9c70-c1728312aca5,1263,2026-06-03 09:16:05,1,13.0,0.8783666666666666,2,Neutral,0.24333333333333332,41.0,v1.1,English,Insurance Renewal,1,0.0,0,Low,0.0,3.0,1.0,2.0,Mass,46-55,Credit Card
663,0145c780-40ca-4634-864d-4965919eaead,347,2026-06-03 09:17:47,0,9.0,0.8428333333333334,1,Neutral,0.21566666666666667,32.0,v1.1,English,Insurance Renewal,1,36.0,31-60,Medium,22764.82,3.0,0.0,1.0,Mass,26-35,Credit Card
7157,10e503b4-a5e9-4524-bf7e-17417264657c,1434,2026-06-03 09:43:00,0,13.0,0.8672666666666666,1,Positive,0.19456666666666667,34.0,v1.1,English,Lead Qualification,1,0.0,0,Low,0.0,4.0,0.0,1.0,Wealth,18-25,Personal Loan
3140,c507de95-4bc0-40d6-8d17-764d7cfc150a,814,2026-06-03 11:33:21,0,16.0,0.8137666666666666,0,Neutral,0.40633333333333327,24.0,v1.0,Hindi,Loan Collections,2,6.0,1-30,Low,59919.7,5.0,2.0,7.0,High Value,46-55,Personal Loan
5411,d6f4f73c-f316-4516-94c1-2155dd8510d6,1288,2026-06-03 11:41:21,1,2.0,0.365,2,Negative,-0.43063333333333337,31.0,v1.0,Tamil,Lead Qualification,2,74.0,61-90,High,87190.63,6.0,2.0,4.0,Mass,36-45,Personal Loan
6837,1cb5aefb-1be9-45ac-b8aa-bb64b1a3fb98,1530,2026-06-03 11:56:41,1,4.0,0.7915000000000001,2,Positive,0.23603333333333332,43.0,v1.1,English,Payment Reminder,2,0.0,0,Low,0.0,5.0,1.0,2.0,Mass,46-55,Credit Card
6098,38209bea-5e98-4e2f-81f2-5290524c38b2,162,2026-06-03 14:11:28,1,8.0,0.4031,2,Negative,-0.3626333333333333,33.0,v1.0,Hindi,Loan Application,1,0.0,0,Low,0.0,3.0,0.0,2.0,Mass,36-45,Personal Loan
473,44892a19-388d-4497-98f5-3b9d7cdd4a86,1328,2026-06-03 15:39:34,0,10.0,0.8316333333333333,0,Positive,0.5165333333333334,31.0,v1.0,Hindi,Loan Collections,2,12.0,1-30,Low,37827.55,6.0,2.0,4.0,Wealth,26-35,Auto Loan
9945,a9d79893-f4d6-4953-8f8e-cccef4274ee5,1198,2026-06-04 09:22:34,1,15.0,0.49013333333333337,0,Neutral,-0.21819999999999998,40.0,v1.0,English,Loan Collections,1,85.0,61-90,High,65434.82,4.0,0.0,1.0,Mass,36-45,Personal Loan
2934,c36b27e3-ff41-44b2-b575-d28423609133,1216,2026-06-04 09:42:05,1,6.0,0.3204,2,Neutral,-0.3549333333333333,40.0,v1.0,Hindi,Loan Collections,1,58.0,31-60,Medium,15243.27,3.0,1.0,2.0,Mass,46-55,Personal Loan
9253,17bed468-07f2-4b7d-a915-fce4d52036e9,1056,2026-06-04 11:03:37,0,1.0,0.7651,1,Positive,0.3618333333333334,30.0,v1.0,Telugu,Insurance Renewal,1,0.0,0,Low,0.0,4.0,1.0,6.0,Premium,65+,Auto Loan
2544,2fd1aeca-5cbd-44ab-86bd-89104fe41414,1157,2026-06-04 11:39:08,0,12.0,0.6938666666666666,1,Positive,0.38743333333333335,32.0,v1.0,Hindi,Loan Collections,2,26.0,1-30,Low,52926.69,6.0,2.0,5.0,Premium,46-55,Personal Loan
359,b4279f61-bc09-426f-9779-7ba799b70c3d,86,2026-06-04 12:25:29,1,14.0,0.6762666666666667,1,Positive,0.25193333333333334,20.0,v1.0,Tamil,Lead Qualification,2,0.0,0,Low,0.0,3.0,1.0,2.0,Mass,46-55,Credit Card
972,6e8fc19a-5d6e-4813-8277-bfc6fdbdeb60,1145,2026-06-04 12:30:32,1,14.0,0.5640999999999999,2,Neutral,-0.03790000000000001,45.0,v1.0,Tamil,Payment Reminder,1,0.0,0,Low,0.0,2.0,1.0,2.0,Mass,36-45,Credit Card
6825,ccfb7f30-d9c4-49da-a023-0434a1882be5,954,2026-06-04 12:41:32,1,4.0,0.6562666666666667,2,Neutral,0.04996666666666668,34.0,v1.0,Hindi,Loan Application,3,0.0,0,Low,0.0,3.0,1.0,2.0,Mass,18-25,Auto Loan
6101,9103ec4c-c685-47f5-8d86-58a405392345,652,2026-06-04 13:03:47,1,11.0,0.8746999999999999,1,Neutral,0.30556666666666665,29.0,v1.0,Telugu,Lead Qualification,2,0.0,0,Low,0.0,4.0,1.0,3.0,Mass,26-35,Home Loan
4438,0ad62581-20a5-4fd6-925b-80446bc36ed0,221,2026-06-04 15:06:36,1,,0.21319999999999997,3,Neutral,-0.2881,29.0,v1.0,Telugu,Customer Support,1,0.0,0,Low,0.0,3.0,1.0,2.0,Mass,36-45,Personal Loan
8884,4a055f5c-4c18-49cf-839b-62a26e6ae37f,1471,2026-06-04 15:33:34,1,8.0,0.7050666666666667,1,Negative,-0.1873,21.0,v1.0,Telugu,Insurance Renewal,1,52.0,31-60,Medium,47073.65,7.0,2.0,6.0,Mass,36-45,Credit Card
494,a028449c-a564-41b0-beb0-c70497d3295c,514,2026-06-04 16:15:14,1,,0.6899333333333333,3,Neutral,0.10826666666666666,25.0,v1.0,Telugu,Lead Qualification,1,0.0,0,Low,0.0,1.0,1.0,4.0,High Value,36-45,Home Loan
5904,798572b7-374e-4c36-b10f-f01a487325b1,1322,2026-06-04 17:38:11,0,4.0,0.5394,1,Neutral,0.11023333333333334,31.0,v1.0,Hindi,Payment Reminder,1,0.0,0,Low,0.0,2.0,0.0,1.0,High Value,46-55,Personal Loan
5563,917bd5a8-7615-4783-b643-1878545685a7,1184,2026-06-04 18:10:42,0,1.0,0.6921333333333334,1,Positive,0.4439333333333333,33.0,v1.0,English,Loan Collections,2,0.0,0,Low,0.0,6.0,1.0,3.0,Mass,36-45,Personal Loan
7732,f697251c-1a92-4ab8-b065-752ea8e7e1a6,1509,2026-06-04 18:11:10,0,15.0,0.48200000000000004,1,Neutral,-0.26463333333333333,50.0,v1.0,Tamil,Loan Collections,1,0.0,0,Low,0.0,2.0,0.0,2.0,Premium,18-25,
7133,89b718d5-1eb5-4b9f-850e-e77f7541b644,552,2026-06-04 18:11:15,0,7.0,0.7917333333333333,0,Positive,0.3199,41.0,v1.0,Tamil,Loan Collections,4,0.0,0,Low,0.0,10.0,2.0,7.0,Mass,56-65,Credit Card
1264,d86252e4-e853-4a81-ade0-0b6a0988e7ff,355,2026-06-04 18:20:44,1,8.0,0.7904,1,Neutral,0.09949999999999999,41.0,v1.0,Tamil,Lead Qualification,1,0.0,0,Low,0.0,3.0,0.0,2.0,Premium,36-45,Credit Card
4349,e6e2cc85-66cf-4449-a650-ee31f920860d,1996,2026-06-04 19:40:16,0,8.0,0.6838000000000001,1,Neutral,0.11816666666666666,40.0,v1.0,English,Loan Collections,1,0.0,0,Low,0.0,4.0,1.0,2.0,Mass,26-35,Personal Loan
7321,6498511a-d57e-403c-a366-37996053de9e,1112,2026-06-05 08:42:49,0,14.0,0.8458,0,Neutral,0.22046666666666667,29.0,v2.0,English,Insurance Renewal,2,0.0,0,Low,0.0,2.0,0.0,0.0,Mass,36-45,Personal Loan
2535,a737addb-d02d-41d5-8982-847a6cae22f5,574,2026-06-05 08:52:15,1,3.0,0.3237333333333334,2,Negative,-0.5314666666666666,38.0,v1.0,Telugu,Customer Support,1,63.0,61-90,High,105567.17,4.0,1.0,6.0,Mass,46-55,Auto Loan
3616,744e1aef-bccf-4d9a-899c-7c841f77cce6,1230,2026-06-05 08:55:03,0,5.0,0.8506,1,Neutral,0.29986666666666667,24.0,v1.0,Telugu,Customer Support,1,0.0,0,Low,0.0,3.0,0.0,0.0,Mass,46-55,Credit Card
4463,8ad9aec2-3e3b-4701-875d-4940ec25539b,1789,2026-06-05 09:31:47,1,16.0,0.6275666666666667,1,Neutral,-0.004233333333333329,42.0,v1.0,English,Loan Collections,2,39.0,31-60,Medium,27938.46,7.0,1.0,4.0,Mass,36-45,Auto Loan
9683,999c5df8-9b77-497c-85f7-20aee52a1e22,1431,2026-06-05 10:08:56,0,9.0,0.8906333333333333,0,Neutral,0.09636666666666667,28.0,v1.1,English,Loan Application,2,0.0,0,Low,0.0,2.0,1.0,3.0,Premium,36-45,Home Loan
2186,5056199b-d8e8-4c1d-a144-58015f235ab2,354,2026-06-05 10:16:49,0,1.0,0.8922333333333333,0,Positive,0.6685333333333333,33.0,v1.0,Tamil,Lead Qualification,1,0.0,0,Low,0.0,2.0,0.0,1.0,Mass,46-55,Credit Card
3610,d196c688-a579-487a-b26a-6b5620e0fd23,553,2026-06-05 11:01:58,1,14.0,0.5074,2,Negative,-0.23066666666666666,37.0,v1.1,English,Customer Support,2,72.0,61-90,High,43433.07,7.0,2.0,6.0,Mass,36-45,Home Loan
1089,f1dc4eef-7ea0-49f6-91b9-cdcc93dbf108,1792,2026-06-05 12:45:06,1,8.0,0.4282333333333333,1,Neutral,-0.11120000000000001,49.0,v1.0,Tamil,Customer Support,1,92.0,90+,High,61965.38,5.0,1.0,3.0,Mass,18-25,Auto Loan
1167,0d238932-7e69-40fd-b94b-338b0d53102c,569,2026-06-05 13:03:58,0,3.0,0.8128000000000001,0,Neutral,0.36169999999999997,29.0,v2.0,English,Loan Collections,1,0.0,0,Low,0.0,3.0,1.0,3.0,Premium,18-25,Credit Card
317,85213803-f31d-4d6c-b2c4-191333c945d3,1122,2026-06-05 13:28:03,1,13.0,0.8129666666666667,2,Neutral,0.3141,26.0,v1.0,English,Lead Qualification,3,0.0,0,Low,0.0,7.0,1.0,6.0,Mass,36-45,Personal Loan
6471,646ab6cb-3707-45cb-9cd9-0eece7f9326a,1464,2026-06-05 13:49:20,1,10.0,0.3927,2,Neutral,0.034499999999999996,36.0,v1.0,Tamil,Loan Application,3,0.0,0,Low,0.0,6.0,0.0,3.0,Mass,36-45,Credit Card
7431,aedaee2c-f883-42ff-a8fa-756d284f0c16,1531,2026-06-05 14:03:56,0,13.0,0.8704999999999999,0,Positive,0.45669999999999994,33.0,v2.0,English,Loan Application,1,40.0,31-60,Medium,49371.55,3.0,0.0,0.0,Mass,46-55,Credit Card
9690,892c5dce-fd98-4553-baaf-a4ec41217be5,429,2026-06-05 14:30:15,1,16.0,0.6096,1,Neutral,-0.1837,21.0,v1.0,Telugu,Insurance Renewal,1,71.0,61-90,High,69578.42,7.0,4.0,11.0,Mass,26-35,Credit Card
9624,1402a464-327f-4669-9cf2-27079abca50a,1760,2026-06-05 16:11:13,0,19.0,0.7843333333333332,1,Positive,0.2564666666666667,43.0,v1.0,Telugu,Lead Qualification,2,0.0,0,Low,0.0,7.0,1.0,2.0,Mass,26-35,Personal Loan
557,d84daebb-bcab-43aa-af3a-38b905627e95,832,2026-06-05 17:30:36,0,1.0,0.8931,0,Positive,0.4169666666666667,34.0,v1.0,Hindi,Loan Collections,1,0.0,0,Low,0.0,7.0,0.0,1.0,Premium,36-45,Personal Loan
6818,80198e31-f9f8-4dcd-9ab4-dd91c73d99b2,1788,2026-06-05 17:39:28,1,14.0,0.7416666666666667,1,Positive,0.25703333333333334,24.0,v2.0,English,Lead Qualification,2,77.0,61-90,High,37477.35,5.0,1.0,3.0,Mass,18-25,Credit Card
7831,6034869a-a77a-4a69-8eb9-c35c6987dc4a,1460,2026-06-05 17:47:54,0,10.0,0.8788333333333332,0,Positive,0.48786666666666667,27.0,v2.0,English,Loan Application,1,0.0,0,Low,0.0,4.0,1.0,3.0,Premium,18-25,Auto Loan
7472,55f46e08-da62-4391-a2e2-220f3f053d60,1036,2026-06-05 18:06:05,1,17.0,0.41386666666666666,1,Negative,-0.062233333333333335,43.0,v1.1,English,Customer Support,1,13.0,1-30,Low,16518.88,1.0,0.0,0.0,Mass,36-45,Personal Loan
1915,f5d6c126-76d7-4fe3-a568-804d8892581f,828,2026-06-05 19:15:37,0,1.0,0.9594333333333332,0,Positive,0.6454666666666666,32.0,v2.0,English,Loan Application,1,0.0,0,Low,0.0,4.0,1.0,6.0,High Value,36-45,Personal Loan
9695,0246b67a-b5b9-4dee-a857-08ab2e56abe9,1951,2026-06-05 19:39:20,0,1.0,0.95975,0,Positive,0.7620666666666667,41.0,v2.0,English,Loan Collections,2,0.0,0,Low,0.0,4.0,2.0,6.0,Mass,65+,Credit Card
3580,2aa8a3f4-7903-4b43-980d-ce5e3d6db635,1055,2026-06-06 08:40:35,0,6.0,0.7828666666666667,1,Neutral,0.2818,38.0,v2.0,English,Loan Application,2,0.0,0,Low,0.0,2.0,0.0,1.0,Premium,46-55,Credit Card
6259,4b3a67e0-1081-465b-879b-5158d9405b8f,68,2026-06-06 09:01:59,1,8.0,0.8801333333333333,1,Positive,0.45293333333333335,41.0,v1.1,English,Loan Application,2,0.0,0,Low,0.0,4.0,1.0,3.0,Mass,36-45,Auto Loan
4958,87cfb24d-b284-4738-b2fe-04687caf90f8,1596,2026-06-06 09:09:52,0,9.0,0.9348666666666666,1,Positive,0.6161333333333333,18.0,v2.0,English,Loan Collections,1,0.0,0,Low,0.0,5.0,2.0,2.0,High Value,26-35,Credit Card
262,66d5075a-5b91-4b7e-93cc-51c02dd8dd25,1918,2026-06-06 10:29:22,1,2.0,0.4393666666666666,2,Negative,-0.3757,39.0,v1.0,Tamil,Customer Support,1,60.0,31-60,Medium,61040.46,3.0,0.0,1.0,Mass,26-35,Credit Card
2292,6c37f640-7084-4d3d-9dde-04ad122f4317,1801,2026-06-06 10:36:39,1,,0.9199666666666667,3,Positive,0.5560333333333333,24.0,v1.1,English,Lead Qualification,1,0.0,0,Low,0.0,4.0,1.0,2.0,Mass,26-35,Personal Loan
1749,e04d4ffd-46c2-414c-974a-45e589ae18b2,1342,2026-06-06 10:52:59,1,,0.35716666666666663,3,Negative,-0.43956666666666666,33.0,v1.0,Hindi,Insurance Renewal,1,91.0,90+,High,35848.83,2.0,0.0,1.0,Premium,36-45,Personal Loan
3040,3cf47c3e-247b-467d-88c5-6bfca9a7c726,539,2026-06-06 11:07:22,1,4.0,0.4682,1,Negative,-0.2859333333333333,36.0,v1.0,Hindi,Lead Qualification,1,31.0,31-60,Medium,55669.92,1.0,0.0,0.0,Mass,26-35,
3072,ce5c5683-64a5-44e4-a045-d99ff3afc973,1578,2026-06-06 11:50:40,1,19.0,0.49920000000000003,0,Neutral,0.1949,28.0,v2.0,English,Payment Reminder,2,111.0,90+,High,33357.25,2.0,0.0,1.0,Mass,46-55,Personal Loan
7188,a00a6439-555b-4345-ae7e-ba16b68a5879,992,2026-06-06 12:02:57,0,11.0,0.8416666666666667,0,Positive,0.31456666666666666,32.0,v1.0,English,Insurance Renewal,1,0.0,0,Low,0.0,1.0,0.0,1.0,Mass,56-65,
9975,ace47f31-ef9c-4b45-ae82-139e42ab0ca1,625,2026-06-06 13:17:29,0,9.0,0.7917333333333333,1,Positive,0.2076,39.0,v1.0,Telugu,Insurance Renewal,2,0.0,0,Low,0.0,7.0,0.0,1.0,Mass,46-55,Home Loan
1082,1ee2b36f-d0e0-4af3-8b40-781b23b77b15,1037,2026-06-06 13:50:22,0,7.0,0.8988333333333335,0,Positive,0.4236333333333333,39.0,v1.1,English,Loan Collections,1,0.0,0,Low,0.0,2.0,0.0,1.0,Mass,56-65,
7508,88c394c4-db63-4ffe-84ac-e44087537f04,421,2026-06-06 15:05:40,0,6.0,0.8772666666666668,0,Neutral,0.3192333333333333,33.0,v1.0,English,Customer Support,2,0.0,0,Low,0.0,4.0,1.0,2.0,Mass,18-25,Personal Loan
6665,22842c5f-f57f-467a-a8a0-209ea8242e1c,526,2026-06-06 16:12:27,0,19.0,0.9110333333333333,0,Positive,0.6456333333333334,41.0,v2.0,English,Insurance Renewal,2,24.0,1-30,Low,38980.66,2.0,1.0,2.0,Wealth,56-65,Home Loan
9890,2c412ff3-109a-4d25-9a29-12a79e98ce17,568,2026-06-06 16:31:13,0,11.0,0.7871666666666667,0,Neutral,0.15646666666666667,42.0,v1.0,Tamil,Loan Collections,2,0.0,0,Low,0.0,2.0,0.0,0.0,Mass,26-35,Personal Loan
1134,87fb3534-9a8f-4072-bb6b-e6a936279d3e,260,2026-06-06 16:56:55,1,8.0,0.6115,1,Positive,0.013400000000000004,32.0,v1.0,Telugu,Payment Reminder,1,13.0,1-30,Low,80219.59,2.0,1.0,2.0,Mass,26-35,Credit Card
1095,a54dbe2c-ad77-46b9-ad98-ac24ce96833c,1995,2026-06-06 17:10:29,0,5.0,0.8460333333333333,2,Neutral,0.49756666666666666,40.0,v1.0,Tamil,Loan Collections,2,17.0,1-30,Low,66417.16,6.0,3.0,10.0,Premium,36-45,Personal Loan
121,32a559aa-e543-40af-9988-977a6eeb35c3,1330,2026-06-06 17:11:49,1,11.0,0.6990666666666666,1,Neutral,-0.10396666666666665,28.0,v1.0,Tamil,Insurance Renewal,4,76.0,61-90,High,42269.32,8.0,1.0,4.0,Mass,26-35,Credit Card
4546,3770a7e9-df04-402f-be33-b8eef62a69f0,1216,2026-06-06 19:06:32,0,8.0,0.7162666666666667,1,Neutral,0.0666,47.0,v1.0,Tamil,Lead Qualification,3,0.0,0,Low,0.0,4.0,2.0,5.0,Mass,46-55,Personal Loan
4431,24c61f67-5be8-4bb4-bfc6-9ae397ccb0d2,943,2026-06-06 19:45:31,0,12.0,0.8928666666666668,0,Positive,0.3909,38.0,v1.1,English,Lead Qualification,2,0.0,0,Low,0.0,4.0,2.0,4.0,Mass,36-45,Credit Card
6000,6b762044-3967-441e-ae57-ee769783daf9,1802,2026-06-07 08:52:15,0,17.0,0.8058000000000001,0,Neutral,0.011866666666666664,44.0,v2.0,English,Loan Collections,1,0.0,0,Low,0.0,4.0,1.0,2.0,Mass,26-35,Personal Loan
8948,b2d0baa3-a157-4fa0-8cb1-8ae9b897d7a1,1244,2026-06-07 09:19:00,0,13.0,0.7307,0,Neutral,-0.09066666666666667,32.0,v1.0,English,Insurance Renewal,1,0.0,0,Low,0.0,3.0,0.0,2.0,Premium,46-55,Personal Loan
2128,86756344-0a27-49ba-9259-9046dae03714,992,2026-06-07 10:03:29,1,13.0,0.5330666666666667,1,Neutral,0.1594,38.0,v1.0,Telugu,Insurance Renewal,2,71.0,61-90,High,46712.32,2.0,0.0,1.0,Mass,56-65,
9028,b7551053-ca2f-444c-a5e0-a71d97f5aafc,1760,2026-06-07 12:35:53,1,11.0,0.6239333333333333,2,Positive,-0.03989999999999999,40.0,v2.0,English,Loan Application,2,76.0,61-90,High,54461.43,8.0,1.0,3.0,Mass,26-35,Personal Loan
3248,0c16afec-2301-48d1-99ef-5d45c5d3eaab,1079,2026-06-07 13:01:54,1,,0.3369,3,Negative,-0.27386666666666665,36.0,v1.0,Telugu,Lead Qualification,1,69.0,61-90,High,70032.33,1.0,0.0,0.0,Premium,36-45,Personal Loan
7161,fc3a6194-6521-4843-80ba-a862f75934e8,651,2026-06-07 13:35:39,0,3.0,0.9387666666666666,1,Positive,0.20843333333333333,30.0,v1.0,Telugu,Loan Application,2,0.0,0,Low,0.0,6.0,0.0,1.0,Mass,26-35,Home Loan
9831,e99228fd-7ae4-45a8-86f0-0e2b7613046a,1866,2026-06-07 14:14:47,0,10.0,0.8424333333333335,0,Positive,0.3940666666666666,39.0,v1.0,Hindi,Customer Support,2,0.0,0,Low,0.0,7.0,1.0,3.0,Mass,46-55,
1231,1fa3bec4-41e3-4be1-b2fd-06ebfaa4d258,1973,2026-06-07 15:05:47,1,17.0,0.4401,2,Neutral,-0.14459999999999998,31.0,v1.0,Telugu,Customer Support,1,0.0,0,Low,0.0,2.0,1.0,2.0,Mass,18-25,Credit Card
5393,2fe35ef8-90cd-4208-9f51-7a13a762baa6,1285,2026-06-07 15:22:08,0,7.0,0.7983666666666668,1,Neutral,0.2594,28.0,v1.0,English,Payment Reminder,1,0.0,0,Low,0.0,6.0,1.0,3.0,Premium,18-25,Credit Card
3090,9330434f-558a-4e5b-815b-845c89f29358,1831,2026-06-07 16:25:40,1,19.0,0.6106333333333334,1,Positive,0.13846666666666665,29.0,v1.0,Tamil,Payment Reminder,1,93.0,90+,High,48737.65,6.0,1.0,2.0,Mass,18-25,Credit Card
8460,a806fe3c-6c2d-415a-90d6-98bfd117fc97,675,2026-06-07 16:49:38,0,1.0,0.8468666666666667,2,Positive,0.5206333333333334,38.0,v1.0,Hindi,Loan Collections,1,0.0,0,Low,0.0,2.0,0.0,1.0,Premium,36-45,Personal Loan
5810,eed2f35b-a5a6-4c5a-a89e-7d52ec14c462,451,2026-06-07 17:14:25,1,,0.3339666666666667,3,Negative,-0.30593333333333333,34.0,v1.0,Hindi,Loan Collections,1,34.0,31-60,Medium,63342.37,4.0,1.0,5.0,Mass,18-25,Home Loan
5700,bc1e505c-8d17-4fba-9062-1be42c78e574,105,2026-06-07 18:17:14,0,1.0,0.7582666666666666,0,Positive,0.2285,34.0,v1.0,English,Insurance Renewal,2,0.0,0,Low,0.0,4.0,0.0,2.0,High Value,18-25,Personal Loan
4557,00927726-f7f0-4cbc-8a61-f04f2c951623,1649,2026-06-07 19:26:21,0,5.0,0.8690333333333333,0,Positive,0.5017999999999999,42.0,v1.0,English,Loan Application,1,0.0,0,Low,0.0,4.0,2.0,6.0,Mass,46-55,Credit Card
2133,5a831abc-a875-475e-95fe-81766ce6c50b,185,2026-06-07 19:47:38,1,13.0,0.34593333333333337,2,Negative,-0.5652666666666667,32.0,v1.0,Tamil,Payment Reminder,1,68.0,61-90,High,8133.31,4.0,2.0,5.0,Premium,46-55,Personal Loan
2140,96c701a3-aa6d-4f6b-bec9-09ca23c35735,1368,2026-06-08 08:11:10,0,2.0,0.8382999999999999,0,Neutral,0.2819,37.0,v1.1,English,Insurance Renewal,1,0.0,0,Low,0.0,4.0,0.0,0.0,Mass,36-45,Home Loan
964,04c041fb-3437-4e46-bc6e-37074daf3fff,1572,2026-06-08 09:16:24,1,6.0,0.30233333333333334,1,Negative,-0.2901,32.0,v1.0,Telugu,Lead Qualification,4,94.0,90+,High,15381.66,7.0,1.0,4.0,Mass,36-45,Home Loan
9631,88525187-d894-48c3-b958-5ceab6287cc3,1574,2026-06-08 11:26:37,1,7.0,0.6890666666666667,1,Neutral,0.14306666666666668,39.0,v1.0,Telugu,Insurance Renewal,1,49.0,31-60,Medium,67026.25,2.0,0.0,0.0,High Value,18-25,Credit Card
1976,a16f3759-451f-4990-af6d-066aaaebdb08,1824,2026-06-08 14:40:51,1,19.0,0.3626,2,Negative,-0.40886666666666666,30.0,v1.0,English,Loan Collections,1,89.0,61-90,High,41912.34,1.0,1.0,1.0,Premium,36-45,Credit Card
6233,b4aba1be-0d75-4c4f-a142-ec7a93cbe8a6,963,2026-06-08 14:48:55,1,3.0,0.4519666666666667,1,Negative,-0.36293333333333333,32.0,v1.0,Tamil,Loan Collections,1,50.0,31-60,Medium,34717.71,5.0,2.0,4.0,Premium,56-65,Auto Loan
4263,581704cb-39e1-4871-9c1f-3f0a7eb43e51,594,2026-06-08 14:58:11,1,13.0,0.6392666666666668,1,Positive,0.2932333333333333,39.0,v1.0,English,Payment Reminder,1,0.0,0,Low,0.0,5.0,0.0,1.0,Mass,18-25,Home Loan
5496,ad6b0a76-1968-4f61-b63e-031c93ee9f71,91,2026-06-08 17:03:01,0,9.0,0.8806333333333333,0,Positive,0.5069666666666667,39.0,v1.1,English,Insurance Renewal,2,0.0,0,Low,0.0,7.0,2.0,4.0,Mass,26-35,Personal Loan
5547,c356a700-32a5-4b2a-9a70-160d14497521,911,2026-06-08 17:39:50,0,9.0,0.8485666666666667,2,Positive,0.43346666666666667,33.0,v1.1,English,Loan Collections,1,20.0,1-30,Low,12537.17,4.0,0.0,1.0,Premium,18-25,
8837,7d0dc76b-6b53-466b-ba37-5b38e9548854,1207,2026-06-08 18:47:40,0,5.0,0.9528666666666666,0,Positive,0.7378666666666667,30.0,v2.0,English,Lead Qualification,2,0.0,0,Low,0.0,6.0,2.0,4.0,Mass,36-45,Personal Loan
2294,42587cc7-04ac-4793-9801-3d1d68deb4cc,1556,2026-06-08 19:33:02,1,,0.30096666666666666,3,Negative,-0.3818,33.0,v1.0,Telugu,Loan Application,1,73.0,61-90,High,61986.69,2.0,0.0,0.0,Mass,36-45,Personal Loan
4222,9c45e931-8100-4e98-9baf-3a296b53fd37,295,2026-06-08 19:38:33,1,,0.2546333333333333,3,Negative,-0.13749999999999998,30.0,v1.0,Telugu,Lead Qualification,2,0.0,0,Low,0.0,5.0,1.0,2.0,Mass,46-55,
9827,6eb1d2df-cb34-48bb-9030-8add94a9a2f4,736,2026-06-08 19:54:18,1,16.0,0.45733333333333337,1,Negative,0.009866666666666671,29.0,v1.0,Tamil,Payment Reminder,1,97.0,90+,High,37897.46,4.0,1.0,3.0,Premium,18-25,
1916,0e9c31a2-daef-4a38-bdc8-f78044e99a2b,1745,2026-06-09 08:23:56,1,8.0,0.3335000000000001,1,Negative,-0.3732,50.0,v1.0,English,Lead Qualification,1,53.0,31-60,Medium,52247.7,4.0,2.0,5.0,Mass,18-25,Personal Loan
6334,c8caad1c-3d9c-464b-a25a-fdad5018540b,1326,2026-06-09 09:29:34,0,4.0,0.5745333333333333,0,Neutral,-0.10656666666666666,39.0,v1.0,Hindi,Customer Support,1,0.0,0,Low,0.0,0.0,0.0,0.0,Mass,56-65,Personal Loan
1216,9001d5b4-97ae-4457-85f8-e3064939c7b4,1908,2026-06-09 10:36:27,1,,0.2363333333333333,3,Negative,-0.6930999999999999,34.0,v1.0,Telugu,Customer Support,1,81.0,61-90,High,32675.52,6.0,1.0,5.0,Premium,18-25,Home Loan
9186,ee08b4ab-a543-4916-bd22-86e0ae0e224e,1899,2026-06-09 10:38:14,0,2.0,0.6370999999999999,0,Neutral,0.23750000000000002,26.0,v1.0,Telugu,Payment Reminder,1,0.0,0,Low,0.0,8.0,3.0,13.0,Mass,26-35,Credit Card
5087,75626e22-006a-4c71-a9f3-2b45f518c751,1449,2026-06-09 11:43:18,0,11.0,0.8207333333333334,1,Positive,0.3995,25.0,v1.0,Telugu,Loan Collections,2,0.0,0,Low,0.0,5.0,2.0,6.0,Mass,46-55,
6486,d0c14ca4-13cc-40fa-ab37-869356c22dba,571,2026-06-09 11:47:46,1,16.0,0.5887,2,Positive,0.23006666666666667,28.0,v1.0,Hindi,Loan Application,2,0.0,0,Low,0.0,2.0,0.0,0.0,Premium,46-55,Home Loan
4026,be78ec31-f0df-4d19-9d12-554994348b83,1953,2026-06-09 11:49:12,1,14.0,0.4087666666666667,2,Neutral,0.06666666666666665,29.0,v1.0,Tamil,Loan Collections,2,0.0,0,Low,0.0,7.0,3.0,10.0,Premium,18-25,Credit Card
7077,c978f89f-675c-4a6c-b125-05ab6d9c1835,127,2026-06-09 12:33:40,0,11.0,0.7801,0,Positive,0.3627666666666667,41.0,v1.0,Tamil,Insurance Renewal,2,0.0,0,Low,0.0,4.0,3.0,10.0,High Value,36-45,Credit Card
2767,d22ce18f-d2ca-4339-b1da-cc5bce46721e,980,2026-06-09 12:58:52,1,,0.3426,3,Negative,-0.3412,31.0,v1.0,Telugu,Loan Application,1,0.0,0,Low,0.0,6.0,1.0,5.0,Mass,26-35,Credit Card
7090,9b02e20e-d0d7-4502-bde3-3858b636717d,449,2026-06-09 13:43:15,0,8.0,0.5244333333333333,1,Neutral,0.21433333333333335,28.0,v1.0,Telugu,Loan Application,1,0.0,0,Low,0.0,2.0,0.0,2.0,High Value,26-35,Credit Card
8774,67386f0d-09bb-4051-aea6-94a6061e9fcc,1673,2026-06-09 14:10:32,1,6.0,0.7048,2,Neutral,-0.2679666666666667,22.0,v1.0,Telugu,Loan Collections,3,0.0,0,Low,0.0,3.0,2.0,6.0,Wealth,26-35,Credit Card
5275,d899e26b-c3c1-4100-a0c5-2c68f10292d9,1959,2026-06-09 14:13:21,1,2.0,0.371,2,Neutral,-0.10073333333333334,44.0,v1.0,Hindi,Loan Collections,2,111.0,90+,High,55780.18,3.0,0.0,1.0,Wealth,18-25,Auto Loan
2428,040c04b2-597b-4db7-8f0b-23dc053c4076,406,2026-06-09 15:07:51,0,14.0,0.7908333333333334,2,Positive,0.3341,31.0,v2.0,English,Insurance Renewal,1,0.0,0,Low,0.0,6.0,0.0,1.0,Mass,56-65,Credit Card
9249,d29b6abd-59ee-488a-a7df-c0e69bb0a503,1928,2026-06-09 15:32:07,1,,0.7576666666666667,3,Neutral,0.019133333333333336,41.0,v1.0,English,Loan Application,3,0.0,0,Low,0.0,7.0,1.0,4.0,Premium,36-45,Personal Loan
4399,a46a2798-95cb-48e3-a4cc-7ff8c53e4707,602,2026-06-09 15:37:00,0,10.0,0.7300666666666666,0,Positive,0.3666333333333333,27.0,v1.0,English,Lead Qualification,1,0.0,0,Low,0.0,3.0,1.0,3.0,Mass,18-25,Credit Card
7884,8f953bcd-7a30-441c-a6d4-1825e5da99db,829,2026-06-09 16:01:26,1,16.0,0.28873333333333334,2,Negative,-0.6178,38.0,v1.1,English,Loan Collections,1,107.0,90+,High,34760.8,1.0,0.0,0.0,Premium,46-55,Credit Card
7313,962a90a6-220b-40f6-ae5e-5367f4926f62,1792,2026-06-09 16:02:19,0,17.0,0.6674000000000001,0,Neutral,-0.1817,33.0,v2.0,English,Loan Application,1,0.0,0,Low,0.0,6.0,2.0,7.0,Mass,18-25,Auto Loan
3669,02be4194-1a3e-48bf-a38f-bf28b4d023f5,230,2026-06-09 16:20:41,0,18.0,0.6925666666666667,0,Neutral,0.23936666666666664,38.0,v1.0,Hindi,Loan Collections,2,0.0,0,Low,0.0,4.0,2.0,5.0,High Value,18-25,Personal Loan
1591,a8fa5ea7-0280-4fd1-945d-1ae78b9c8c6f,1015,2026-06-09 16:41:32,0,7.0,0.8651333333333334,1,Positive,0.6434000000000001,30.0,v1.1,English,Loan Collections,2,0.0,0,Low,0.0,9.0,0.0,1.0,Premium,36-45,Personal Loan
2132,1e518625-4c3e-4ae3-8dab-436064e2a093,807,2026-06-09 18:59:49,1,,0.7238000000000001,3,Neutral,0.22646666666666668,39.0,v1.0,English,Loan Collections,1,52.0,31-60,Medium,78755.06,8.0,3.0,7.0,Mass,18-25,Personal Loan
638,a427fb16-1e32-45e5-9f32-d0d07d61580e,603,2026-06-09 19:12:21,0,19.0,0.8946999999999999,0,Positive,0.5671666666666667,42.0,v1.1,English,Loan Application,1,0.0,0,Low,0.0,7.0,1.0,1.0,High Value,46-55,Credit Card
5808,344e6435-039b-4ccc-8fed-93097ad9742f,1137,2026-06-09 19:21:05,0,5.0,0.8012333333333332,0,Positive,0.31736666666666663,27.0,v1.0,Telugu,Lead Qualification,1,33.0,31-60,Medium,30334.05,4.0,1.0,2.0,Wealth,26-35,Credit Card
9460,a70a4fb3-c248-413c-8b6c-a892392c1139,135,2026-06-09 19:28:17,0,7.0,0.7616666666666667,0,Positive,0.2587,34.0,v1.0,Hindi,Loan Collections,1,0.0,0,Low,0.0,4.0,2.0,5.0,Mass,36-45,Personal Loan
2178,98e5118e-f108-4f8d-af96-8a3c0f899801,1949,2026-06-10 09:20:02,0,2.0,0.7595666666666666,1,Neutral,0.008400000000000006,23.0,v1.0,Telugu,Customer Support,1,0.0,0,Low,0.0,2.0,0.0,0.0,Mass,26-35,Credit Card
9162,49227a48-9065-4cbb-b89d-83007f69a7d7,1584,2026-06-10 09:21:24,1,19.0,0.4919,1,Negative,-0.2283666666666667,37.0,v1.0,Hindi,Loan Collections,1,118.0,90+,High,64234.76,6.0,1.0,1.0,Mass,46-55,Personal Loan
1061,03bf3ba8-1d54-4f6c-81d7-33a1c03fa195,955,2026-06-10 09:47:18,0,7.0,0.7798666666666666,0,Positive,0.37833333333333335,30.0,v1.0,English,Payment Reminder,4,0.0,0,Low,0.0,8.0,1.0,2.0,Mass,36-45,
8491,f538498c-3e0d-4471-9dc6-b165d5907bb4,1440,2026-06-10 10:22:13,0,16.0,0.7208,1,Neutral,0.04526666666666667,30.0,v1.0,Hindi,Loan Collections,2,0.0,0,Low,0.0,5.0,1.0,3.0,Wealth,36-45,Personal Loan
917,19291c7e-058f-4664-ac5d-d9e05480d7e8,795,2026-06-10 10:28:53,0,5.0,0.7799333333333333,0,Positive,0.39699999999999996,34.0,v1.0,English,Loan Collections,1,0.0,0,Low,0.0,2.0,1.0,4.0,Mass,46-55,Home Loan
2622,d4137146-8bd1-4641-b8a6-43142f95eed6,910,2026-06-10 10:51:03,1,18.0,0.5105333333333334,2,Neutral,-0.0023666666666666697,22.0,v1.0,English,Insurance Renewal,1,0.0,0,Low,0.0,4.0,0.0,0.0,Mass,18-25,Credit Card
3647,b786a7a6-9865-42b2-86d4-37ba2a22d198,811,2026-06-10 11:40:41,1,17.0,0.35566666666666663,1,Negative,-0.5206666666666667,22.0,v1.0,Telugu,Loan Collections,2,0.0,0,Low,0.0,5.0,2.0,5.0,Mass,26-35,Credit Card
2048,8797582f-27fb-49b9-af0d-e1396e057166,993,2026-06-10 11:55:24,0,5.0,0.8932000000000001,1,Positive,0.286,35.0,v1.0,Hindi,Lead Qualification,1,0.0,0,Low,0.0,2.0,2.0,4.0,Mass,36-45,Personal Loan
7422,d57ff5c4-961a-462d-a194-9f96e4d62751,1703,2026-06-10 12:55:57,0,18.0,0.5584333333333333,0,Positive,0.21903333333333333,40.0,v1.0,English,Customer Support,1,0.0,0,Low,0.0,2.0,0.0,1.0,High Value,56-65,Personal Loan
3831,88f98774-6369-48d1-b63d-1f07539ed63c,670,2026-06-10 13:24:00,0,1.0,0.7930333333333334,1,Positive,0.4566333333333333,25.0,v1.0,Telugu,Lead Qualification,3,0.0,0,Low,0.0,5.0,0.0,1.0,Mass,26-35,Personal Loan
9293,22e5f883-1334-473e-befe-096dddb52419,1203,2026-06-10 13:41:04,0,7.0,0.8283,1,Positive,0.17713333333333334,35.0,v1.0,English,Loan Application,1,0.0,0,Low,0.0,2.0,0.0,1.0,Mass,26-35,Home Loan
1204,af9a1dd2-618f-43ab-963b-605042cb05f8,1595,2026-06-10 14:07:41,0,19.0,0.8096333333333333,0,Neutral,0.2806,30.0,v1.0,English,Insurance Renewal,1,0.0,0,Low,0.0,5.0,1.0,6.0,Mass,36-45,Credit Card
6283,1698d722-7251-47ad-a15f-bf1ff1252f1a,312,2026-06-10 14:50:35,0,13.0,0.7778666666666667,1,Positive,0.18046666666666666,39.0,v1.1,English,Loan Application,1,13.0,1-30,Low,51982.79,3.0,2.0,7.0,Mass,36-45,Home Loan
1914,826f26a9-916b-4e40-a707-3b703db47b62,1666,2026-06-10 15:57:47,1,18.0,0.7091666666666666,2,Neutral,0.058600000000000006,38.0,v1.0,Hindi,Customer Support,2,0.0,0,Low,0.0,4.0,3.0,6.0,Mass,36-45,Home Loan
4668,185595c9-a7c1-4534-8c23-911990dd9f24,1798,2026-06-10 18:01:38,1,14.0,0.4500333333333333,1,Neutral,-0.135,40.0,v1.0,English,Loan Collections,2,0.0,0,Low,0.0,3.0,1.0,3.0,Premium,26-35,Home Loan
7409,f20969ab-7b3b-4e51-bcea-214b43a6171c,1536,2026-06-10 18:25:26,0,12.0,0.7401,0,Positive,0.2577,18.0,v1.0,Hindi,Loan Application,1,0.0,0,Low,0.0,3.0,0.0,1.0,Premium,18-25,Auto Loan
4271,443ade21-824e-45a6-b9a8-a505beb00d8c,724,2026-06-10 19:24:27,0,18.0,0.7253333333333334,2,Neutral,0.1898,28.0,v1.0,Tamil,Loan Collections,1,0.0,0,Low,0.0,5.0,0.0,0.0,Premium,18-25,Credit Card
4591,6f9a61aa-e8dd-4a00-b966-16088c0955ee,1977,2026-06-10 19:39:10,0,12.0,0.7778999999999999,1,Neutral,-0.19183333333333333,28.0,v1.0,Telugu,Loan Collections,2,0.0,0,Low,0.0,6.0,2.0,7.0,Mass,46-55,Credit Card
1485,b4446e56-1529-4eeb-83a4-280585fc1737,1205,2026-06-11 08:39:57,1,16.0,0.47533333333333333,1,Neutral,-0.10510000000000001,36.0,v1.0,English,Insurance Renewal,1,42.0,31-60,Medium,50097.57,5.0,1.0,2.0,Premium,26-35,Personal Loan
9470,187779e8-81c1-4b3d-bcdf-b28c3c550dd5,1949,2026-06-11 08:45:37,1,15.0,0.8544,2,Neutral,0.22986666666666666,31.0,v2.0,English,Loan Collections,1,0.0,0,Low,0.0,3.0,0.0,2.0,Mass,26-35,Credit Card
3741,b415d5bb-3375-4ee4-8b31-108879d12926,1272,2026-06-11 08:59:36,1,11.0,0.3421,2,Negative,-0.3012333333333333,41.0,v1.0,English,Lead Qualification,1,0.0,0,Low,0.0,3.0,0.0,3.0,Premium,26-35,Credit Card
65,26c33cdb-32e5-4615-8138-fcc674e561b3,815,2026-06-11 09:41:32,0,7.0,0.9411666666666667,0,Positive,0.5448,39.0,v2.0,English,Customer Support,2,0.0,0,Low,0.0,7.0,1.0,3.0,Mass,46-55,Personal Loan
5708,3920da98-9c47-4a84-b611-84904283a7a6,1681,2026-06-11 09:43:34,1,3.0,0.19073333333333334,2,Negative,-0.6416333333333334,20.0,v1.0,Telugu,Loan Collections,2,105.0,90+,High,33879.97,9.0,1.0,3.0,High Value,18-25,Personal Loan
336,107d3277-491a-43d7-ae24-c26a431827fc,1873,2026-06-11 10:48:56,0,1.0,0.7708333333333334,1,Neutral,-0.010833333333333325,36.0,v1.0,Hindi,Insurance Renewal,2,63.0,61-90,High,21141.46,11.0,1.0,5.0,Mass,36-45,Credit Card
8692,dc11a707-5f66-45c2-841a-c153e099bd92,1159,2026-06-11 11:30:06,0,10.0,0.8652333333333333,0,Neutral,0.4177333333333333,31.0,v1.0,Hindi,Customer Support,1,0.0,0,Low,0.0,4.0,2.0,2.0,Mass,46-55,Credit Card
3713,9f3e4a30-aa15-4978-b8d7-e13dd978c05a,1513,2026-06-11 11:54:44,0,19.0,0.8137,0,Neutral,0.12183333333333335,25.0,v1.0,Telugu,Loan Application,1,0.0,0,Low,0.0,4.0,2.0,3.0,Mass,18-25,Credit Card
8976,3cb2adb8-5ab0-49f2-bcb6-26a4d9f96e7a,1429,2026-06-11 12:25:37,0,11.0,0.6894666666666667,1,Neutral,0.20473333333333332,39.0,v1.0,Hindi,Insurance Renewal,1,0.0,0,Low,0.0,2.0,2.0,6.0,Premium,26-35,Auto Loan
316,74639779-b805-4639-a44e-a0ddcaa452e1,784,2026-06-11 12:28:18,0,2.0,0.8408000000000001,1,Positive,0.2464666666666667,20.0,v1.1,English,Customer Support,1,6.0,1-30,Low,78892.97,4.0,2.0,5.0,Mass,65+,Personal Loan
5457,e5d7a22f-ac15-4f69-87c0-778d72e5a5cf,469,2026-06-11 12:53:01,0,10.0,0.953,0,Positive,0.7820666666666667,37.0,v2.0,English,Insurance Renewal,2,0.0,0,Low,0.0,4.0,1.0,4.0,Mass,26-35,Credit Card
1912,dbddd5e5-e86f-4b8d-b3b9-b92ab6cf317a,79,2026-06-11 13:08:31,0,6.0,0.6285333333333333,0,Neutral,0.03726666666666666,38.0,v1.0,Hindi,Loan Application,1,0.0,0,Low,0.0,3.0,1.0,3.0,Premium,26-35,
9786,341dcddd-b514-4f39-beb8-4059c0d5a882,259,2026-06-11 14:03:52,1,15.0,0.4507333333333334,2,Neutral,-0.08803333333333334,41.0,v1.1,English,Loan Collections,2,75.0,61-90,High,34669.43,4.0,0.0,0.0,Premium,56-65,Personal Loan
4731,e4c31a34-aaec-4cb4-82c0-8b9ee38ac428,981,2026-06-11 14:45:33,0,1.0,0.8375666666666667,1,Neutral,0.18436666666666668,40.0,v1.0,Hindi,Loan Application,1,0.0,0,Low,0.0,4.0,0.0,0.0,Mass,18-25,Auto Loan
8417,6f92256f-3ab4-406f-920a-7c64cebfb6c7,959,2026-06-11 17:41:40,0,15.0,0.8264666666666667,0,Neutral,0.26486666666666664,29.0,v2.0,English,Loan Application,2,0.0,0,Low,0.0,4.0,1.0,1.0,Mass,18-25,Credit Card
9182,54964207-3e56-4066-b692-1264daf6022d,1743,2026-06-11 17:43:40,0,12.0,0.6889666666666666,2,Neutral,0.4498333333333333,36.0,v1.0,Tamil,Customer Support,1,0.0,0,Low,0.0,1.0,0.0,0.0,Mass,36-45,Credit Card
1035,dec3751e-2149-4855-9add-3872b5f7fc48,718,2026-06-11 17:55:57,1,15.0,0.5065666666666667,1,Negative,-0.2924,25.0,v1.1,English,Lead Qualification,2,70.0,61-90,High,56527.93,6.0,4.0,11.0,Premium,26-35,Personal Loan
519,6cd43ec6-33d9-4974-b791-856206464bbc,1203,2026-06-11 18:27:05,0,15.0,0.8594666666666667,1,Neutral,0.29523333333333335,44.0,v2.0,English,Lead Qualification,1,0.0,0,Low,0.0,3.0,0.0,2.0,Mass,26-35,Home Loan
2393,9305c737-94bb-4084-9d59-350316f07b78,632,2026-06-11 18:32:35,1,,0.30516666666666664,3,Negative,-0.25830000000000003,40.0,v1.0,Hindi,Loan Collections,2,0.0,0,Low,0.0,3.0,1.0,6.0,Mass,36-45,Credit Card
8284,968c16f6-e51f-4f82-949f-bedcbb48f009,1289,2026-06-11 18:58:52,0,1.0,0.751,1,Positive,0.3476333333333333,29.0,v1.0,Hindi,Insurance Renewal,1,4.0,1-30,Low,1000.0,1.0,0.0,0.0,Mass,36-45,Credit Card
6860,71c762a1-0700-4eb9-8059-fbde6dce6ac9,1483,2026-06-12 08:54:47,0,5.0,0.8772666666666668,0,Neutral,0.36916666666666664,34.0,v1.0,Telugu,Lead Qualification,1,0.0,0,Low,0.0,7.0,2.0,8.0,Premium,36-45,Personal Loan
9759,b1b44276-98e9-44d7-96f0-06a1d6370978,134,2026-06-12 09:12:55,1,,0.2998,3,Negative,-0.4171333333333333,31.0,v1.0,Hindi,Payment Reminder,1,51.0,31-60,Medium,9995.76,4.0,0.0,2.0,Mass,26-35,Personal Loan
2616,6ef29c81-5256-4be5-84a3-ca7dd6b0eb47,291,2026-06-12 09:48:39,0,18.0,0.7062666666666667,1,Neutral,-0.031933333333333334,35.0,v1.0,Tamil,Loan Collections,1,0.0,0,Low,0.0,9.0,1.0,7.0,Premium,26-35,Credit Card
5533,06f064a5-6821-4d7a-a88f-723cfb495c9a,899,2026-06-12 10:16:10,0,9.0,0.8502666666666667,0,Positive,0.4509,40.0,v1.1,English,Insurance Renewal,1,0.0,0,Low,0.0,3.0,0.0,2.0,Premium,36-45,Home Loan
2238,b3312015-1a2b-403b-ba17-def517d7433a,1510,2026-06-12 11:20:14,1,,0.18003333333333335,3,Negative,-0.40409999999999996,40.0,v1.0,Telugu,Loan Application,1,84.0,61-90,High,55352.08,6.0,2.0,7.0,Mass,36-45,Credit Card
4299,3d511188-5c12-4e73-aec2-f353f315bbad,899,2026-06-12 11:48:36,1,8.0,0.6650666666666667,2,Neutral,0.06263333333333333,39.0,v1.0,Tamil,Payment Reminder,1,0.0,0,Low,0.0,4.0,0.0,3.0,Premium,36-45,Home Loan
7419,fd0b4525-0eed-4be2-bbf3-88152b300f34,1882,2026-06-12 12:03:35,0,16.0,0.6615666666666667,2,Positive,0.34613333333333335,37.0,v1.1,English,Payment Reminder,1,58.0,31-60,Medium,30087.92,2.0,1.0,3.0,Mass,36-45,Home Loan
6522,14f0390b-fdd6-4b0a-bc17-e4be48188d74,1913,2026-06-12 12:31:09,1,7.0,0.8660333333333333,1,Positive,0.39633333333333337,50.0,v1.0,Telugu,Payment Reminder,2,0.0,0,Low,0.0,6.0,2.0,4.0,Mass,56-65,Personal Loan
2142,7bce8128-9808-43a8-9bd2-aabf4d20da96,547,2026-06-12 12:46:14,1,11.0,0.6070333333333333,2,Neutral,0.19846666666666665,40.0,v1.0,Telugu,Payment Reminder,2,97.0,90+,High,52026.73,2.0,0.0,2.0,Premium,36-45,Credit Card
3632,ab37697f-a99a-45e0-9f93-623d49575d63,304,2026-06-12 13:05:32,0,16.0,0.8759666666666667,1,Neutral,0.4584,32.0,v1.1,English,Lead Qualification,4,0.0,0,Low,0.0,5.0,1.0,4.0,Premium,46-55,Credit Card
1179,fddbe303-37db-474b-9dd8-6cfd82ef4df2,604,2026-06-12 13:14:32,0,1.0,0.8004000000000001,1,Positive,0.39796666666666664,31.0,v1.0,Tamil,Loan Collections,2,0.0,0,Low,0.0,5.0,0.0,2.0,Wealth,46-55,Home Loan
9976,d4d731c6-50b0-4b5f-a2a2-55286eadf0df,1087,2026-06-12 13:40:45,0,18.0,0.8710333333333334,0,Positive,0.38766666666666666,27.0,v2.0,English,Lead Qualification,1,0.0,0,Low,0.0,0.0,0.0,0.0,Premium,36-45,Auto Loan
2700,400956ea-e0fc-4315-8e18-d0162352a078,389,2026-06-12 16:32:58,0,9.0,0.7719333333333335,0,Positive,0.3872,40.0,v1.0,Telugu,Customer Support,2,0.0,0,Low,0.0,6.0,3.0,7.0,Premium,26-35,Auto Loan
1437,e6dbec65-5e77-4bc8-8f95-926d066402ae,212,2026-06-12 17:11:14,1,15.0,0.5475333333333333,1,Neutral,0.00023333333333334463,33.0,v1.0,Telugu,Loan Collections,1,0.0,0,Low,0.0,5.0,1.0,5.0,Mass,65+,Home Loan
1834,2d41c2c0-231e-4c89-99e4-678579660980,1917,2026-06-12 18:14:17,0,1.0,0.8906333333333333,0,Positive,0.36496666666666666,28.0,v1.0,Telugu,Lead Qualification,2,0.0,0,Low,0.0,3.0,0.0,1.0,Mass,18-25,Personal Loan
9614,4566793e-52d8-40b8-9afd-f797771a072a,584,2026-06-12 19:02:15,0,12.0,0.8513333333333334,1,Positive,0.3192,46.0,v1.1,English,Payment Reminder,1,0.0,0,Low,0.0,0.0,0.0,0.0,Mass,36-45,
3812,5b827134-8ffa-4885-bda1-ebe13cc70ad0,1454,2026-06-13 10:42:28,0,19.0,0.9263333333333333,0,Positive,0.6800333333333333,40.0,v2.0,English,Customer Support,1,20.0,1-30,Low,57511.2,3.0,1.0,3.0,Premium,36-45,Credit Card
9386,581958c5-7b76-4a97-8028-13e4af999881,1448,2026-06-13 10:55:31,0,7.0,0.9291666666666667,0,Positive,0.6446999999999999,26.0,v1.1,English,Loan Application,1,0.0,0,Low,0.0,3.0,0.0,0.0,Mass,26-35,Personal Loan
6018,35883175-f351-4b14-842e-8a643150b041,1480,2026-06-13 11:00:20,0,13.0,0.8258666666666666,0,Neutral,0.3282333333333333,41.0,v1.0,Hindi,Loan Collections,1,0.0,0,Low,0.0,4.0,2.0,5.0,Premium,18-25,Home Loan
2586,73428eb7-9e0f-4fdd-929a-71dedad05e3d,605,2026-06-13 12:36:28,1,,0.21183333333333332,3,Negative,-0.5310666666666667,34.0,v1.0,English,Loan Application,1,102.0,90+,High,65954.39,1.0,0.0,0.0,Mass,46-55,Personal Loan
5480,10e8b298-ad45-4bc5-989a-6221b9f9a204,961,2026-06-13 13:27:12,0,12.0,0.6566666666666667,0,Negative,-0.12033333333333335,41.0,v1.0,Telugu,Lead Qualification,1,0.0,0,Low,0.0,1.0,0.0,1.0,Mass,56-65,Auto Loan
4246,c3df4211-81de-4255-acc9-59aba86d4b7c,1343,2026-06-13 13:47:33,0,5.0,0.9152333333333332,0,Positive,0.5964333333333334,37.0,v1.1,English,Lead Qualification,1,0.0,0,Low,0.0,1.0,1.0,5.0,Premium,36-45,Credit Card
3399,8bc378c2-61f7-441e-acbd-0659ac94866c,853,2026-06-13 13:56:15,1,16.0,0.676,2,Neutral,0.04066666666666667,35.0,v1.0,Telugu,Loan Collections,1,34.0,31-60,Medium,68519.21,5.0,1.0,3.0,High Value,18-25,Personal Loan
2073,ac37cb7c-d448-4553-a8c6-afa447295e55,808,2026-06-13 14:03:05,0,4.0,0.8347333333333333,1,Positive,0.16206666666666666,31.0,v1.1,English,Payment Reminder,1,0.0,0,Low,0.0,5.0,2.0,3.0,High Value,26-35,Credit Card
8784,c423ce9a-c3a2-4107-81bb-218fc32a6160,110,2026-06-13 14:53:51,0,1.0,0.9548333333333333,0,Positive,0.7808,23.0,v2.0,English,Loan Collections,2,0.0,0,Low,0.0,3.0,0.0,1.0,Mass,26-35,Personal Loan
1064,383a619b-c54a-4fd4-a10a-472f91bed137,743,2026-06-13 15:16:25,1,5.0,0.8366666666666666,0,Positive,0.4362333333333333,25.0,v1.0,English,Loan Collections,2,0.0,0,Low,0.0,4.0,0.0,1.0,High Value,36-45,Home Loan
1569,e6fa8197-fb82-4380-967c-14b28c09a2bd,1613,2026-06-13 17:16:15,1,17.0,0.3985666666666667,2,Negative,-0.4745333333333333,18.0,v1.1,English,Payment Reminder,1,46.0,31-60,Medium,55120.07,1.0,1.0,0.0,Premium,18-25,Credit Card
3751,2891cad3-6888-4945-bd9c-ed9687751af6,46,2026-06-13 17:43:08,0,5.0,0.8052,0,Positive,0.21783333333333332,49.0,v1.0,English,Loan Collections,3,39.0,31-60,Medium,24027.34,5.0,2.0,4.0,Mass,26-35,Auto Loan
3511,6f412452-c429-4c0a-be7c-13bf62d0d50f,1365,2026-06-13 18:05:49,1,13.0,0.588,1,Neutral,-0.22296666666666667,34.0,v1.0,Hindi,Customer Support,1,54.0,31-60,Medium,45903.15,0.0,0.0,0.0,Wealth,46-55,Credit Card
393,545eb639-08e7-4fc8-9e91-315c7afff535,1289,2026-06-13 18:14:50,0,12.0,0.7247333333333333,0,Neutral,0.24140000000000003,37.0,v1.0,Telugu,Lead Qualification,1,0.0,0,Low,0.0,2.0,0.0,1.0,Mass,36-45,Credit Card
2759,5f3079c4-5855-4353-9f6d-64c630ec7af7,1629,2026-06-13 18:56:32,0,17.0,0.5700333333333333,0,Neutral,0.15483333333333335,27.0,v2.0,English,Insurance Renewal,1,17.0,1-30,Low,50875.76,5.0,0.0,0.0,Premium,36-45,Auto Loan
820,088c4778-c39a-45aa-81a2-87f9c3c6da53,1168,2026-06-14 08:19:06,1,15.0,0.22976666666666667,2,Negative,-0.4978666666666667,36.0,v1.0,English,Customer Support,1,83.0,61-90,High,56998.21,6.0,1.0,3.0,Wealth,46-55,Auto Loan
3423,56fbbf67-03b8-43c5-a4ed-c4e9a67a0775,1797,2026-06-14 10:04:33,0,5.0,0.8557666666666667,1,Positive,0.3727333333333333,45.0,v1.0,English,Loan Application,1,0.0,0,Low,0.0,3.0,2.0,8.0,Mass,26-35,Credit Card
147,1cf53469-5733-4254-97c7-3647db970773,352,2026-06-14 10:10:44,1,,0.4485333333333334,3,Neutral,-0.2104,37.0,v1.0,Telugu,Loan Collections,1,0.0,0,Low,0.0,3.0,0.0,1.0,Mass,56-65,Auto Loan
5745,728a292b-26e9-4d42-9a81-7b8c8cce498b,868,2026-06-14 13:08:08,0,1.0,0.7775,0,Neutral,0.3236,36.0,v1.0,Tamil,Insurance Renewal,1,0.0,0,Low,0.0,4.0,1.0,1.0,Mass,46-55,Credit Card
2941,260b64be-4f29-4640-9b40-dec588a98650,656,2026-06-14 13:26:59,0,12.0,0.7504666666666666,1,Neutral,0.2799333333333333,27.0,v1.1,English,Insurance Renewal,2,0.0,0,Low,0.0,1.0,0.0,1.0,Mass,18-25,Personal Loan
1057,7dc145a7-d9dd-499a-abcf-db3b2ca560e0,98,2026-06-14 13:34:47,1,18.0,0.6818333333333334,2,Neutral,0.26363333333333333,24.0,v1.1,English,Lead Qualification,1,26.0,1-30,Low,64419.71,3.0,0.0,1.0,Mass,46-55,Personal Loan
9259,ab34a45e-6483-4240-a381-1a60242383d3,1530,2026-06-14 13:54:19,0,12.0,0.6087333333333333,1,Neutral,0.1064,37.0,v1.0,English,Loan Collections,1,0.0,0,Low,0.0,6.0,2.0,5.0,Mass,46-55,Credit Card
7432,b12abd86-11da-441a-8ad5-4fea4b0a3018,1851,2026-06-14 14:10:37,0,19.0,0.8198333333333334,0,Neutral,0.20796666666666666,42.0,v1.0,Hindi,Customer Support,2,0.0,0,Low,0.0,2.0,1.0,5.0,High Value,18-25,
8608,2b7c99c0-b3b0-4bd2-9dd1-beb343aebc20,1070,2026-06-14 14:39:04,1,17.0,0.49656666666666666,1,Negative,-0.4200333333333333,40.0,v1.0,English,Payment Reminder,1,0.0,0,Low,0.0,5.0,0.0,4.0,Premium,26-35,Credit Card
6308,d684f124-e442-4e51-9123-99cd44e3d50d,617,2026-06-14 15:16:56,1,,0.3446666666666667,3,Negative,-0.5186333333333334,30.0,v2.0,English,Customer Support,1,85.0,61-90,High,54049.11,3.0,1.0,3.0,Premium,36-45,Credit Card
5446,bf34ed81-8d72-4d77-9981-0c4af4bfc153,6,2026-06-14 15:18:04,0,10.0,0.8273999999999999,1,Neutral,0.3602,34.0,v1.0,Telugu,Loan Collections,2,0.0,0,Low,0.0,5.0,0.0,0.0,High Value,36-45,Home Loan
6814,6fc93f49-9214-4950-866f-16a2e0c8cb20,1432,2026-06-14 15:38:24,0,19.0,0.6499,1,Positive,0.29296666666666665,28.0,v1.0,Hindi,Customer Support,1,0.0,0,Low,0.0,3.0,0.0,0.0,Wealth,36-45,Credit Card
3369,f962f824-6957-4fb0-82b6-6dd148395be2,1563,2026-06-14 16:11:47,1,12.0,0.4921666666666667,1,Neutral,-0.3477666666666667,26.0,v1.0,Tamil,Loan Application,1,110.0,90+,High,27185.69,6.0,1.0,2.0,Premium,36-45,Credit Card
7010,28cc0fd7-efc5-4eb8-adc6-7bf075cebbd6,1939,2026-06-14 16:17:02,0,16.0,0.8649333333333332,0,Positive,0.47079999999999994,37.0,v1.1,English,Loan Collections,1,0.0,0,Low,0.0,6.0,2.0,5.0,Premium,18-25,Personal Loan
3283,427825ba-0b9e-466a-9472-c597561c6ebe,909,2026-06-14 17:17:35,0,12.0,0.7200333333333333,2,Neutral,0.05006666666666667,31.0,v1.0,Hindi,Loan Collections,1,0.0,0,Low,0.0,3.0,1.0,1.0,Premium,65+,Credit Card
9049,f16d2aa4-7225-4948-b258-52e18fa3532f,1469,2026-06-14 17:25:33,1,15.0,0.5227666666666666,2,Negative,-0.4349,27.0,v1.0,Tamil,Loan Application,1,45.0,31-60,Medium,33331.81,2.0,1.0,4.0,Mass,26-35,Credit Card
1557,6addc79c-62ae-4eac-b19c-60bbd310fbb1,1333,2026-06-14 17:35:45,1,14.0,0.3965,0,Neutral,-0.18193333333333336,37.0,v1.0,Hindi,Customer Support,1,0.0,0,Low,0.0,4.0,1.0,5.0,Mass,46-55,Personal Loan
9273,b6d64607-d475-4163-9e49-1e83fcc379b6,152,2026-06-14 18:20:24,1,7.0,0.6432333333333333,2,Neutral,-0.11440000000000002,42.0,v1.1,English,Loan Application,3,112.0,90+,High,23230.83,4.0,1.0,4.0,Mass,46-55,Credit Card
5511,00fb4e82-21d3-4d2c-a1d8-573ee94989b0,1799,2026-06-14 18:50:47,1,3.0,0.4449,1,Neutral,-0.3025333333333333,29.0,v1.0,Telugu,Loan Collections,1,0.0,0,Low,0.0,3.0,0.0,0.0,Mass,46-55,Credit Card
8936,9e886466-eba1-4552-ae1f-d9cebde5d09d,1138,2026-06-14 18:52:25,0,19.0,0.8896000000000001,0,Neutral,0.49643333333333334,39.0,v1.1,English,Insurance Renewal,2,0.0,0,Low,0.0,6.0,0.0,1.0,Premium,46-55,Auto Loan
2793,a1c41ed1-a6d6-4179-ba59-4c06bcacc871,1727,2026-06-14 18:59:03,0,13.0,0.7197333333333334,0,Neutral,0.3084,41.0,v1.0,Telugu,Loan Application,1,0.0,0,Low,0.0,6.0,0.0,1.0,Mass,36-45,Personal Loan
9802,e5525843-516e-4e82-90f5-701596ffe538,1761,2026-06-14 19:06:12,1,10.0,0.6087,1,Neutral,-0.07016666666666667,25.0,v1.0,Hindi,Customer Support,2,101.0,90+,High,67160.26,4.0,0.0,2.0,Premium,26-35,Home Loan
7709,d2bb6972-79f6-456b-a33d-76f9263343a2,1127,2026-06-14 19:27:36,0,12.0,0.8473333333333333,1,Positive,0.2675666666666667,33.0,v2.0,English,Loan Collections,1,47.0,31-60,Medium,20450.99,4.0,1.0,3.0,Wealth,18-25,Credit Card
1446,d5294036-e8df-4365-9532-7d22bcd7db9c,791,2026-06-14 19:51:35,1,10.0,0.7366,2,Neutral,-0.05056666666666667,34.0,v1.0,Hindi,Loan Application,1,0.0,0,Low,0.0,4.0,0.0,1.0,Premium,46-55,Credit Card
7008,b42d6796-bdcb-45d1-b6dd-3c47fb01f04f,1520,2026-06-15 08:08:46,0,11.0,0.7940999999999999,1,Positive,0.37476666666666664,40.0,v1.0,Tamil,Lead Qualification,1,0.0,0,Low,0.0,3.0,1.0,3.0,Mass,18-25,Credit Card
4516,b96b814b-687c-4783-b1e3-40adda435fb0,798,2026-06-15 09:24:07,1,3.0,0.35519999999999996,2,Negative,-0.2865666666666667,42.0,v1.0,Telugu,Loan Collections,1,26.0,1-30,Low,50094.27,2.0,0.0,0.0,Premium,18-25,Credit Card
1938,6ccb3dbd-da0c-415f-bdeb-2de744d9e180,584,2026-06-15 09:34:14,1,18.0,0.6299666666666667,2,Positive,0.17453333333333332,29.0,v1.0,Hindi,Payment Reminder,2,0.0,0,Low,0.0,1.0,0.0,2.0,Mass,36-45,
7566,1ff2a314-0eb9-46b2-8291-28b2a08a0d58,1378,2026-06-15 10:07:44,1,17.0,0.35086666666666666,1,Negative,-0.18793333333333337,30.0,v1.0,Telugu,Lead Qualification,1,0.0,0,Low,0.0,4.0,0.0,1.0,Mass,18-25,Home Loan
9936,c2677931-2651-47e0-af91-04975de089fa,1838,2026-06-15 11:06:44,0,7.0,0.8677,0,Positive,0.4632,23.0,v2.0,English,Loan Collections,1,61.0,61-90,High,62184.11,7.0,1.0,2.0,Premium,26-35,
9516,ab2c456e-13f5-4694-8206-7ad370606072,348,2026-06-15 11:21:51,1,13.0,0.7052999999999999,2,Neutral,0.16773333333333332,36.0,v1.0,Telugu,Lead Qualification,1,18.0,1-30,Low,38399.93,2.0,1.0,2.0,Mass,18-25,Personal Loan
7777,0b1837a7-c829-4806-96c9-9b1336579e47,520,2026-06-15 11:53:17,0,19.0,0.8402,1,Neutral,0.15053333333333332,44.0,v1.0,English,Lead Qualification,1,0.0,0,Low,0.0,1.0,0.0,0.0,Premium,26-35,Personal Loan
4287,d9f3edad-e953-4b96-84ac-853357bd6786,1590,2026-06-15 12:37:38,0,19.0,0.8646333333333334,1,Positive,0.28376666666666667,29.0,v1.0,Hindi,Insurance Renewal,1,0.0,0,Low,0.0,5.0,0.0,4.0,Premium,26-35,Auto Loan
1772,0a3c92c3-1f13-4cb6-ad71-b790c56eab7d,1526,2026-06-15 14:03:38,0,6.0,0.7313999999999999,2,Neutral,0.10276666666666667,29.0,v1.1,English,Customer Support,1,0.0,0,Low,0.0,5.0,1.0,4.0,Mass,26-35,Home Loan
3716,9bc2a0f9-3fe2-485d-be84-efc66734b856,1305,2026-06-15 14:16:28,0,6.0,0.6544333333333333,1,Neutral,-0.1869666666666667,28.0,v1.0,Hindi,Insurance Renewal,1,0.0,0,Low,0.0,1.0,0.0,0.0,Premium,26-35,Personal Loan
7883,5dc27849-fe51-4c24-bf56-758576dde07b,753,2026-06-15 15:47:44,1,,0.15026666666666666,3,Negative,-0.6441333333333333,29.0,v1.0,Telugu,Customer Support,1,91.0,90+,High,16694.67,4.0,1.0,4.0,Mass,18-25,Personal Loan
5676,15f76f90-fdd7-49fb-9466-c0af91c8ea48,1864,2026-06-15 16:52:05,1,,0.3246,3,Neutral,0.1890333333333333,44.0,v1.1,English,Loan Application,2,86.0,61-90,High,48646.16,4.0,1.0,4.0,High Value,56-65,Auto Loan
2719,f98331c4-1bdf-451a-8f02-5db6a667ac8b,1340,2026-06-15 17:59:11,1,11.0,0.6101666666666666,1,Negative,-0.24609999999999999,32.0,v1.0,Hindi,Loan Collections,1,118.0,90+,High,71533.75,1.0,0.0,0.0,Mass,26-35,Personal Loan
5044,eeb2bdc4-245f-4d80-a4dc-27ce87ecd661,502,2026-06-15 18:30:30,1,18.0,0.7118000000000001,1,Neutral,-0.10676666666666668,28.0,v1.0,Telugu,Loan Application,1,0.0,0,Low,0.0,4.0,2.0,3.0,Premium,46-55,Auto Loan
9320,cd65a231-aa99-4764-bcc4-5db9709e9116,1684,2026-06-15 18:47:05,1,13.0,0.6235333333333334,2,Neutral,-0.07266666666666666,43.0,v1.0,Hindi,Loan Collections,1,69.0,61-90,High,1000.0,3.0,1.0,2.0,Wealth,36-45,
6872,9a65229d-340c-4287-9550-d9a8e37f5a95,1941,2026-06-15 18:49:24,0,14.0,0.5515333333333333,1,Neutral,-0.0070666666666666655,46.0,v1.0,Hindi,Insurance Renewal,1,0.0,0,Low,0.0,3.0,0.0,2.0,Mass,18-25,Credit Card
5314,c3679626-1466-4963-aafa-5c58771c8017,201,2026-06-16 08:24:21,0,4.0,0.6479666666666667,0,Neutral,-0.0332,33.0,v1.0,Tamil,Customer Support,1,0.0,0,Low,0.0,5.0,0.0,1.0,Mass,36-45,Auto Loan
4811,6c66c52e-65ca-4136-b0a5-1a0b20df4b9b,1337,2026-06-16 09:56:56,0,18.0,0.8842666666666666,0,Positive,0.4625333333333333,38.0,v2.0,English,Payment Reminder,1,0.0,0,Low,0.0,4.0,2.0,6.0,Mass,36-45,Personal Loan
8139,1b6ca477-0e9b-4b77-8111-9473e266e5fd,1381,2026-06-16 11:25:59,1,6.0,0.5540333333333334,1,Negative,-0.28826666666666667,50.0,v1.0,Telugu,Lead Qualification,2,0.0,0,Low,0.0,6.0,2.0,4.0,Premium,26-35,Auto Loan
4455,cda395e6-825d-4882-ba75-71dd4fe83ec2,553,2026-06-16 11:31:13,0,4.0,0.5115333333333333,1,Neutral,-0.01203333333333334,39.0,v1.0,Tamil,Loan Collections,2,0.0,0,Low,0.0,8.0,3.0,8.0,Mass,36-45,Home Loan
5155,eb6ec550-e17f-4f32-b818-5db0a969bba4,1319,2026-06-16 12:07:19,1,,0.5019666666666667,3,Negative,-0.24976666666666666,29.0,v1.0,English,Lead Qualification,1,0.0,0,Low,0.0,5.0,0.0,1.0,Premium,26-35,Home Loan
9817,680a8d7d-eaa7-42e8-af11-b0ab243d627d,1904,2026-06-16 13:22:19,0,16.0,0.8724666666666666,0,Positive,0.3599666666666666,42.0,v2.0,English,Loan Collections,2,62.0,61-90,High,33968.1,3.0,1.0,3.0,Premium,26-35,Personal Loan
1445,24c6fd86-7709-4dd7-8e45-fc8453948758,1819,2026-06-16 14:28:07,0,11.0,0.7487666666666666,1,Neutral,0.38123333333333337,39.0,v1.0,Hindi,Lead Qualification,1,12.0,1-30,Low,63959.2,4.0,1.0,1.0,Premium,36-45,Home Loan
5379,bc92f5b2-fc42-464e-80c0-5c92e9fde995,1028,2026-06-16 15:43:47,0,14.0,0.6246999999999999,1,Neutral,0.002533333333333332,42.0,v1.0,Hindi,Payment Reminder,2,46.0,31-60,Medium,76899.72,5.0,2.0,5.0,Premium,26-35,Personal Loan
3127,7a2b7449-53bc-460f-8a5c-544b12b4bc65,1268,2026-06-16 16:09:02,0,1.0,0.9305666666666667,0,Positive,0.6016333333333334,38.0,v1.1,English,Loan Collections,2,0.0,0,Low,0.0,6.0,1.0,4.0,High Value,18-25,Personal Loan
1543,3b73a498-cbab-4401-8beb-02c3a6ceb24e,473,2026-06-16 16:39:04,1,,0.31936666666666663,3,Negative,-0.5007,32.0,v1.0,Hindi,Loan Collections,2,41.0,31-60,Medium,49672.29,7.0,3.0,7.0,Mass,26-35,Credit Card
4226,648a7571-04da-463d-95bb-a0932a33c37c,500,2026-06-16 18:21:57,0,7.0,0.5914666666666667,0,Neutral,-0.15576666666666666,39.0,v1.0,Telugu,Loan Collections,2,90.0,61-90,High,57454.11,6.0,1.0,3.0,Premium,26-35,Credit Card
5367,d63f26b4-015a-4738-a57b-5ca6af8b1e44,2,2026-06-16 19:14:27,0,19.0,0.754,0,Neutral,0.28763333333333335,28.0,v1.0,Hindi,Loan Application,2,0.0,0,Low,0.0,6.0,2.0,8.0,Mass,46-55,Personal Loan
6169,cd48b333-7019-4efd-a0a3-cdc9231d4905,1354,2026-06-16 19:30:47,1,14.0,0.599,2,Negative,-0.09646666666666666,32.0,v1.0,Telugu,Loan Application,1,0.0,0,Low,0.0,6.0,1.0,2.0,Mass,18-25,Personal Loan
3973,1ac6ebb9-4a43-4573-97e1-34012ec3de4c,357,2026-06-17 08:29:12,0,3.0,0.7673,0,Neutral,0.3196333333333333,23.0,v2.0,English,Insurance Renewal,3,0.0,0,Low,0.0,5.0,0.0,0.0,Premium,36-45,Personal Loan
8126,e99532be-5b22-4efa-8b5f-119fb29800da,1466,2026-06-17 08:29:33,1,16.0,0.6065,2,Neutral,-0.24086666666666667,37.0,v1.0,Telugu,Customer Support,1,99.0,90+,High,59894.71,4.0,0.0,1.0,Mass,36-45,Personal Loan
5891,3f69b225-e82a-4d61-b6d5-d708feb43f01,1261,2026-06-17 08:46:40,0,10.0,0.7952333333333333,0,Neutral,0.19016666666666668,28.0,v1.0,Tamil,Lead Qualification,1,0.0,0,Low,0.0,5.0,2.0,3.0,Premium,36-45,Personal Loan
3853,136bf2ee-ceb8-4660-bbe6-ded3da5ebdf5,847,2026-06-17 09:27:23,1,,0.5871666666666667,3,Positive,0.2387,36.0,v1.0,Telugu,Customer Support,3,0.0,0,Low,0.0,7.0,2.0,10.0,Mass,46-55,
6137,5c8f4824-fb2b-4472-85bb-993dc3787459,144,2026-06-17 10:10:45,0,2.0,0.8730333333333333,0,Positive,0.5831000000000001,38.0,v2.0,English,Loan Application,2,0.0,0,Low,0.0,4.0,1.0,3.0,Mass,18-25,Personal Loan
4534,931f2193-2c6e-4c69-ba29-6f2ed9e2de8d,1087,2026-06-17 10:20:38,1,2.0,0.6239333333333333,2,Neutral,0.11680000000000001,49.0,v1.1,English,Payment Reminder,1,55.0,31-60,Medium,83548.79,1.0,0.0,1.0,Premium,36-45,Auto Loan
3273,384dcc40-198d-44fa-8649-5e1880b5c1f0,751,2026-06-17 10:46:10,0,2.0,0.661,1,Negative,0.04806666666666667,35.0,v1.0,Telugu,Lead Qualification,3,0.0,0,Low,0.0,7.0,2.0,3.0,Mass,26-35,Auto Loan
4993,f2d005aa-5955-4e32-a54d-d9ab13af7478,1508,2026-06-17 10:48:40,0,19.0,0.7132666666666667,0,Neutral,0.25910000000000005,27.0,v2.0,English,Customer Support,1,59.0,31-60,Medium,44788.34,6.0,2.0,6.0,Mass,18-25,Personal Loan
3750,5e0359ff-18b5-47e1-b5ba-31d2b223f78d,477,2026-06-17 12:13:36,0,7.0,0.7999666666666667,1,Positive,0.30033333333333334,37.0,v1.0,English,Insurance Renewal,1,0.0,0,Low,0.0,1.0,1.0,3.0,Premium,46-55,Credit Card
8097,3424ef55-6bd8-402d-b29e-868f3b92959f,584,2026-06-17 12:25:30,1,6.0,0.35413333333333336,1,Negative,-0.3175333333333333,30.0,v1.0,Telugu,Loan Application,1,82.0,61-90,High,38896.84,2.0,1.0,5.0,Mass,36-45,
2222,e0b4bc46-1f23-4583-8f56-9c0ce4ac86b6,1895,2026-06-17 12:50:18,1,14.0,0.6370333333333333,1,Neutral,0.003266666666666677,27.0,v1.0,Telugu,Loan Application,1,0.0,0,Low,0.0,3.0,0.0,2.0,Mass,26-35,Personal Loan
6693,a67e2371-51b4-41ea-a9db-d85b94153ef5,483,2026-06-17 14:00:46,0,13.0,0.7045666666666667,1,Neutral,-0.15159999999999998,38.0,v1.0,Hindi,Loan Application,1,48.0,31-60,Medium,82087.96,8.0,2.0,6.0,Mass,36-45,Personal Loan
9390,c57943ad-65df-445e-b597-b43a99ba852a,1771,2026-06-17 14:40:56,0,8.0,0.6587000000000001,0,Positive,0.38376666666666664,37.0,v1.0,Telugu,Customer Support,1,0.0,0,Low,0.0,3.0,1.0,1.0,High Value,46-55,Credit Card
1552,fc7d153a-1ea3-442f-b791-fb7e1fbeb4de,191,2026-06-17 14:53:37,0,14.0,0.4787333333333333,1,Negative,-0.2761,31.0,v1.0,Tamil,Loan Collections,2,0.0,0,Low,0.0,6.0,1.0,2.0,Mass,26-35,Credit Card
4118,c9323f25-e828-4913-99b7-545f5931ba1b,476,2026-06-17 15:02:01,1,6.0,0.46423333333333333,1,Neutral,-0.09349999999999999,42.0,v1.0,Tamil,Insurance Renewal,1,0.0,0,Low,0.0,6.0,1.0,4.0,Mass,18-25,Auto Loan
1558,515418f4-f91c-411b-b73c-c9e8a4dc30a8,1318,2026-06-17 16:11:52,0,19.0,0.8477,2,Positive,0.5853333333333334,35.0,v1.1,English,Payment Reminder,1,0.0,0,Low,0.0,2.0,0.0,1.0,Premium,26-35,Personal Loan
1617,89bedb5e-f933-4bb9-8956-9c53f05e35a1,1919,2026-06-17 16:43:01,0,12.0,0.8497333333333333,0,Positive,0.4591,40.0,v2.0,English,Lead Qualification,3,0.0,0,Low,0.0,7.0,3.0,5.0,Premium,18-25,Personal Loan
698,abb27d2f-c76b-4060-b4a8-b91a373f6e68,783,2026-06-17 18:12:32,0,7.0,0.8496,0,Neutral,0.23323333333333332,39.0,v2.0,English,Loan Application,1,86.0,61-90,High,55917.52,4.0,1.0,2.0,Mass,26-35,Personal Loan
5184,e6ac2370-cbe6-4b79-8c11-c46e11adb4de,72,2026-06-17 19:02:55,0,6.0,0.7497333333333334,0,Positive,0.15333333333333332,29.0,v2.0,English,Customer Support,2,0.0,0,Low,0.0,3.0,2.0,5.0,Mass,36-45,Personal Loan
4553,d05da9c7-2c3c-45fa-8a86-3d60ee2ebe0a,1742,2026-06-18 08:12:16,0,6.0,0.4841333333333333,0,Neutral,-0.2099,45.0,v1.0,Telugu,Payment Reminder,1,37.0,31-60,Medium,40355.73,7.0,1.0,8.0,Mass,26-35,Credit Card
1144,cd4a869f-23e0-4815-a92d-41607fb13422,1223,2026-06-18 09:20:41,1,,0.27886666666666665,3,Negative,-0.36343333333333333,40.0,v1.0,Hindi,Loan Collections,2,65.0,61-90,High,38744.8,2.0,0.0,0.0,Premium,36-45,Personal Loan
5438,cd83c2fe-418f-4613-8b8f-95527ba69e19,1710,2026-06-18 09:24:51,0,5.0,0.9027333333333334,1,Neutral,0.2886,45.0,v1.0,Hindi,Loan Collections,2,14.0,1-30,Low,59311.04,4.0,0.0,1.0,Mass,26-35,Personal Loan
5505,c23aafab-1773-46d7-a64c-fa349c3ee6cc,1305,2026-06-18 09:53:04,1,9.0,0.7738,1,Neutral,0.06810000000000001,40.0,v1.0,English,Insurance Renewal,2,0.0,0,Low,0.0,2.0,0.0,1.0,Premium,26-35,Personal Loan
1553,f51f025b-8975-47e7-b116-3d84548b0475,1581,2026-06-18 10:09:28,1,2.0,0.4359,1,Neutral,-0.02703333333333334,52.0,v1.0,Hindi,Insurance Renewal,3,75.0,61-90,High,36730.74,8.0,2.0,7.0,Premium,18-25,Credit Card
108,565e28d2-05fd-463e-93cf-d73d582a2c03,824,2026-06-18 10:18:43,1,12.0,0.4777,1,Negative,-0.10200000000000002,37.0,v1.0,Telugu,Loan Collections,1,71.0,61-90,High,75307.87,2.0,1.0,2.0,Mass,36-45,Home Loan
8271,de08e8d5-9d28-4140-80d2-6e0d0e50b980,1165,2026-06-18 10:47:25,1,,0.3096,3,Negative,-0.41936666666666667,44.0,v1.0,English,Loan Collections,2,0.0,0,Low,0.0,6.0,2.0,6.0,Mass,18-25,Personal Loan
827,e6e278d5-0cce-4154-b45a-663299aea9f0,854,2026-06-18 12:26:17,0,18.0,0.6431666666666667,1,Positive,0.1504,35.0,v1.0,Tamil,Loan Application,2,0.0,0,Low,0.0,3.0,1.0,3.0,Premium,36-45,Credit Card
5377,a84e93fd-f2b3-4e8f-809a-ff94313719c9,1811,2026-06-18 14:59:36,1,,0.17513333333333334,3,Negative,-0.5725666666666667,26.0,v1.0,Telugu,Loan Application,1,101.0,90+,High,62942.29,7.0,2.0,6.0,Mass,46-55,Credit Card
8943,053c142b-8bc0-4d45-b392-9be4f07542c0,1748,2026-06-18 14:59:45,1,5.0,0.8097333333333333,2,Neutral,0.3615333333333333,34.0,v1.0,Tamil,Insurance Renewal,1,0.0,0,Low,0.0,7.0,2.0,7.0,Mass,26-35,Credit Card
9960,86d32cdb-04f0-4902-979a-a25ee6bdfc07,1117,2026-06-18 15:29:24,0,11.0,0.9687,0,Positive,0.6287666666666666,36.0,v2.0,English,Insurance Renewal,1,0.0,0,Low,0.0,4.0,1.0,7.0,Mass,36-45,Credit Card
5102,0db704c3-0140-4740-965f-1bf010b49ed6,1334,2026-06-18 17:44:11,1,,0.30970000000000003,3,Neutral,-0.224,47.0,v1.0,Tamil,Loan Application,1,103.0,90+,High,52009.75,0.0,0.0,0.0,Mass,26-35,Credit Card
7803,e94882ee-b699-4841-9a64-06b5f8f584e7,617,2026-06-18 17:55:20,1,8.0,0.7473333333333333,1,Neutral,-0.030166666666666665,29.0,v1.1,English,Customer Support,2,44.0,31-60,Medium,45354.52,5.0,2.0,9.0,Premium,36-45,Credit Card
5675,354911a6-ab27-48fd-aac4-92a89d48521d,974,2026-06-18 18:06:26,0,10.0,0.7719999999999999,0,Neutral,0.32793333333333335,40.0,v1.0,English,Customer Support,1,0.0,0,Low,0.0,3.0,1.0,2.0,High Value,18-25,
9574,c3b422b1-1319-4c5f-af05-f54c096baf58,1661,2026-06-18 18:20:04,0,9.0,0.7773666666666667,0,Neutral,0.21856666666666666,31.0,v1.0,English,Loan Collections,1,0.0,0,Low,0.0,1.0,1.0,1.0,Premium,46-55,Credit Card
6743,e6aea142-4f37-4d53-b75f-d00522397902,833,2026-06-18 18:25:22,0,6.0,0.5598,0,Neutral,0.12796666666666667,33.0,v1.0,Tamil,Payment Reminder,1,0.0,0,Low,0.0,2.0,1.0,3.0,High Value,36-45,Auto Loan
773,f48a9213-d4c9-4f06-8bf0-a5fb77137fef,326,2026-06-18 18:33:44,0,19.0,0.7648,0,Neutral,-0.1044,42.0,v1.0,Tamil,Lead Qualification,2,20.0,1-30,Low,72959.64,7.0,2.0,5.0,Premium,46-55,Credit Card
5205,d5e836e8-defc-4828-9405-e5842269f42f,417,2026-06-19 08:55:56,0,1.0,0.9407333333333333,1,Neutral,0.4968333333333333,36.0,v2.0,English,Payment Reminder,2,0.0,0,Low,0.0,7.0,1.0,4.0,Mass,26-35,Auto Loan
7845,020ec7a9-1f3e-453e-8b67-84b72d46ee93,836,2026-06-19 11:37:44,0,17.0,0.6141333333333333,0,Positive,0.17156666666666667,25.0,v2.0,English,Loan Collections,2,0.0,0,Low,0.0,2.0,0.0,3.0,Mass,46-55,Auto Loan
2316,8aa5c580-dd0f-4533-99af-14c6ba492cf5,1516,2026-06-19 12:38:46,0,5.0,0.9175,1,Positive,0.7744,39.0,v1.1,English,Loan Collections,1,0.0,0,Low,0.0,7.0,0.0,4.0,Premium,18-25,Personal Loan
5742,1e606525-6f5b-41a0-98d8-db9ca3c4816d,1798,2026-06-19 12:52:53,1,4.0,0.43506666666666666,0,Negative,-0.3835333333333333,39.0,v1.0,Hindi,Payment Reminder,2,65.0,61-90,High,61163.2,4.0,2.0,4.0,Premium,26-35,Home Loan
3376,ca498fbb-f457-4caf-92c4-368ff093861a,1493,2026-06-19 15:40:44,0,12.0,0.7644666666666667,0,Neutral,0.2508666666666666,39.0,v1.0,Telugu,Insurance Renewal,2,0.0,0,Low,0.0,3.0,1.0,3.0,Wealth,46-55,Personal Loan
3005,3475f825-20ee-4fdb-a08a-e607a5e94bdf,1483,2026-06-19 15:51:27,0,16.0,0.6936333333333334,1,Neutral,0.15916666666666665,24.0,v1.0,Telugu,Loan Collections,1,31.0,31-60,Medium,32625.81,9.0,2.0,10.0,Premium,36-45,Personal Loan
3346,39bebfbe-fdd7-4a14-934c-44f5bf9a0356,451,2026-06-19 16:08:54,1,12.0,0.5311,1,Negative,-0.4187666666666667,17.0,v1.0,English,Customer Support,2,118.0,90+,High,80841.77,5.0,2.0,9.0,Mass,18-25,Home Loan
8493,388147fd-6842-452c-884a-ca8d0fd61381,414,2026-06-19 16:35:34,1,16.0,0.7914333333333333,1,Positive,0.38486666666666663,42.0,v1.0,Hindi,Loan Collections,1,0.0,0,Low,0.0,4.0,0.0,1.0,Premium,26-35,Personal Loan
9181,66ff4221-747d-4185-ad17-100dba3dfeda,109,2026-06-19 16:54:00,1,16.0,0.36093333333333333,2,Negative,-0.5306333333333334,31.0,v1.0,Tamil,Loan Collections,2,98.0,90+,High,26881.82,3.0,0.0,0.0,Mass,36-45,Home Loan
735,3573dae8-ae10-4276-a6f7-9143fe8492bb,193,2026-06-19 17:33:59,0,9.0,0.7122999999999999,1,Positive,0.4461,36.0,v1.0,Tamil,Loan Collections,1,0.0,0,Low,0.0,4.0,0.0,0.0,Wealth,46-55,Personal Loan
451,51078f57-3755-4000-a4b4-6c344953fce2,444,2026-06-19 18:40:23,0,13.0,0.7718999999999999,0,Neutral,0.30193333333333333,29.0,v1.0,Tamil,Lead Qualification,1,0.0,0,Low,0.0,4.0,0.0,0.0,Mass,26-35,
7599,69ce7463-c3f4-43a1-aa9e-40c8dc8e6489,1549,2026-06-19 18:53:35,0,11.0,0.9338333333333333,0,Positive,0.5705,36.0,v1.1,English,Loan Application,1,0.0,0,Low,0.0,5.0,2.0,3.0,Mass,18-25,Credit Card
5723,1020425b-f185-481a-91ac-710f699d04e9,1737,2026-06-19 19:03:44,0,8.0,0.7507,1,Neutral,0.2970333333333333,44.0,v1.0,Hindi,Loan Collections,2,0.0,0,Low,0.0,4.0,1.0,3.0,Premium,36-45,Personal Loan
7949,c4a52831-07be-4982-ae97-44d2dfcfe492,794,2026-06-19 19:19:33,0,13.0,0.9090333333333334,0,Positive,0.4456,23.0,v1.1,English,Loan Collections,2,0.0,0,Low,0.0,2.0,1.0,3.0,Mass,26-35,Personal Loan
4225,be87381f-af60-48a7-ace1-779c3f0dd513,1783,2026-06-19 19:58:45,1,,0.2981666666666667,3,Neutral,-0.40149999999999997,46.0,v1.0,Telugu,Payment Reminder,2,21.0,1-30,Low,21959.27,3.0,1.0,5.0,Mass,56-65,Personal Loan
6846,0f7196a0-3bce-4fec-8992-16e321b72467,1565,2026-06-20 09:51:01,0,10.0,0.7379666666666665,0,Positive,0.27863333333333334,24.0,v1.0,Tamil,Insurance Renewal,1,0.0,0,Low,0.0,4.0,0.0,1.0,Mass,36-45,Home Loan
2146,c7c91620-8272-47c5-ae53-aa9e204ed4ac,564,2026-06-20 10:12:10,1,,0.10653333333333333,3,Negative,-0.7960333333333334,33.0,v1.0,English,Loan Collections,1,101.0,90+,High,47056.89,5.0,1.0,1.0,Premium,36-45,Auto Loan
6178,dcca56ac-6003-482a-91dd-f45c008c8743,431,2026-06-20 10:19:49,0,12.0,0.7695666666666666,0,Positive,0.11969999999999999,35.0,v1.0,Hindi,Lead Qualification,2,0.0,0,Low,0.0,7.0,3.0,9.0,Premium,26-35,Auto Loan
856,98a65be8-3171-45ff-9917-b13cf6202bb0,908,2026-06-20 11:02:08,1,14.0,0.4699333333333333,2,Positive,0.21633333333333335,47.0,v1.0,English,Lead Qualification,2,0.0,0,Low,0.0,2.0,1.0,1.0,Premium,26-35,Auto Loan
5869,4be13a3e-f324-456b-ae63-cf43a790edd0,664,2026-06-20 13:48:17,0,16.0,0.82,1,Negative,0.13496666666666668,36.0,v1.0,Hindi,Payment Reminder,1,0.0,0,Low,0.0,6.0,1.0,5.0,Premium,26-35,Credit Card
1527,7d5ba2ee-aa4e-455b-b992-bd6489fffb9b,1859,2026-06-20 14:21:26,1,,0.45213333333333333,3,Negative,-0.21986666666666665,44.0,v1.0,Hindi,Loan Collections,1,73.0,61-90,High,42886.5,4.0,0.0,1.0,Premium,26-35,Home Loan
3309,ff221729-b3e2-4da0-93f2-30d7adbcaa49,186,2026-06-20 14:31:19,1,4.0,0.2246,0,Negative,-0.33749999999999997,33.0,v1.0,English,Loan Application,1,88.0,61-90,High,22835.58,2.0,0.0,1.0,High Value,36-45,Home Loan
7898,6a33ce5d-1897-4b1a-b2ca-2abbb9715e99,1511,2026-06-20 14:35:40,1,4.0,0.2282,1,Negative,-0.5358333333333333,32.0,v1.0,Telugu,Loan Application,1,98.0,90+,High,84265.68,5.0,1.0,2.0,Premium,56-65,Credit Card
6419,58dfe6bd-1131-4909-9eb8-4cea0a6f33f1,1035,2026-06-20 15:01:04,1,12.0,0.4971666666666667,2,Negative,-0.32753333333333334,31.0,v1.0,Tamil,Lead Qualification,2,0.0,0,Low,0.0,7.0,1.0,5.0,Mass,46-55,Credit Card
8735,621ad1b5-c242-44ce-b65f-dd49ac79bef9,112,2026-06-20 15:28:55,1,4.0,0.5711666666666667,1,Neutral,-0.11233333333333333,39.0,v1.0,Tamil,Customer Support,1,0.0,0,Low,0.0,9.0,3.0,8.0,Mass,46-55,Personal Loan
5258,c75e9714-3af7-46f1-bd50-a070040ca95d,31,2026-06-20 15:58:32,0,17.0,0.5388000000000001,0,Negative,-0.20586666666666664,39.0,v1.0,Telugu,Insurance Renewal,1,0.0,0,Low,0.0,6.0,2.0,7.0,Wealth,26-35,Credit Card
289,82fc4a43-77fe-4f41-b270-5794216d99bc,59,2026-06-20 16:37:40,1,19.0,0.5477333333333333,1,Neutral,-0.23766666666666666,41.0,v1.0,Tamil,Loan Collections,1,78.0,61-90,High,57016.7,3.0,2.0,7.0,Premium,36-45,Auto Loan
7737,4ab258c9-81be-4f43-b0c6-e01196531714,1708,2026-06-20 17:10:12,0,15.0,0.5392666666666667,0,Neutral,-0.12296666666666667,34.0,v1.0,Hindi,Payment Reminder,1,0.0,0,Low,0.0,4.0,2.0,7.0,Premium,26-35,
3981,9ed7afc1-f334-4f46-a5ff-72ef74a0fbad,1832,2026-06-20 17:49:31,0,16.0,0.7709666666666667,0,Neutral,0.20646666666666666,37.0,v1.0,Telugu,Loan Collections,1,0.0,0,Low,0.0,4.0,0.0,1.0,Mass,26-35,Credit Card
5295,efcffa81-4eba-4f37-9b9b-b8483a9c839d,1813,2026-06-20 17:52:53,0,7.0,0.9095666666666666,0,Positive,0.4151,40.0,v1.1,English,Customer Support,2,0.0,0,Low,0.0,5.0,2.0,4.0,Mass,36-45,
4005,43dd2aa8-986c-4cfa-9754-22edcedac60e,419,2026-06-20 18:23:10,0,13.0,0.6098,0,Neutral,0.031100000000000006,43.0,v1.1,English,Lead Qualification,1,106.0,90+,High,24011.91,6.0,1.0,3.0,Mass,56-65,Personal Loan
8378,c00dbdbf-efa4-4bbb-93e3-3c1fd3ccaae8,1037,2026-06-21 08:16:46,0,9.0,0.6853333333333333,1,Neutral,0.19513333333333335,36.0,v1.0,English,Loan Collections,2,0.0,0,Low,0.0,3.0,0.0,1.0,Mass,56-65,
3357,c9bb28ac-3d45-4995-bd65-a40cd6332706,856,2026-06-21 08:53:17,0,18.0,0.8578,1,Positive,0.5907666666666667,39.0,v2.0,English,Payment Reminder,1,0.0,0,Low,0.0,9.0,3.0,7.0,High Value,26-35,Personal Loan
4142,4fbaf078-2632-41f8-9e35-c84e6ef2f668,837,2026-06-21 09:13:15,0,13.0,0.8204333333333333,1,Positive,0.3077666666666667,25.0,v1.0,Hindi,Loan Collections,2,0.0,0,Low,0.0,4.0,2.0,3.0,Mass,36-45,Personal Loan
9001,f37373d0-e3e1-4aae-b946-e782c47c8e19,287,2026-06-21 09:36:55,0,5.0,0.8060333333333333,1,Positive,0.3897333333333333,33.0,v1.0,English,Insurance Renewal,2,0.0,0,Low,0.0,6.0,1.0,4.0,Premium,26-35,Auto Loan
113,0655a9dd-6014-417d-bd02-3801f258062d,1005,2026-06-21 09:57:16,0,12.0,0.9117000000000001,0,Positive,0.4719333333333333,36.0,v2.0,English,Lead Qualification,1,0.0,0,Low,0.0,0.0,0.0,0.0,Premium,56-65,Credit Card
9589,9ac987de-7800-4ee4-9761-87f732957968,867,2026-06-21 10:34:15,1,11.0,0.6649333333333334,1,Neutral,0.1806,39.0,v1.1,English,Loan Application,3,83.0,61-90,High,73549.4,6.0,3.0,10.0,Mass,36-45,
3068,6adda0bc-f033-4e98-a774-3e2c1bb953fe,942,2026-06-21 11:23:21,0,10.0,0.7965,1,Positive,0.3288666666666667,33.0,v1.0,Telugu,Loan Collections,2,17.0,1-30,Low,47306.63,9.0,2.0,6.0,High Value,46-55,Credit Card
3402,55fbcbbd-3ec8-4699-a008-b1ba4baa2894,1791,2026-06-21 11:58:08,0,13.0,0.6082666666666667,1,Neutral,0.2295,34.0,v1.0,English,Customer Support,2,26.0,1-30,Low,10769.12,4.0,1.0,1.0,Wealth,26-35,Personal Loan
7713,08d0bf40-21c0-4d7f-bbf4-124ef1bc0ccb,661,2026-06-21 12:49:08,1,,0.6265333333333333,3,Neutral,-0.18383333333333332,41.0,v1.0,Hindi,Payment Reminder,2,0.0,0,Low,0.0,6.0,2.0,6.0,Mass,26-35,Credit Card
385,8b216ff0-b0b5-4b9c-92dd-b8d36f898b6c,667,2026-06-21 12:55:37,0,9.0,0.7401333333333334,1,Neutral,0.09236666666666667,37.0,v1.0,Tamil,Lead Qualification,3,0.0,0,Low,0.0,7.0,3.0,5.0,Mass,26-35,Personal Loan
8590,63513c3e-0809-4bf7-a513-2bd547064ab5,1167,2026-06-21 13:00:56,0,19.0,0.8272666666666666,0,Neutral,0.23106666666666667,41.0,v1.0,Tamil,Customer Support,1,0.0,0,Low,0.0,5.0,0.0,1.0,Premium,36-45,Personal Loan
4365,a2a9abd5-76d5-4ae7-8176-2c6e4a142599,1471,2026-06-21 13:27:41,1,17.0,0.3879333333333333,0,Negative,-0.26026666666666665,26.0,v1.0,Hindi,Customer Support,2,0.0,0,Low,0.0,8.0,3.0,7.0,Mass,36-45,Credit Card
9401,96295066-90b8-45c6-b9c7-f29a216df652,635,2026-06-21 15:09:56,1,2.0,0.4827000000000001,2,Negative,-0.4140999999999999,35.0,v1.1,English,Lead Qualification,2,112.0,90+,High,42903.25,3.0,0.0,1.0,High Value,36-45,Home Loan
6838,f1414a97-517b-45f4-9e2b-bc61a305256d,1975,2026-06-21 15:22:33,0,5.0,0.9543666666666666,0,Positive,0.7365,37.0,v2.0,English,Customer Support,2,0.0,0,Low,0.0,7.0,2.0,5.0,Wealth,26-35,Personal Loan
6885,77e761a7-4dba-4652-933e-f7f0eb3cc73a,1528,2026-06-21 16:29:51,0,15.0,0.6998333333333333,1,Positive,0.03966666666666666,39.0,v1.1,English,Customer Support,1,0.0,0,Low,0.0,6.0,2.0,8.0,Mass,46-55,Personal Loan
8037,9da86096-b267-49d7-9fe4-6ed594b594cb,565,2026-06-21 18:23:42,1,4.0,0.6876000000000001,1,Neutral,-0.1077,34.0,v1.0,Tamil,Customer Support,1,0.0,0,Low,0.0,3.0,2.0,4.0,Mass,18-25,Personal Loan
8154,cabf4c84-fecf-45bd-b8c8-45a928dccbe8,1897,2026-06-21 18:57:38,1,4.0,0.7736666666666667,2,Positive,0.18053333333333332,37.0,v1.1,English,Loan Collections,1,0.0,0,Low,0.0,8.0,2.0,6.0,Mass,26-35,Credit Card
9440,931959be-5ff4-498e-8284-a0ddb8d68c0c,550,2026-06-22 08:23:41,1,9.0,0.7186666666666667,1,Neutral,-0.12250000000000001,34.0,v1.0,English,Loan Application,2,0.0,0,Low,0.0,2.0,0.0,1.0,Mass,46-55,Personal Loan
855,427ed38a-44c6-43e9-9544-0634254b3954,106,2026-06-22 09:57:02,0,12.0,0.8777333333333334,2,Positive,0.4791,33.0,v2.0,English,Customer Support,1,0.0,0,Low,0.0,4.0,1.0,4.0,Premium,18-25,Credit Card
4681,46a6442a-ab3e-4d7e-a9ff-642914b38fa0,340,2026-06-22 10:35:33,1,10.0,0.8636666666666667,1,Neutral,0.13556666666666667,48.0,v1.0,Hindi,Loan Collections,2,0.0,0,Low,0.0,5.0,0.0,3.0,Mass,46-55,Personal Loan
3451,c746f6da-c5d3-4bfa-af45-f870350f55c9,1579,2026-06-22 11:57:00,1,18.0,0.5612666666666667,2,Neutral,-0.11113333333333335,29.0,v1.0,Hindi,Loan Collections,1,54.0,31-60,Medium,74474.64,0.0,0.0,0.0,Mass,36-45,
5091,cd494f24-4a10-4b68-8286-29711b973f8d,1365,2026-06-22 11:57:51,1,13.0,0.2614666666666667,1,Negative,-0.4175333333333333,39.0,v1.0,Tamil,Customer Support,2,107.0,90+,High,45862.61,1.0,1.0,2.0,Wealth,46-55,Credit Card
3389,dc0e9700-016b-4bf5-9c04-3fd9f08e88ae,601,2026-06-22 12:10:46,0,5.0,0.8963,0,Positive,0.564,39.0,v1.0,Hindi,Insurance Renewal,2,0.0,0,Low,0.0,3.0,0.0,0.0,Premium,26-35,Personal Loan
9194,0ebe62b4-0ad8-47f0-bb81-54287d883f55,366,2026-06-22 13:47:25,1,8.0,0.7114333333333334,2,Positive,0.05306666666666667,32.0,v1.0,Telugu,Lead Qualification,2,0.0,0,Low,0.0,4.0,0.0,3.0,Mass,36-45,Personal Loan
8681,1e3b343a-a591-450c-aa58-f8347f01ac9e,1491,2026-06-22 14:01:45,0,15.0,0.7225,1,Neutral,0.1744,23.0,v1.1,English,Loan Application,1,0.0,0,Low,0.0,6.0,3.0,5.0,Mass,26-35,Home Loan
6816,ac1faa64-7920-4560-97e3-d0d7b7ac193e,1587,2026-06-22 14:05:14,0,16.0,0.7687666666666667,0,Neutral,0.29573333333333335,32.0,v1.0,Tamil,Customer Support,2,0.0,0,Low,0.0,6.0,0.0,1.0,Mass,36-45,Credit Card
8004,4c5442b1-4236-4005-b3d4-94fdf86c397f,1021,2026-06-22 14:19:32,0,2.0,0.9109333333333334,1,Neutral,0.5003000000000001,20.0,v2.0,English,Customer Support,2,0.0,0,Low,0.0,8.0,1.0,3.0,Mass,36-45,Credit Card
5924,be29cf8b-0f2c-4a7c-9ff7-596664576b6f,706,2026-06-22 15:40:36,0,7.0,0.8752666666666666,0,Positive,0.2718,35.0,v1.0,Telugu,Insurance Renewal,1,0.0,0,Low,0.0,1.0,0.0,0.0,Mass,18-25,Credit Card
4047,f885693d-1367-4f62-8fb5-7b5c119aee83,1857,2026-06-22 16:06:45,1,,0.5191333333333333,3,Neutral,-0.16656666666666664,32.0,v1.1,English,Customer Support,1,111.0,90+,High,40868.0,4.0,1.0,3.0,Premium,26-35,Credit Card
2760,0b55eb97-2354-4bb3-9548-08a0bf4cc36c,798,2026-06-22 16:25:11,0,8.0,0.7522000000000001,1,Negative,-0.21793333333333334,29.0,v1.0,Tamil,Payment Reminder,1,0.0,0,Low,0.0,3.0,1.0,3.0,Premium,18-25,Credit Card
2696,2b9f0c2f-064c-47da-864c-7d8a643cdf9e,1315,2026-06-22 16:47:35,0,8.0,0.7136,0,Neutral,-0.04286666666666667,26.0,v1.0,Hindi,Payment Reminder,2,0.0,0,Low,0.0,4.0,1.0,2.0,Mass,26-35,Personal Loan
3761,ecfdc818-75e6-4793-99e5-54ff448c7281,1300,2026-06-22 17:02:53,1,9.0,0.5950333333333333,2,Positive,0.37906666666666666,47.0,v1.0,Hindi,Lead Qualification,2,10.0,1-30,Low,63928.21,5.0,1.0,7.0,Premium,26-35,Credit Card
8724,f6017fbc-29ae-4ce7-b188-4de1b8688344,1473,2026-06-22 17:10:51,0,16.0,0.8208000000000001,0,Neutral,0.25510000000000005,32.0,v1.0,Hindi,Loan Application,2,0.0,0,Low,0.0,4.0,2.0,5.0,Premium,36-45,Personal Loan
7985,46a06862-2eef-48f2-b7cf-9680571eb07b,2000,2026-06-22 17:25:02,0,14.0,0.8593333333333334,1,Positive,0.36769999999999997,52.0,v2.0,English,Loan Collections,1,0.0,0,Low,0.0,7.0,2.0,8.0,Wealth,36-45,Credit Card
2546,5cbe7ab1-1a93-4368-b644-3fc74d688cbc,1380,2026-06-22 17:32:14,0,12.0,0.9156,0,Positive,0.42196666666666666,34.0,v2.0,English,Loan Application,1,0.0,0,Low,0.0,5.0,1.0,2.0,Premium,36-45,Personal Loan
5498,904e185f-7461-4630-b554-10d7906219f4,1434,2026-06-22 18:53:21,0,9.0,0.78875,0,Positive,0.4991666666666667,27.0,v1.0,Tamil,Loan Collections,1,0.0,0,Low,0.0,5.0,0.0,2.0,Wealth,18-25,Personal Loan
3404,6831cfea-e6f1-4352-bf50-48dd9b7ee96f,383,2026-06-22 19:13:53,1,13.0,0.09253333333333331,2,Negative,-0.6016666666666667,48.0,v1.0,Hindi,Loan Collections,1,77.0,61-90,High,69965.54,3.0,2.0,3.0,Mass,46-55,Credit Card
767,ce864142-da22-480b-bfae-f99c37b6d43f,1803,2026-06-23 08:14:52,0,12.0,0.7850333333333334,0,Positive,0.5548000000000001,29.0,v2.0,English,Payment Reminder,1,48.0,31-60,Medium,60383.79,5.0,1.0,6.0,Premium,18-25,Personal Loan
3573,68ec8148-0c35-460e-a970-063421927746,1184,2026-06-23 09:57:55,0,18.0,0.7217333333333333,0,Neutral,0.33949999999999997,40.0,v1.1,English,Payment Reminder,2,0.0,0,Low,0.0,7.0,1.0,5.0,Mass,36-45,Personal Loan
4835,1945ba46-64ab-414b-85e2-0e3765874e25,1195,2026-06-23 10:44:33,0,8.0,0.7931333333333334,0,Neutral,0.2263666666666667,44.0,v1.1,English,Loan Application,1,0.0,0,Low,0.0,3.0,1.0,3.0,Mass,36-45,Credit Card
2804,8802c210-0d23-4b6c-bb2e-03f64d5fc6d7,1588,2026-06-23 11:25:11,1,4.0,0.5148666666666667,2,Neutral,-0.07393333333333334,34.0,v1.0,Tamil,Customer Support,3,0.0,0,Low,0.0,6.0,1.0,2.0,Mass,36-45,Home Loan
8708,fba0dedc-a500-492d-8651-8e5f18e69be2,983,2026-06-23 11:52:54,0,17.0,0.8392666666666666,1,Positive,0.27376666666666666,26.0,v1.0,Telugu,Insurance Renewal,1,0.0,0,Low,0.0,5.0,0.0,2.0,High Value,46-55,Personal Loan
1347,ced8911c-5f92-4396-86f4-05840e4cff92,397,2026-06-23 11:58:25,1,,0.16666666666666666,3,Negative,-0.6783,40.0,v1.0,English,Payment Reminder,2,112.0,90+,High,73346.07,7.0,1.0,4.0,Mass,36-45,Personal Loan
3056,c2920dac-2715-44b4-8bbf-90b5279b61ee,1297,2026-06-23 12:07:20,0,10.0,0.8367666666666667,1,Positive,0.43873333333333336,25.0,v1.1,English,Customer Support,2,45.0,31-60,Medium,30307.67,6.0,1.0,5.0,Mass,36-45,Credit Card
7748,6c0425db-ce73-4364-a00e-b312eb43194f,1636,2026-06-23 13:25:35,0,12.0,0.8099,1,Neutral,0.2838333333333333,38.0,v1.0,Hindi,Customer Support,1,0.0,0,Low,0.0,3.0,1.0,3.0,Mass,36-45,Home Loan
5943,8c6ff8f6-383d-42b3-833b-eb79364867d2,1494,2026-06-23 13:27:15,0,1.0,0.8397666666666667,0,Neutral,0.22593333333333332,42.0,v1.0,Telugu,Payment Reminder,1,0.0,0,Low,0.0,1.0,0.0,0.0,Mass,26-35,Credit Card
8714,cbd4540f-2444-4940-a272-1d34524bb12e,1225,2026-06-23 13:50:55,0,19.0,0.8112,1,Neutral,0.15969999999999998,28.0,v2.0,English,Customer Support,1,26.0,1-30,Low,49910.43,6.0,1.0,3.0,Premium,36-45,Personal Loan
3539,37eb3a19-2d3c-4418-9a06-1c823669daa6,528,2026-06-23 14:25:11,0,10.0,0.8901333333333333,0,Positive,0.4666333333333334,31.0,v1.0,Hindi,Loan Application,2,0.0,0,Low,0.0,5.0,1.0,3.0,Mass,36-45,Home Loan
940,4236d0cf-26a6-4c2a-8e73-c25e93ae3fe0,833,2026-06-23 14:58:01,0,4.0,0.7232999999999999,1,Neutral,0.2021666666666667,31.0,v1.1,English,Insurance Renewal,1,0.0,0,Low,0.0,4.0,1.0,3.0,High Value,36-45,Auto Loan
8138,1477086c-cbed-47cf-91f7-3ae8e07070ab,86,2026-06-23 15:11:00,0,2.0,0.6934999999999999,0,Negative,-0.1109,29.0,v1.0,Telugu,Lead Qualification,3,0.0,0,Low,0.0,5.0,2.0,5.0,Mass,46-55,Credit Card
9311,eda9791c-7bda-43c2-9044-f0053599b78f,121,2026-06-23 15:46:55,1,4.0,0.2159333333333333,0,Negative,-0.38326666666666664,30.0,v1.0,Hindi,Insurance Renewal,2,86.0,61-90,High,95740.56,5.0,1.0,3.0,Mass,18-25,Personal Loan
5532,26b24618-1dec-4847-93e9-36782b3a1bd1,187,2026-06-23 16:11:38,0,5.0,0.8150333333333334,0,Positive,0.5766,37.0,v1.1,English,Insurance Renewal,1,31.0,31-60,Medium,69436.41,3.0,0.0,0.0,Mass,26-35,Personal Loan
8848,08d2c530-2a66-4344-aae9-bb743c196e6b,1254,2026-06-23 17:29:09,0,4.0,0.7949999999999999,1,Positive,0.2586,36.0,v1.0,Telugu,Payment Reminder,1,0.0,0,Low,0.0,4.0,0.0,1.0,Mass,46-55,
7715,92186711-5476-4842-8c6c-3ab79f88443f,450,2026-06-23 17:31:12,0,1.0,0.8695333333333334,1,Positive,0.3882666666666667,37.0,v1.0,Telugu,Loan Application,1,4.0,1-30,Low,79094.07,2.0,0.0,1.0,Mass,26-35,Credit Card
7178,8c4a4584-b937-4cbb-b629-2336a9511432,1618,2026-06-23 19:00:37,0,15.0,0.5306000000000001,1,Neutral,-0.11206666666666665,41.0,v1.0,Tamil,Customer Support,1,0.0,0,Low,0.0,6.0,0.0,3.0,Wealth,36-45,Credit Card
8391,a0ac651c-c0a4-4fa3-9a30-a876ab148aaa,1870,2026-06-23 19:13:03,0,1.0,0.9401333333333334,0,Positive,0.745,35.0,v2.0,English,Insurance Renewal,1,0.0,0,Low,0.0,1.0,0.0,0.0,Mass,26-35,
4381,f9658166-3ed8-4f25-97fc-6da9423e9826,182,2026-06-23 19:21:33,1,13.0,0.5046666666666667,2,Neutral,-0.1345333333333333,36.0,v1.0,Telugu,Loan Collections,1,70.0,61-90,High,58308.13,2.0,1.0,4.0,Mass,36-45,Credit Card
4348,7a84fceb-b008-45ae-aeb9-131137dd1d10,1361,2026-06-23 19:57:11,0,9.0,0.7315666666666667,1,Neutral,0.21516666666666664,51.0,v1.0,Hindi,Payment Reminder,1,0.0,0,Low,0.0,0.0,0.0,0.0,Premium,46-55,Personal Loan
44,d67c9c4a-cf59-409e-907f-9902b24109d4,1323,2026-06-24 08:16:25,0,5.0,0.8481,1,Positive,0.23516666666666666,38.0,v1.0,Telugu,Customer Support,1,0.0,0,Low,0.0,3.0,1.0,1.0,Mass,18-25,Credit Card
4270,bf54a2e6-845e-43cd-9823-4df02661d8b0,1201,2026-06-24 08:55:41,0,9.0,0.7772666666666667,1,Neutral,0.26943333333333336,30.0,v1.0,Hindi,Lead Qualification,1,0.0,0,Low,0.0,6.0,0.0,2.0,Premium,26-35,Credit Card
1190,39675762-2dc7-4641-b77b-abc421e95e43,297,2026-06-24 09:02:53,0,12.0,0.7074333333333334,1,Neutral,0.27730000000000005,40.0,v1.0,English,Payment Reminder,1,0.0,0,Low,0.0,2.0,1.0,1.0,Mass,36-45,Home Loan
3038,d916ba52-ea61-4d78-b028-d45109b46f03,289,2026-06-24 12:12:38,0,6.0,0.8537333333333333,1,Neutral,0.33663333333333334,36.0,v2.0,English,Loan Collections,2,0.0,0,Low,0.0,5.0,2.0,6.0,Mass,46-55,Auto Loan
7990,898d61ff-c7fe-4c86-b14f-73a36c8612f8,80,2026-06-24 12:20:26,0,5.0,0.9376333333333333,0,Positive,0.6287666666666666,32.0,v1.1,English,Loan Collections,2,0.0,0,Low,0.0,3.0,1.0,4.0,Premium,36-45,Personal Loan
9515,617762a9-f48f-42af-b1e2-00ee09e4b25a,225,2026-06-24 13:02:38,0,10.0,0.7927666666666666,1,Positive,0.5044666666666666,35.0,v1.0,Telugu,Loan Application,1,0.0,0,Low,0.0,8.0,1.0,4.0,Premium,26-35,Credit Card
4126,5ed882d0-0489-4063-8c2f-7e459b60a58a,735,2026-06-24 13:25:52,0,1.0,0.44506666666666667,1,Neutral,-0.3101333333333333,33.0,v1.0,Hindi,Payment Reminder,1,0.0,0,Low,0.0,4.0,1.0,3.0,Mass,18-25,Personal Loan
3396,2029586c-9dec-4c18-9a45-6006a5c5c7f3,717,2026-06-24 13:29:35,0,1.0,0.5712666666666667,1,Neutral,0.1429,37.0,v1.0,English,Insurance Renewal,1,0.0,0,Low,0.0,2.0,0.0,0.0,Mass,46-55,Personal Loan
9767,d052abe9-2200-43b2-a286-ec597e74d27e,175,2026-06-24 14:15:21,0,12.0,0.6147,1,Neutral,0.08696666666666668,37.0,v1.0,English,Customer Support,1,0.0,0,Low,0.0,2.0,2.0,3.0,High Value,46-55,Credit Card
8350,7f26a055-75ad-40f6-8a1f-591dc7d96358,526,2026-06-24 14:34:33,0,12.0,0.9067,0,Positive,0.4843,34.0,v2.0,English,Loan Collections,1,0.0,0,Low,0.0,3.0,1.0,2.0,Wealth,56-65,Home Loan
3789,ecdff6f0-96ae-4c6e-80eb-5b09dc8050a6,1574,2026-06-24 14:41:53,1,8.0,0.3591666666666667,2,Negative,-0.4723333333333333,42.0,v1.0,Hindi,Loan Application,1,0.0,0,Low,0.0,3.0,1.0,2.0,High Value,18-25,Credit Card
3686,d17183ac-d2f3-4aaf-bf42-a2c24f082100,716,2026-06-24 15:51:07,1,12.0,0.7882666666666666,2,Neutral,0.037333333333333336,28.0,v1.0,Telugu,Customer Support,3,0.0,0,Low,0.0,4.0,2.0,4.0,Mass,46-55,Credit Card
169,8a0006c3-179e-4afd-beb1-5534f31e6fc7,1903,2026-06-24 16:12:58,0,18.0,0.7656666666666666,1,Positive,0.40323333333333333,29.0,v1.1,English,Loan Collections,1,0.0,0,Low,0.0,2.0,0.0,1.0,Wealth,36-45,Credit Card
5095,aeb57bd3-16df-481e-b2e5-baf93c435918,1575,2026-06-24 17:01:14,0,19.0,0.82785,0,Neutral,0.056866666666666656,38.0,v1.0,Telugu,Loan Application,1,10.0,1-30,Low,38842.12,6.0,4.0,7.0,Premium,36-45,Credit Card
4504,c06ae0fc-e870-439b-a54b-4cc58bccc287,246,2026-06-24 17:09:21,0,10.0,0.8968333333333334,0,Positive,0.3653666666666666,31.0,v2.0,English,Lead Qualification,1,0.0,0,Low,0.0,2.0,1.0,5.0,Premium,26-35,Personal Loan
560,33bfade8-8cba-43f1-8df2-7674115518f9,133,2026-06-24 17:42:21,0,18.0,0.6235333333333334,1,Negative,-0.06860000000000001,38.0,v1.0,English,Loan Collections,1,0.0,0,Low,0.0,6.0,2.0,5.0,Premium,26-35,Credit Card
3031,c215b187-ab4e-4db2-b655-c04f43f7371e,835,2026-06-24 18:30:39,1,14.0,0.7012999999999999,1,Neutral,-0.2671333333333333,42.0,v1.0,English,Loan Collections,1,0.0,0,Low,0.0,2.0,0.0,1.0,Mass,26-35,Auto Loan
8324,dc5c75f3-f4ae-47b6-b127-51c812cb26c3,1552,2026-06-24 19:13:52,1,,0.30429999999999996,3,Negative,-0.5983666666666666,38.0,v1.0,Hindi,Loan Collections,1,95.0,90+,High,63463.94,3.0,0.0,0.0,Mass,26-35,Home Loan
7102,d4bdab7b-9a88-41bd-9612-eaabb2995dca,1411,2026-06-24 19:27:52,0,5.0,0.8308333333333334,0,Neutral,0.40419999999999995,34.0,v1.0,Telugu,Lead Qualification,2,0.0,0,Low,0.0,9.0,3.0,9.0,Wealth,18-25,Personal Loan
7975,a0f94160-1140-432e-b316-c77e879de3b9,328,2026-06-24 19:39:11,0,8.0,0.7631333333333333,0,Positive,0.30416666666666664,40.0,v1.0,English,Customer Support,1,0.0,0,Low,0.0,4.0,0.0,1.0,Premium,46-55,Credit Card
4492,3397bba1-6007-4377-b707-0161bf0426c0,1801,2026-06-24 19:55:06,1,18.0,0.28695,1,Negative,-0.3987333333333334,39.0,v1.0,Telugu,Loan Collections,3,0.0,0,Low,0.0,5.0,2.0,5.0,Mass,26-35,Personal Loan
2100,bdc81e7f-b8b0-495a-82fd-e1fb419b0b04,1850,2026-06-25 08:30:39,1,14.0,0.5064333333333334,1,Neutral,-0.09873333333333334,35.0,v1.0,Telugu,Loan Collections,1,117.0,90+,High,76688.37,2.0,0.0,1.0,Premium,46-55,Credit Card
6962,f4414371-9bb7-4c93-87f4-b3629b8d0b85,75,2026-06-25 08:33:19,0,7.0,0.8349333333333333,1,Positive,0.5076666666666667,33.0,v1.0,Hindi,Insurance Renewal,2,0.0,0,Low,0.0,3.0,1.0,3.0,Mass,26-35,Personal Loan
318,ba1c19d8-e2b8-4f5a-95a2-ba37b43c3699,1784,2026-06-25 08:51:50,1,4.0,0.5594333333333333,0,Neutral,0.0717,36.0,v1.0,Tamil,Lead Qualification,2,0.0,0,Low,0.0,7.0,1.0,2.0,Premium,26-35,Credit Card
9092,ca998f69-fdf5-4b5f-87d5-591b720efc0c,1822,2026-06-25 08:53:30,0,1.0,0.8771666666666667,0,Positive,0.2208,41.0,v1.0,Tamil,Payment Reminder,1,15.0,1-30,Low,76149.24,3.0,0.0,1.0,Mass,26-35,Personal Loan
3208,18ee629c-3116-4c02-b5b7-5cfd55381e39,873,2026-06-25 09:30:41,1,13.0,0.37143333333333334,2,Negative,-0.459,41.0,v1.0,English,Insurance Renewal,2,107.0,90+,High,42318.18,5.0,1.0,4.0,Premium,56-65,Credit Card
8220,fc1fc894-86d8-4e23-8eec-b7c81b027497,1940,2026-06-25 10:02:59,0,16.0,0.7251,1,Positive,0.3957,30.0,v1.0,Tamil,Loan Collections,1,0.0,0,Low,0.0,3.0,2.0,5.0,Mass,36-45,Auto Loan
8762,d41a0a03-f6c5-4955-9b7c-aa8a9a43b4ee,632,2026-06-25 13:16:55,0,4.0,0.668,0,Positive,0.3264,35.0,v1.0,Telugu,Customer Support,1,0.0,0,Low,0.0,4.0,2.0,10.0,Mass,36-45,Credit Card
5863,be3a6186-5ec2-45b0-b46c-02a6808abbfc,1040,2026-06-25 14:03:15,1,12.0,0.3974666666666667,2,Negative,0.08233333333333333,28.0,v1.0,Tamil,Lead Qualification,1,111.0,90+,High,49264.83,4.0,0.0,2.0,Mass,26-35,Auto Loan
3873,43f37c39-501a-4d81-ac35-05f8690101cc,1443,2026-06-25 14:49:10,1,,0.8024666666666667,3,Neutral,0.2024,35.0,v1.0,English,Customer Support,1,0.0,0,Low,0.0,9.0,2.0,4.0,High Value,26-35,Personal Loan
426,3498fc6f-ea7a-4ac9-a5d4-4a8d23171b91,331,2026-06-25 17:19:31,0,18.0,0.6614333333333334,1,Neutral,-0.016366666666666665,30.0,v1.0,Telugu,Customer Support,1,0.0,0,Low,0.0,5.0,1.0,4.0,Mass,36-45,Personal Loan
5772,5313e067-a081-40c8-aeef-449f6ee02282,629,2026-06-25 17:24:41,0,5.0,0.8308,0,Positive,0.4258,37.0,v1.0,Tamil,Loan Application,2,0.0,0,Low,0.0,5.0,1.0,4.0,Premium,36-45,Home Loan
4308,9bc92d64-b87d-44e5-9443-0f9dec6ce7e4,1250,2026-06-25 18:20:10,0,2.0,0.6173666666666667,1,Neutral,-0.21866666666666668,29.0,v1.0,Telugu,Lead Qualification,2,0.0,0,Low,0.0,7.0,1.0,3.0,Premium,36-45,Credit Card
2688,7ba4086e-317f-497b-aa24-d83f27438b7b,891,2026-06-25 18:24:41,0,9.0,0.7874333333333334,1,Neutral,0.2051666666666667,36.0,v1.0,English,Loan Application,1,0.0,0,Low,0.0,1.0,0.0,0.0,High Value,18-25,Auto Loan
1502,fdd4908b-707f-414e-8b21-fc496eb34d8e,1212,2026-06-25 18:32:41,1,,0.6904,3,Neutral,0.12426666666666668,32.0,v1.0,Hindi,Payment Reminder,1,50.0,31-60,Medium,43793.94,2.0,0.0,0.0,Wealth,26-35,Credit Card
1256,281e168b-f073-4d47-ad27-efef930dc0b5,981,2026-06-25 19:05:17,0,2.0,0.7439666666666667,0,Positive,0.32853333333333334,34.0,v1.0,Telugu,Insurance Renewal,3,0.0,0,Low,0.0,6.0,0.0,1.0,Mass,18-25,Auto Loan
5296,4d444def-c80c-468e-bb53-d2639d434c0b,1953,2026-06-26 08:55:36,1,6.0,0.48386666666666667,2,Neutral,-0.1309,44.0,v1.0,Tamil,Payment Reminder,1,0.0,0,Low,0.0,8.0,4.0,13.0,Premium,18-25,Credit Card
6949,7c605502-3a4f-49c1-b307-79f5d4355859,1917,2026-06-26 09:13:31,1,,0.27213333333333334,3,Negative,-0.3780666666666667,38.0,v1.0,Tamil,Customer Support,1,70.0,61-90,High,27719.39,4.0,0.0,1.0,Mass,18-25,Personal Loan
3900,3bad4b54-dd53-4045-80a4-fbcb7b82b22d,608,2026-06-26 11:18:21,0,18.0,0.6630333333333334,1,Negative,-0.15969999999999998,45.0,v1.0,English,Insurance Renewal,1,0.0,0,Low,0.0,2.0,1.0,1.0,Mass,46-55,Credit Card
412,e5dd1683-738e-4b7e-926f-4ab4c0f33f3e,1409,2026-06-26 13:15:57,1,19.0,0.2074666666666667,2,Negative,-0.48973333333333335,39.0,v1.0,English,Lead Qualification,1,60.0,31-60,Medium,60110.56,3.0,1.0,5.0,Mass,26-35,Personal Loan
3494,15b36bc4-d273-4036-b6a9-2b2432592423,1300,2026-06-26 13:35:40,0,10.0,0.9569,0,Positive,0.6667,42.0,v2.0,English,Loan Collections,3,0.0,0,Low,0.0,6.0,2.0,10.0,Premium,26-35,Credit Card
315,72114e7b-43ea-4d93-a617-ccb730fe2b30,1889,2026-06-26 13:48:47,1,3.0,0.5573,2,Negative,0.14816666666666667,43.0,v1.1,English,Loan Collections,3,0.0,0,Low,0.0,7.0,3.0,13.0,Mass,56-65,
1005,7be6ecc2-8779-4b91-842e-5942670521bd,635,2026-06-26 14:52:16,0,7.0,0.9180333333333333,1,Positive,0.727,47.0,v2.0,English,Loan Collections,1,0.0,0,Low,0.0,5.0,2.0,4.0,High Value,36-45,Home Loan
8540,3a2b2f43-5c5b-4a26-8c1d-02e93f6caf0c,770,2026-06-26 15:06:19,1,,0.32363333333333333,3,Negative,-0.41596666666666665,33.0,v1.0,Telugu,Payment Reminder,1,88.0,61-90,High,46790.47,3.0,1.0,3.0,Premium,26-35,Personal Loan
3493,aa9a3ab4-beca-47df-a29c-e6fe8e5d0d6b,1326,2026-06-26 15:52:21,1,,0.2981666666666667,3,Negative,-0.4046666666666667,39.0,v1.0,Hindi,Loan Collections,1,113.0,90+,High,81049.13,1.0,0.0,0.0,Mass,56-65,Personal Loan
1548,f5893962-8258-433a-9051-2bf48f46b668,609,2026-06-26 18:43:30,0,10.0,0.8811666666666667,1,Positive,0.6038666666666667,30.0,v1.1,English,Customer Support,2,0.0,0,Low,0.0,7.0,2.0,4.0,Mass,56-65,Home Loan
366,423d0757-9070-4d28-9d1b-a9a8e09ec641,1103,2026-06-26 19:01:56,1,,0.25266666666666665,3,Negative,-0.5297,45.0,v1.0,Telugu,Payment Reminder,1,91.0,90+,High,51261.99,2.0,1.0,2.0,Mass,26-35,Personal Loan
833,00e5f307-63c7-4566-a0e5-cc8e12f84c9d,395,2026-06-26 19:09:41,1,4.0,0.5036999999999999,0,Neutral,0.16633333333333333,32.0,v1.0,Telugu,Loan Collections,1,0.0,0,Low,0.0,2.0,1.0,5.0,Mass,46-55,Credit Card
320,7a53d6aa-cc04-45dc-a72f-f6af61bd261f,1073,2026-06-26 19:51:27,1,6.0,0.46526666666666666,2,Negative,-0.45736666666666664,32.0,v1.0,Tamil,Loan Collections,1,0.0,0,Low,0.0,2.0,0.0,1.0,Wealth,18-25,Credit Card
4794,165cec2c-8870-465d-9acc-c3c4c22c270f,689,2026-06-27 08:17:20,0,3.0,0.6797333333333334,1,Neutral,0.08036666666666666,41.0,v2.0,English,Payment Reminder,2,15.0,1-30,Low,53709.07,4.0,3.0,9.0,Mass,26-35,Credit Card
8237,70023d3f-2dc6-4b7f-9d5e-1c5c67faa573,1531,2026-06-27 10:16:02,1,12.0,0.8924333333333333,2,Neutral,0.2603333333333333,40.0,v1.1,English,Loan Collections,2,0.0,0,Low,0.0,5.0,0.0,1.0,Mass,46-55,Credit Card
2532,ea532a1b-cd7f-4175-8e83-8c99770ad15a,1910,2026-06-27 10:36:00,0,18.0,0.8316,1,Positive,0.6037,40.0,v2.0,English,Loan Application,1,0.0,0,Low,0.0,4.0,0.0,0.0,Mass,18-25,Home Loan
1843,3515548d-077a-447f-a22d-2abf9eb5877a,1646,2026-06-27 10:56:28,0,4.0,0.6271333333333333,0,Neutral,0.22583333333333333,31.0,v1.1,English,Customer Support,1,41.0,31-60,Medium,50355.82,4.0,1.0,3.0,Mass,46-55,Personal Loan
7276,47d7af25-375b-4b71-bf00-8fc7fdaf114f,1909,2026-06-27 11:06:13,0,8.0,0.8143666666666666,0,Neutral,0.16463333333333333,31.0,v2.0,English,Customer Support,2,71.0,61-90,High,43212.72,4.0,1.0,4.0,Mass,56-65,Personal Loan
1519,b59888a0-3a46-49cc-acaf-b7d89c88089d,142,2026-06-27 11:40:41,1,15.0,0.32816666666666666,2,Negative,-0.43533333333333335,32.0,v1.0,Hindi,Customer Support,2,59.0,31-60,Medium,46626.26,8.0,2.0,5.0,Premium,46-55,Auto Loan
1153,c883cd10-fe0b-4cf8-a2c8-be5707913986,595,2026-06-27 12:34:24,0,10.0,0.8296999999999999,1,Positive,0.6300333333333333,36.0,v1.1,English,Loan Collections,1,0.0,0,Low,0.0,4.0,0.0,3.0,Mass,36-45,
5865,796a2694-6608-4194-be8e-e01700ab03ab,1984,2026-06-27 12:44:17,0,1.0,0.8861666666666667,1,Neutral,0.38680000000000003,31.0,v1.1,English,Loan Collections,2,0.0,0,Low,0.0,7.0,1.0,3.0,Premium,36-45,Home Loan
8672,6e98afda-3b50-42da-bad4-79a85849b5b0,301,2026-06-27 13:26:44,1,,0.25543333333333335,3,Negative,-0.4639333333333333,36.0,v1.0,Tamil,Lead Qualification,2,99.0,90+,High,24982.18,2.0,0.0,0.0,Mass,18-25,Home Loan
4243,a79c4797-f233-477a-8ca5-6b53c2f1093e,571,2026-06-27 17:17:55,0,19.0,0.6131333333333333,0,Positive,0.10976666666666668,30.0,v1.0,Telugu,Insurance Renewal,1,104.0,90+,High,59912.99,3.0,1.0,2.0,Premium,46-55,Home Loan
8998,7de3874f-54a4-4bed-a146-ddf072eb115b,1561,2026-06-27 18:18:00,0,1.0,0.8749333333333333,1,Positive,0.5943333333333333,28.0,v1.0,Hindi,Loan Collections,2,0.0,0,Low,0.0,6.0,0.0,4.0,Mass,26-35,Personal Loan
7264,1f7760e2-7043-4403-a337-c308f061709b,543,2026-06-27 18:31:21,0,13.0,0.8133666666666667,2,Neutral,0.2779333333333333,40.0,v1.0,Tamil,Loan Collections,1,0.0,0,Low,0.0,1.0,0.0,0.0,Mass,18-25,Home Loan
5188,bcae0c38-34a5-415c-989d-8b4cacc7beaf,692,2026-06-27 19:02:18,0,1.0,0.7672,0,Neutral,0.37493333333333334,25.0,v1.0,English,Insurance Renewal,2,0.0,0,Low,0.0,8.0,2.0,6.0,Mass,56-65,Auto Loan
4964,62142785-56bf-4885-829c-f38cbc05097f,1908,2026-06-27 19:28:37,0,7.0,0.8175666666666667,0,Positive,0.34349999999999997,36.0,v1.0,Hindi,Insurance Renewal,3,0.0,0,Low,0.0,8.0,2.0,10.0,Premium,18-25,Home Loan
7858,4e29db0c-771e-4690-bbf7-9dc1da5da830,1498,2026-06-28 08:13:14,1,8.0,0.6786333333333333,1,Positive,0.1875,35.0,v2.0,English,Loan Collections,2,103.0,90+,High,46522.64,10.0,1.0,4.0,Premium,56-65,Credit Card
9193,c412ebfc-f111-4b72-bb03-522db83a0612,1325,2026-06-28 08:26:17,0,9.0,0.8622666666666666,1,Positive,0.6036,30.0,v2.0,English,Loan Application,1,0.0,0,Low,0.0,4.0,0.0,0.0,Wealth,26-35,
7076,f24eb8b5-ae6c-4737-be68-4e12447596a2,1450,2026-06-28 08:44:05,0,11.0,0.9438333333333334,1,Positive,0.6866333333333333,48.0,v2.0,English,Loan Application,1,0.0,0,Low,0.0,5.0,0.0,2.0,Wealth,18-25,Credit Card
8624,aebe2287-f1e2-4bd7-9d16-1d22898413e5,1892,2026-06-28 09:14:50,0,10.0,0.8009666666666666,0,Neutral,0.23739999999999997,52.0,v1.0,Telugu,Loan Application,2,0.0,0,Low,0.0,4.0,1.0,1.0,High Value,36-45,Credit Card
5595,b3ed0f36-d386-41a7-a309-a995c3f2c708,1340,2026-06-28 09:22:20,1,5.0,0.8586,2,Positive,0.4878,31.0,v1.0,Hindi,Insurance Renewal,1,0.0,0,Low,0.0,3.0,1.0,2.0,Mass,26-35,Personal Loan
2689,a8d76cc7-8989-4e43-851f-bd326b6a539a,1188,2026-06-28 09:57:23,0,19.0,0.7103666666666667,1,Positive,0.4509,39.0,v1.0,Tamil,Loan Collections,2,0.0,0,Low,0.0,3.0,0.0,1.0,Mass,26-35,Credit Card
8643,d6f97e32-3807-40c3-a6b4-db048bad6cc9,625,2026-06-28 10:10:54,0,9.0,0.7271666666666666,0,Neutral,0.32466666666666666,31.0,v1.1,English,Payment Reminder,3,49.0,31-60,Medium,23029.29,8.0,0.0,2.0,Mass,46-55,Home Loan
3642,bf31795c-8723-4bc7-b444-c370ac41eb9e,597,2026-06-28 10:25:56,1,2.0,0.7420666666666667,1,Positive,0.3317666666666667,39.0,v1.0,Hindi,Loan Application,4,0.0,0,Low,0.0,7.0,2.0,10.0,Mass,36-45,Personal Loan
8283,181d06b7-203d-4634-b6c5-76c74364e3f9,706,2026-06-28 10:44:01,0,16.0,0.8059,2,Neutral,0.28613333333333335,36.0,v1.0,Hindi,Payment Reminder,1,0.0,0,Low,0.0,2.0,0.0,0.0,Mass,18-25,Credit Card
6112,8133d5e3-7280-4518-a53a-1daaf54fad02,1223,2026-06-28 11:02:56,1,18.0,0.4184333333333334,2,Negative,-0.38149999999999995,31.0,v1.0,Hindi,Customer Support,1,94.0,90+,High,39511.14,4.0,1.0,5.0,Premium,36-45,Personal Loan
3908,3812f2cf-3298-4ed3-8587-220e859c709d,605,2026-06-28 11:40:23,1,,0.3904,3,Neutral,-0.40090000000000003,34.0,v1.0,Telugu,Loan Collections,1,95.0,90+,High,89558.88,2.0,1.0,3.0,Mass,46-55,Personal Loan
3359,e7ce96c9-f4f1-443d-9a3e-d032a469e410,1564,2026-06-28 11:50:20,0,9.0,0.7272,1,Positive,0.39220000000000005,38.0,v1.0,Tamil,Lead Qualification,1,0.0,0,Low,0.0,6.0,2.0,6.0,Premium,36-45,Personal Loan
5748,292d0bfc-dc7b-440a-b38f-60dcf22fa5da,175,2026-06-28 14:55:21,0,12.0,0.6116666666666667,1,Neutral,0.19906666666666664,35.0,v1.0,Telugu,Insurance Renewal,1,0.0,0,Low,0.0,3.0,2.0,4.0,High Value,46-55,Credit Card
4148,1ca71d71-c36d-48f5-961c-eda0b4418b42,290,2026-06-28 17:27:43,0,18.0,0.5632,0,Neutral,-0.09823333333333334,27.0,v1.0,Tamil,Lead Qualification,1,0.0,0,Low,0.0,2.0,1.0,2.0,Mass,36-45,Personal Loan
8311,a31cd9be-1917-4858-98e9-afdc5b776994,601,2026-06-28 17:59:19,0,12.0,0.7220333333333334,0,Negative,0.06906666666666668,36.0,v1.0,Tamil,Customer Support,1,0.0,0,Low,0.0,4.0,0.0,1.0,Premium,26-35,Personal Loan
5166,d53cd5b1-5610-4306-9724-bfdb36d93a35,1049,2026-06-28 19:17:25,1,18.0,0.8405999999999999,2,Neutral,-0.2027333333333333,45.0,v1.0,Tamil,Loan Application,1,0.0,0,Low,0.0,2.0,0.0,0.0,Mass,18-25,Credit Card
6253,8411a160-e19d-4497-817c-218d82ee47f8,1818,2026-06-29 08:11:26,1,18.0,0.3431,2,Neutral,-0.41956666666666664,35.0,v1.0,English,Insurance Renewal,2,103.0,90+,High,38174.21,3.0,2.0,2.0,Mass,36-45,Credit Card
6612,abeeaf5e-e1f4-4740-8c48-7f76499c2a38,1424,2026-06-29 08:19:32,0,9.0,0.8713666666666667,1,Neutral,0.4744333333333333,39.0,v1.1,English,Loan Collections,2,0.0,0,Low,0.0,6.0,0.0,0.0,Mass,26-35,Personal Loan
7177,04b2d4c5-7333-4539-b7f9-fdbefd08be74,1186,2026-06-29 09:07:10,0,7.0,0.9424333333333333,0,Positive,0.6897333333333333,37.0,v2.0,English,Lead Qualification,1,0.0,0,Low,0.0,4.0,2.0,4.0,Mass,26-35,Credit Card
3729,cb2a9074-309f-40c1-89fc-b13ecaf5ee01,727,2026-06-29 10:45:34,1,,0.6043,3,Negative,-0.3303666666666667,48.0,v1.0,Hindi,Payment Reminder,1,0.0,0,Low,0.0,3.0,0.0,0.0,Mass,26-35,Personal Loan
944,011c70ef-ba90-45e1-9bca-241f7d4910e1,1220,2026-06-29 11:16:56,0,4.0,0.8081666666666667,1,Neutral,0.4089,28.0,v2.0,English,Payment Reminder,1,0.0,0,Low,0.0,8.0,1.0,2.0,High Value,46-55,Personal Loan
3449,8ccb3f6c-3a29-4ff8-93e4-3d9566a31f5c,1,2026-06-29 11:58:34,1,4.0,0.5826666666666666,2,Neutral,-0.24356666666666668,29.0,v1.0,Tamil,Loan Collections,1,39.0,31-60,Medium,28025.93,3.0,1.0,3.0,Premium,18-25,Credit Card
2992,f0df1cef-fdc0-4c89-a108-f59bb2078911,130,2026-06-29 12:12:41,1,9.0,0.8482666666666666,2,Positive,0.4936333333333333,27.0,v2.0,English,Loan Collections,1,66.0,61-90,High,53299.21,1.0,0.0,1.0,Mass,46-55,Personal Loan
3133,bf5a9768-0fbc-4c6a-b30d-258dd8b53521,735,2026-06-29 15:06:11,0,12.0,0.8081666666666667,1,Positive,0.35683333333333334,30.0,v2.0,English,Payment Reminder,2,66.0,61-90,High,25628.74,5.0,1.0,4.0,Mass,18-25,Personal Loan
2866,29ca9943-b5ab-44f8-9e67-5cba85a1bf7f,1350,2026-06-29 15:32:01,0,16.0,0.7838333333333334,1,Neutral,0.36506666666666665,42.0,v1.1,English,Loan Collections,2,0.0,0,Low,0.0,3.0,1.0,2.0,Premium,65+,Personal Loan
3167,67bb5f88-af2d-49be-9d73-d4bf5b9acde5,1678,2026-06-29 15:32:01,0,4.0,0.9233666666666666,0,Positive,0.48419999999999996,36.0,v2.0,English,Loan Collections,1,0.0,0,Low,0.0,4.0,0.0,2.0,Mass,26-35,Credit Card
9057,29239072-8749-4297-96d6-eddd67b8e063,1669,2026-06-29 15:33:29,1,,0.47233333333333327,3,Negative,-0.48133333333333334,37.0,v1.0,Telugu,Loan Application,1,0.0,0,Low,0.0,1.0,0.0,0.0,Mass,46-55,Credit Card
2438,6d5a43df-01d1-43a2-92d5-7545bf357159,1690,2026-06-29 16:07:22,0,15.0,0.6359666666666667,0,Neutral,0.06910000000000001,22.0,v2.0,English,Loan Application,1,57.0,31-60,Medium,37838.55,1.0,1.0,1.0,Premium,26-35,Credit Card
6736,14000f13-f947-48c4-a19d-57bbdbdd2a3f,959,2026-06-29 16:41:29,0,10.0,0.9416333333333333,0,Positive,0.5676333333333333,30.0,v1.1,English,Insurance Renewal,1,0.0,0,Low,0.0,6.0,1.0,1.0,Mass,18-25,Credit Card
920,5998322e-ed8d-4be1-ad42-3933251080b0,544,2026-06-29 16:53:00,0,10.0,0.8986333333333333,0,Positive,0.7111333333333333,41.0,v1.1,English,Payment Reminder,1,0.0,0,Low,0.0,6.0,1.0,2.0,High Value,26-35,Credit Card
2712,11d7b180-8089-477a-8928-a634829a4de0,1859,2026-06-29 17:33:17,0,19.0,0.6833333333333332,1,Neutral,0.28143333333333337,41.0,v1.0,Hindi,Loan Application,1,0.0,0,Low,0.0,5.0,1.0,5.0,Premium,26-35,Home Loan
1753,e1077852-a52a-4101-ac2a-255fa6ccf990,25,2026-06-29 17:37:33,1,6.0,0.49216666666666664,2,Neutral,-0.042833333333333334,37.0,v1.0,Hindi,Payment Reminder,1,0.0,0,Low,0.0,3.0,1.0,2.0,Mass,36-45,Home Loan
6228,a8ad7413-e0f8-46cc-8615-8179b242212f,1248,2026-06-29 18:37:20,1,15.0,0.4472333333333333,2,Neutral,-0.21456666666666666,43.0,v1.0,English,Loan Application,1,0.0,0,Low,0.0,2.0,2.0,7.0,Mass,26-35,Credit Card
9962,472a5ad2-ccb4-4419-ac6d-05be65b36e1f,1332,2026-06-29 18:42:19,0,1.0,0.8250666666666667,1,Neutral,0.2990333333333333,46.0,v1.0,Tamil,Loan Collections,1,0.0,0,Low,0.0,6.0,1.0,2.0,Mass,18-25,Credit Card
4890,cc6628af-04e1-4370-826a-3550455bf854,828,2026-06-29 19:01:02,1,15.0,0.5405,2,Neutral,-0.18466666666666667,28.0,v1.0,Hindi,Lead Qualification,3,0.0,0,Low,0.0,6.0,1.0,6.0,High Value,36-45,Personal Loan
2826,958ac779-5bd9-4aef-a325-399ebd9b6938,1221,2026-06-29 19:20:57,1,4.0,0.5564,2,Neutral,-0.2757,33.0,v1.0,English,Customer Support,2,0.0,0,Low,0.0,5.0,1.0,1.0,High Value,18-25,Personal Loan
9902,11ed3968-d593-4258-b14a-b700360af608,630,2026-06-29 19:52:20,1,15.0,0.3101,1,Neutral,-0.25733333333333336,43.0,v1.0,Hindi,Customer Support,1,56.0,31-60,Medium,64936.08,0.0,0.0,0.0,Premium,36-45,Personal Loan
3089,b1e47570-9e1e-4435-8ed8-5f0dbe51f012,486,2026-06-29 19:52:27,0,10.0,0.9358,1,Positive,0.5698666666666666,42.0,v2.0,English,Loan Application,2,0.0,0,Low,0.0,3.0,1.0,2.0,Premium,36-45,Personal Loan
7153,12cdf728-9d1f-474a-93de-d1830c744009,1162,2026-06-30 08:02:24,0,13.0,0.9096000000000001,0,Positive,0.4698333333333333,26.0,v2.0,English,Insurance Renewal,2,0.0,0,Low,0.0,3.0,1.0,3.0,High Value,26-35,Credit Card
5954,c2baaffb-3011-415e-b2d3-52c21e28a72e,1989,2026-06-30 08:55:46,0,7.0,0.9226,0,Positive,0.6140333333333333,41.0,v2.0,English,Payment Reminder,1,0.0,0,Low,0.0,4.0,1.0,3.0,Premium,46-55,Credit Card
2890,43897e0f-2493-4af5-b9cb-8b543f91eb45,1785,2026-06-30 09:47:45,0,2.0,0.8039,1,Neutral,0.2571333333333334,35.0,v1.1,English,Payment Reminder,2,0.0,0,Low,0.0,6.0,3.0,11.0,Premium,26-35,Credit Card
5905,fc39b57a-cab6-447f-834d-068eb1758375,1828,2026-06-30 10:37:34,0,10.0,0.8274333333333334,1,Neutral,0.14463333333333334,23.0,v2.0,English,Lead Qualification,1,91.0,90+,High,45369.47,4.0,1.0,2.0,Premium,26-35,Home Loan
2780,7336a12d-7a4b-4cbb-8d54-5b117e5eeeaa,744,2026-06-30 11:57:57,1,7.0,0.6705333333333333,1,Neutral,-0.07253333333333334,28.0,v1.0,Telugu,Loan Collections,1,63.0,61-90,High,33388.33,4.0,0.0,2.0,Mass,36-45,Credit Card
7942,2f329c7f-907d-4426-8718-5bed415ccc20,717,2026-06-30 12:07:51,0,14.0,0.7897,0,Neutral,0.3872,34.0,v2.0,English,Loan Application,1,31.0,31-60,Medium,57585.06,3.0,0.0,1.0,Mass,46-55,Personal Loan
5413,5201d24d-fe77-46e4-a229-d54a92820d3a,1544,2026-06-30 12:11:20,0,5.0,0.8164333333333333,0,Neutral,0.3564,28.0,v1.1,English,Payment Reminder,2,63.0,61-90,High,66062.66,5.0,3.0,9.0,High Value,26-35,Auto Loan
759,16bf50a0-55c9-4f58-9e02-cd0080609155,433,2026-06-30 12:51:04,0,16.0,0.7773333333333333,0,Positive,0.16703333333333334,30.0,v1.0,English,Payment Reminder,1,0.0,0,Low,0.0,3.0,1.0,2.0,Mass,46-55,Personal Loan
462,4a816dd6-b3a1-4db3-8426-1eba3db2067e,1129,2026-06-30 14:15:06,0,1.0,0.8469000000000001,1,Neutral,0.45293333333333335,31.0,v1.0,Hindi,Loan Collections,2,0.0,0,Low,0.0,4.0,0.0,1.0,Mass,26-35,Credit Card
2774,9afe6669-7b7b-48ca-b0f4-ae05b1d1cfad,1548,2026-06-30 14:15:45,1,11.0,0.7632666666666666,0,Neutral,-0.10736666666666668,33.0,v1.0,Tamil,Customer Support,3,46.0,31-60,Medium,55979.78,4.0,1.0,5.0,Mass,36-45,Credit Card
5841,cad974d9-c3a0-4652-9b69-0262060119a5,145,2026-06-30 16:17:00,0,9.0,0.6477333333333334,1,Neutral,0.20433333333333334,32.0,v1.0,Hindi,Payment Reminder,2,0.0,0,Low,0.0,3.0,0.0,1.0,High Value,56-65,Credit Card
9682,8bc7a61d-8b2b-4e21-93b1-7e8e613878eb,753,2026-06-30 16:19:47,1,6.0,0.6631333333333332,2,Positive,0.058066666666666676,45.0,v1.1,English,Payment Reminder,3,0.0,0,Low,0.0,5.0,2.0,8.0,Mass,18-25,Personal Loan
9037,2c6e178c-b315-4330-b510-5845246b044f,120,2026-06-30 16:47:02,0,13.0,0.8827333333333334,0,Positive,0.6192000000000001,46.0,v1.1,English,Lead Qualification,2,0.0,0,Low,0.0,7.0,0.0,0.0,Mass,36-45,Auto Loan
8261,f7448a46-8a89-41c4-b30f-af15b64e30bf,1843,2026-06-30 17:05:36,0,5.0,0.8823,0,Positive,0.4023333333333334,40.0,v1.0,English,Loan Collections,1,0.0,0,Low,0.0,5.0,0.0,2.0,Mass,18-25,Personal Loan
